fecha,estado,total_delitos,total_accidentes,total_emergencias
2022-01-01,Baja California,1,56,57
2022-01-01,Baja California Sur,2,24,26
2022-01-01,Campeche,2,21,23
2022-01-01,Chiapas,1,6,7
2022-01-01,Chihuahua,1,75,76
2022-01-01,Coahuila de Zaragoza,1,36,37
2022-01-01,Colima,2,23,25
2022-01-01,Durango,2,20,22
2022-01-01,Guanajuato,2,70,72
2022-01-01,Guerrero,2,39,41
2022-01-01,Hidalgo,1,7,8
2022-01-01,Jalisco,4,32,36
2022-01-01,Michoacán de Ocampo,2,52,54
2022-01-01,México,2,76,78
2022-01-01,Puebla,2,36,38
2022-01-01,Quintana Roo,1,34,35
2022-01-01,San Luis Potosí,1,40,41
2022-01-01,Sinaloa,4,55,59
2022-01-01,Sonora,4,87,91
2022-01-01,Tamaulipas,4,48,52
2022-01-01,Tlaxcala,3,5,8
2022-01-01,Veracruz de Ignacio de la Llave,1,35,36
2022-01-01,Yucatán,2,27,29
2022-01-01,Zacatecas,1,17,18
2022-01-02,Aguascalientes,2,7,9
2022-01-02,Baja California,4,31,35
2022-01-02,Campeche,1,5,6
2022-01-02,Chiapas,2,4,6
2022-01-02,Chihuahua,2,51,53
2022-01-02,Coahuila de Zaragoza,2,26,28
2022-01-02,Durango,1,23,24
2022-01-02,Guerrero,1,23,24
2022-01-02,Hidalgo,1,2,3
2022-01-02,Jalisco,3,36,39
2022-01-02,Michoacán de Ocampo,4,34,38
2022-01-02,Morelos,2,10,12
2022-01-02,México,1,60,61
2022-01-02,Nayarit,1,5,6
2022-01-02,Nuevo León,1,85,86
2022-01-02,Oaxaca,3,7,10
2022-01-02,Puebla,1,24,25
2022-01-02,Querétaro,3,26,29
2022-01-02,Quintana Roo,1,21,22
2022-01-02,San Luis Potosí,2,18,20
2022-01-02,Sinaloa,1,12,13
2022-01-02,Sonora,2,46,48
2022-01-02,Tabasco,4,5,9
2022-01-02,Tamaulipas,2,29,31
2022-01-02,Veracruz de Ignacio de la Llave,1,17,18
2022-01-02,Yucatán,2,17,19
2022-01-02,Zacatecas,3,2,5
2022-01-03,Aguascalientes,1,11,12
2022-01-03,Baja California,4,26,30
2022-01-03,Baja California Sur,1,8,9
2022-01-03,Campeche,2,4,6
2022-01-03,Chiapas,1,8,9
2022-01-03,Chihuahua,2,58,60
2022-01-03,Durango,3,22,25
2022-01-03,Guanajuato,2,37,39
2022-01-03,Guerrero,2,10,12
2022-01-03,Hidalgo,1,8,9
2022-01-03,Jalisco,2,38,40
2022-01-03,Michoacán de Ocampo,2,45,47
2022-01-03,Morelos,3,29,32
2022-01-03,México,1,41,42
2022-01-03,Nayarit,4,7,11
2022-01-03,Nuevo León,1,130,131
2022-01-03,Oaxaca,1,16,17
2022-01-03,Puebla,3,20,23
2022-01-03,Querétaro,1,24,25
2022-01-03,Quintana Roo,1,18,19
2022-01-03,San Luis Potosí,1,20,21
2022-01-03,Tabasco,1,7,8
2022-01-03,Tamaulipas,1,31,32
2022-01-03,Tlaxcala,2,2,4
2022-01-03,Veracruz de Ignacio de la Llave,2,25,27
2022-01-03,Zacatecas,3,4,7
2022-01-04,Aguascalientes,1,12,13
2022-01-04,Baja California,2,31,33
2022-01-04,Baja California Sur,2,12,14
2022-01-04,Campeche,1,9,10
2022-01-04,Chiapas,1,9,10
2022-01-04,Chihuahua,1,51,52
2022-01-04,Coahuila de Zaragoza,2,22,24
2022-01-04,Durango,1,23,24
2022-01-04,Guanajuato,1,23,24
2022-01-04,Guerrero,1,20,21
2022-01-04,Hidalgo,2,6,8
2022-01-04,Jalisco,4,28,32
2022-01-04,Morelos,2,23,25
2022-01-04,México,3,63,66
2022-01-04,Nayarit,2,5,7
2022-01-04,Nuevo León,2,171,173
2022-01-04,Puebla,2,35,37
2022-01-04,Querétaro,1,28,29
2022-01-04,San Luis Potosí,2,21,23
2022-01-04,Sinaloa,1,9,10
2022-01-04,Sonora,1,61,62
2022-01-04,Tamaulipas,1,29,30
2022-01-04,Tlaxcala,2,6,8
2022-01-04,Veracruz de Ignacio de la Llave,1,26,27
2022-01-04,Yucatán,1,14,15
2022-01-05,Baja California,3,28,31
2022-01-05,Baja California Sur,2,7,9
2022-01-05,Chiapas,2,10,12
2022-01-05,Chihuahua,1,46,47
2022-01-05,Coahuila de Zaragoza,2,26,28
2022-01-05,Colima,2,29,31
2022-01-05,Durango,3,24,27
2022-01-05,Guanajuato,2,30,32
2022-01-05,Guerrero,2,19,21
2022-01-05,Jalisco,1,37,38
2022-01-05,Michoacán de Ocampo,1,50,51
2022-01-05,México,3,55,58
2022-01-05,Nuevo León,2,175,177
2022-01-05,Puebla,1,33,34
2022-01-05,Querétaro,2,37,39
2022-01-05,Quintana Roo,1,22,23
2022-01-05,San Luis Potosí,1,17,18
2022-01-05,Sinaloa,1,14,15
2022-01-05,Sonora,2,81,83
2022-01-05,Tamaulipas,2,34,36
2022-01-05,Tlaxcala,1,5,6
2022-01-05,Veracruz de Ignacio de la Llave,1,27,28
2022-01-06,Aguascalientes,3,6,9
2022-01-06,Baja California,2,30,32
2022-01-06,Baja California Sur,2,14,16
2022-01-06,Campeche,5,7,12
2022-01-06,Chiapas,2,8,10
2022-01-06,Chihuahua,2,52,54
2022-01-06,Colima,4,11,15
2022-01-06,Guanajuato,2,32,34
2022-01-06,Guerrero,3,13,16
2022-01-06,Hidalgo,1,8,9
2022-01-06,Nuevo León,2,129,131
2022-01-06,Oaxaca,2,13,15
2022-01-06,Puebla,1,19,20
2022-01-06,Querétaro,2,24,26
2022-01-06,Quintana Roo,2,15,17
2022-01-06,San Luis Potosí,2,20,22
2022-01-06,Sinaloa,1,19,20
2022-01-06,Tabasco,1,7,8
2022-01-06,Tamaulipas,2,30,32
2022-01-06,Tlaxcala,4,9,13
2022-01-06,Yucatán,1,16,17
2022-01-06,Zacatecas,2,5,7
2022-01-07,Aguascalientes,2,8,10
2022-01-07,Baja California,3,28,31
2022-01-07,Baja California Sur,1,19,20
2022-01-07,Campeche,2,8,10
2022-01-07,Chiapas,1,13,14
2022-01-07,Chihuahua,1,54,55
2022-01-07,Coahuila de Zaragoza,1,25,26
2022-01-07,Colima,3,17,20
2022-01-07,Durango,1,27,28
2022-01-07,Guanajuato,4,43,47
2022-01-07,Guerrero,1,17,18
2022-01-07,Hidalgo,2,7,9
2022-01-07,Morelos,1,32,33
2022-01-07,México,1,50,51
2022-01-07,Oaxaca,2,12,14
2022-01-07,Puebla,1,30,31
2022-01-07,Querétaro,3,23,26
2022-01-07,Sonora,4,55,59
2022-01-07,Tabasco,1,10,11
2022-01-07,Tamaulipas,3,29,32
2022-01-07,Tlaxcala,2,8,10
2022-01-07,Yucatán,2,15,17
2022-01-07,Zacatecas,1,5,6
2022-01-08,Aguascalientes,1,10,11
2022-01-08,Baja California,3,35,38
2022-01-08,Campeche,4,10,14
2022-01-08,Chiapas,2,14,16
2022-01-08,Chihuahua,7,62,69
2022-01-08,Coahuila de Zaragoza,2,29,31
2022-01-08,Colima,1,17,18
2022-01-08,Durango,2,19,21
2022-01-08,Guanajuato,3,45,48
2022-01-08,Guerrero,3,20,23
2022-01-08,Jalisco,1,39,40
2022-01-08,Michoacán de Ocampo,3,48,51
2022-01-08,México,1,56,57
2022-01-08,Oaxaca,2,18,20
2022-01-08,Querétaro,2,34,36
2022-01-08,Quintana Roo,2,13,15
2022-01-08,San Luis Potosí,1,16,17
2022-01-08,Sinaloa,2,21,23
2022-01-08,Tamaulipas,2,47,49
2022-01-08,Tlaxcala,1,5,6
2022-01-08,Veracruz de Ignacio de la Llave,2,22,24
2022-01-09,Aguascalientes,2,19,21
2022-01-09,Baja California,2,33,35
2022-01-09,Baja California Sur,2,10,12
2022-01-09,Campeche,2,5,7
2022-01-09,Chiapas,3,8,11
2022-01-09,Chihuahua,1,82,83
2022-01-09,Colima,4,9,13
2022-01-09,Durango,2,23,25
2022-01-09,Guanajuato,1,47,48
2022-01-09,Guerrero,3,12,15
2022-01-09,Hidalgo,1,9,10
2022-01-09,Jalisco,1,29,30
2022-01-09,Michoacán de Ocampo,2,44,46
2022-01-09,Morelos,1,34,35
2022-01-09,México,1,66,67
2022-01-09,Nayarit,1,8,9
2022-01-09,Puebla,2,36,38
2022-01-09,Quintana Roo,1,27,28
2022-01-09,San Luis Potosí,3,16,19
2022-01-09,Sinaloa,1,18,19
2022-01-09,Tlaxcala,1,3,4
2022-01-09,Veracruz de Ignacio de la Llave,2,18,20
2022-01-09,Zacatecas,2,10,12
2022-01-10,Aguascalientes,2,10,12
2022-01-10,Baja California,1,29,30
2022-01-10,Campeche,1,12,13
2022-01-10,Chihuahua,2,62,64
2022-01-10,Coahuila de Zaragoza,3,30,33
2022-01-10,Colima,2,10,12
2022-01-10,Durango,1,18,19
2022-01-10,Guanajuato,2,31,33
2022-01-10,Guerrero,3,26,29
2022-01-10,Hidalgo,3,9,12
2022-01-10,México,1,48,49
2022-01-10,Nayarit,2,6,8
2022-01-10,Nuevo León,2,144,146
2022-01-10,Puebla,1,32,33
2022-01-10,Querétaro,1,26,27
2022-01-10,San Luis Potosí,2,19,21
2022-01-10,Sinaloa,2,20,22
2022-01-10,Tabasco,7,5,12
2022-01-10,Tamaulipas,3,27,30
2022-01-10,Tlaxcala,2,9,11
2022-01-10,Yucatán,2,11,13
2022-01-10,Zacatecas,2,2,4
2022-01-11,Aguascalientes,3,8,11
2022-01-11,Baja California,2,28,30
2022-01-11,Campeche,4,7,11
2022-01-11,Chiapas,1,9,10
2022-01-11,Coahuila de Zaragoza,1,19,20
2022-01-11,Colima,3,10,13
2022-01-11,Guerrero,2,23,25
2022-01-11,Hidalgo,1,3,4
2022-01-11,Michoacán de Ocampo,1,43,44
2022-01-11,Morelos,1,12,13
2022-01-11,México,1,62,63
2022-01-11,Nayarit,2,9,11
2022-01-11,Nuevo León,1,147,148
2022-01-11,Oaxaca,1,12,13
2022-01-11,Puebla,1,48,49
2022-01-11,Querétaro,2,24,26
2022-01-11,Quintana Roo,2,19,21
2022-01-11,San Luis Potosí,1,17,18
2022-01-11,Sinaloa,3,10,13
2022-01-11,Sonora,1,71,72
2022-01-11,Tabasco,1,4,5
2022-01-11,Tamaulipas,1,33,34
2022-01-11,Tlaxcala,1,6,7
2022-01-11,Veracruz de Ignacio de la Llave,1,15,16
2022-01-11,Zacatecas,1,4,5
2022-01-12,Aguascalientes,2,4,6
2022-01-12,Baja California,3,26,29
2022-01-12,Baja California Sur,2,22,24
2022-01-12,Campeche,5,11,16
2022-01-12,Chiapas,1,10,11
2022-01-12,Coahuila de Zaragoza,1,23,24
2022-01-12,Colima,2,12,14
2022-01-12,Guanajuato,1,35,36
2022-01-12,Guerrero,2,12,14
2022-01-12,Hidalgo,2,7,9
2022-01-12,Jalisco,2,25,27
2022-01-12,Michoacán de Ocampo,3,47,50
2022-01-12,Morelos,4,17,21
2022-01-12,México,2,37,39
2022-01-12,Nayarit,2,3,5
2022-01-12,Nuevo León,1,139,140
2022-01-12,Puebla,1,27,28
2022-01-12,Querétaro,1,34,35
2022-01-12,Quintana Roo,1,22,23
2022-01-12,San Luis Potosí,1,17,18
2022-01-12,Sinaloa,3,21,24
2022-01-12,Sonora,1,48,49
2022-01-12,Tlaxcala,1,2,3
2022-01-12,Yucatán,2,22,24
2022-01-12,Zacatecas,1,5,6
2022-01-13,Aguascalientes,1,6,7
2022-01-13,Baja California,1,22,23
2022-01-13,Baja California Sur,2,5,7
2022-01-13,Chiapas,3,10,13
2022-01-13,Chihuahua,2,56,58
2022-01-13,Coahuila de Zaragoza,3,21,24
2022-01-13,Colima,1,10,11
2022-01-13,Durango,1,20,21
2022-01-13,Guanajuato,2,36,38
2022-01-13,Guerrero,1,14,15
2022-01-13,Jalisco,4,20,24
2022-01-13,Michoacán de Ocampo,2,41,43
2022-01-13,Morelos,2,24,26
2022-01-13,Nayarit,1,6,7
2022-01-13,Nuevo León,3,197,200
2022-01-13,Oaxaca,5,11,16
2022-01-13,Querétaro,1,25,26
2022-01-13,San Luis Potosí,4,14,18
2022-01-13,Sinaloa,1,17,18
2022-01-13,Sonora,2,66,68
2022-01-13,Tabasco,1,2,3
2022-01-13,Tamaulipas,1,25,26
2022-01-13,Tlaxcala,1,6,7
2022-01-13,Yucatán,5,15,20
2022-01-13,Zacatecas,2,8,10
2022-01-14,Aguascalientes,1,9,10
2022-01-14,Baja California,2,31,33
2022-01-14,Campeche,2,13,15
2022-01-14,Chiapas,3,14,17
2022-01-14,Chihuahua,2,54,56
2022-01-14,Coahuila de Zaragoza,1,29,30
2022-01-14,Colima,1,14,15
2022-01-14,Durango,1,25,26
2022-01-14,Guanajuato,1,44,45
2022-01-14,Guerrero,1,14,15
2022-01-14,Jalisco,1,39,40
2022-01-14,Michoacán de Ocampo,2,53,55
2022-01-14,Morelos,2,19,21
2022-01-14,México,1,53,54
2022-01-14,Nayarit,1,7,8
2022-01-14,Nuevo León,1,211,212
2022-01-14,Oaxaca,1,14,15
2022-01-14,Puebla,1,29,30
2022-01-14,Querétaro,1,37,38
2022-01-14,Quintana Roo,1,19,20
2022-01-14,San Luis Potosí,2,20,22
2022-01-14,Sinaloa,3,12,15
2022-01-14,Tabasco,3,5,8
2022-01-14,Tamaulipas,3,28,31
2022-01-14,Tlaxcala,1,13,14
2022-01-14,Veracruz de Ignacio de la Llave,3,26,29
2022-01-14,Yucatán,1,28,29
2022-01-14,Zacatecas,1,3,4
2022-01-15,Baja California,2,46,48
2022-01-15,Baja California Sur,2,18,20
2022-01-15,Chiapas,1,12,13
2022-01-15,Chihuahua,1,74,75
2022-01-15,Coahuila de Zaragoza,2,40,42
2022-01-15,Durango,1,26,27
2022-01-15,Guanajuato,3,50,53
2022-01-15,Hidalgo,2,13,15
2022-01-15,Michoacán de Ocampo,4,50,54
2022-01-15,Morelos,2,26,28
2022-01-15,México,1,65,66
2022-01-15,Nayarit,2,5,7
2022-01-15,Nuevo León,3,187,190
2022-01-15,Puebla,2,42,44
2022-01-15,Querétaro,2,38,40
2022-01-15,Quintana Roo,1,26,27
2022-01-15,Sinaloa,2,23,25
2022-01-15,Sonora,3,71,74
2022-01-15,Tabasco,2,17,19
2022-01-15,Tamaulipas,1,39,40
2022-01-15,Tlaxcala,1,6,7
2022-01-15,Yucatán,1,25,26
2022-01-15,Zacatecas,1,4,5
2022-01-16,Baja California,4,31,35
2022-01-16,Baja California Sur,2,8,10
2022-01-16,Campeche,3,9,12
2022-01-16,Chihuahua,2,45,47
2022-01-16,Colima,1,16,17
2022-01-16,Guerrero,2,29,31
2022-01-16,Hidalgo,1,4,5
2022-01-16,Jalisco,2,29,31
2022-01-16,Michoacán de Ocampo,1,59,60
2022-01-16,Morelos,2,32,34
2022-01-16,México,2,57,59
2022-01-16,Oaxaca,2,8,10
2022-01-16,Quintana Roo,1,25,26
2022-01-16,San Luis Potosí,5,11,16
2022-01-16,Sonora,3,43,46
2022-01-16,Tabasco,3,4,7
2022-01-16,Tamaulipas,2,27,29
2022-01-16,Tlaxcala,4,5,9
2022-01-16,Veracruz de Ignacio de la Llave,3,20,23
2022-01-16,Zacatecas,1,11,12
2022-01-17,Aguascalientes,2,12,14
2022-01-17,Baja California Sur,4,21,25
2022-01-17,Campeche,1,6,7
2022-01-17,Chiapas,1,6,7
2022-01-17,Chihuahua,1,61,62
2022-01-17,Coahuila de Zaragoza,1,32,33
2022-01-17,Colima,3,15,18
2022-01-17,Durango,2,30,32
2022-01-17,Guanajuato,2,46,48
2022-01-17,Guerrero,1,9,10
2022-01-17,Hidalgo,1,5,6
2022-01-17,Jalisco,2,42,44
2022-01-17,Michoacán de Ocampo,1,47,48
2022-01-17,Morelos,2,34,36
2022-01-17,México,1,54,55
2022-01-17,Nayarit,2,5,7
2022-01-17,Nuevo León,2,180,182
2022-01-17,Oaxaca,2,16,18
2022-01-17,Puebla,2,27,29
2022-01-17,Querétaro,3,23,26
2022-01-17,Quintana Roo,1,19,20
2022-01-17,San Luis Potosí,2,17,19
2022-01-17,Sinaloa,2,10,12
2022-01-17,Sonora,1,55,56
2022-01-17,Tabasco,1,6,7
2022-01-17,Tamaulipas,2,30,32
2022-01-17,Tlaxcala,2,8,10
2022-01-17,Veracruz de Ignacio de la Llave,1,19,20
2022-01-17,Yucatán,1,15,16
2022-01-17,Zacatecas,2,4,6
2022-01-18,Aguascalientes,1,13,14
2022-01-18,Baja California,2,33,35
2022-01-18,Baja California Sur,1,7,8
2022-01-18,Campeche,1,9,10
2022-01-18,Chiapas,2,6,8
2022-01-18,Coahuila de Zaragoza,2,27,29
2022-01-18,Colima,1,8,9
2022-01-18,Guerrero,2,10,12
2022-01-18,Hidalgo,1,4,5
2022-01-18,Jalisco,1,34,35
2022-01-18,Michoacán de Ocampo,1,30,31
2022-01-18,México,2,41,43
2022-01-18,Nayarit,1,3,4
2022-01-18,Nuevo León,1,186,187
2022-01-18,Oaxaca,1,9,10
2022-01-18,Querétaro,3,27,30
2022-01-18,Quintana Roo,3,13,16
2022-01-18,Sinaloa,1,14,15
2022-01-18,Sonora,2,45,47
2022-01-18,Tabasco,1,8,9
2022-01-18,Veracruz de Ignacio de la Llave,1,14,15
2022-01-18,Yucatán,1,14,15
2022-01-18,Zacatecas,2,8,10
2022-01-19,Aguascalientes,1,11,12
2022-01-19,Baja California,1,30,31
2022-01-19,Baja California Sur,2,3,5
2022-01-19,Campeche,2,7,9
2022-01-19,Chihuahua,1,39,40
2022-01-19,Coahuila de Zaragoza,1,19,20
2022-01-19,Colima,3,12,15
2022-01-19,Durango,3,15,18
2022-01-19,Guanajuato,2,33,35
2022-01-19,Guerrero,2,20,22
2022-01-19,Jalisco,1,28,29
2022-01-19,Michoacán de Ocampo,1,47,48
2022-01-19,Morelos,2,24,26
2022-01-19,Nayarit,3,2,5
2022-01-19,Nuevo León,2,190,192
2022-01-19,Oaxaca,1,11,12
2022-01-19,Querétaro,3,30,33
2022-01-19,Sinaloa,1,14,15
2022-01-19,Tabasco,1,10,11
2022-01-19,Tamaulipas,1,18,19
2022-01-19,Tlaxcala,2,4,6
2022-01-19,Veracruz de Ignacio de la Llave,2,21,23
2022-01-19,Yucatán,2,10,12
2022-01-20,Aguascalientes,1,7,8
2022-01-20,Baja California,1,39,40
2022-01-20,Baja California Sur,3,10,13
2022-01-20,Campeche,1,8,9
2022-01-20,Chihuahua,3,48,51
2022-01-20,Coahuila de Zaragoza,1,25,26
2022-01-20,Colima,1,14,15
2022-01-20,Guanajuato,2,35,37
2022-01-20,Hidalgo,3,8,11
2022-01-20,Morelos,4,20,24
2022-01-20,México,1,39,40
2022-01-20,Nuevo León,1,173,174
2022-01-20,Oaxaca,1,14,15
2022-01-20,Querétaro,3,17,20
2022-01-20,San Luis Potosí,1,12,13
2022-01-20,Sinaloa,1,11,12
2022-01-20,Sonora,3,47,50
2022-01-20,Tabasco,3,7,10
2022-01-20,Tamaulipas,1,30,31
2022-01-20,Tlaxcala,2,3,5
2022-01-20,Veracruz de Ignacio de la Llave,1,23,24
2022-01-20,Zacatecas,2,5,7
2022-01-21,Aguascalientes,3,9,12
2022-01-21,Chihuahua,3,57,60
2022-01-21,Colima,2,13,15
2022-01-21,Durango,3,24,27
2022-01-21,Guerrero,1,16,17
2022-01-21,Hidalgo,1,8,9
2022-01-21,Jalisco,2,22,24
2022-01-21,Michoacán de Ocampo,2,47,49
2022-01-21,Morelos,3,25,28
2022-01-21,México,3,56,59
2022-01-21,Nayarit,2,4,6
2022-01-21,Nuevo León,4,159,163
2022-01-21,Oaxaca,1,17,18
2022-01-21,Quintana Roo,2,16,18
2022-01-21,Sinaloa,3,4,7
2022-01-21,Sonora,1,62,63
2022-01-21,Tabasco,1,2,3
2022-01-21,Tamaulipas,2,19,21
2022-01-21,Tlaxcala,2,7,9
2022-01-21,Veracruz de Ignacio de la Llave,1,25,26
2022-01-21,Yucatán,1,20,21
2022-01-21,Zacatecas,1,7,8
2022-01-22,Aguascalientes,4,16,20
2022-01-22,Baja California,2,42,44
2022-01-22,Baja California Sur,1,12,13
2022-01-22,Campeche,2,10,12
2022-01-22,Chiapas,1,11,12
2022-01-22,Chihuahua,2,67,69
2022-01-22,Hidalgo,2,6,8
2022-01-22,Jalisco,3,41,44
2022-01-22,Nayarit,1,7,8
2022-01-22,Nuevo León,1,186,187
2022-01-22,Querétaro,1,32,33
2022-01-22,Quintana Roo,1,29,30
2022-01-22,San Luis Potosí,3,18,21
2022-01-22,Sinaloa,3,13,16
2022-01-22,Sonora,7,38,45
2022-01-22,Tamaulipas,1,36,37
2022-01-22,Tlaxcala,2,4,6
2022-01-22,Yucatán,2,18,20
2022-01-22,Zacatecas,4,8,12
2022-01-23,Aguascalientes,1,19,20
2022-01-23,Baja California,1,31,32
2022-01-23,Baja California Sur,2,15,17
2022-01-23,Chiapas,1,10,11
2022-01-23,Chihuahua,1,64,65
2022-01-23,Coahuila de Zaragoza,1,24,25
2022-01-23,Colima,1,12,13
2022-01-23,Durango,3,21,24
2022-01-23,Guanajuato,1,64,65
2022-01-23,Hidalgo,4,6,10
2022-01-23,Michoacán de Ocampo,1,53,54
2022-01-23,México,2,63,65
2022-01-23,Nuevo León,2,159,161
2022-01-23,Puebla,2,19,21
2022-01-23,Querétaro,3,27,30
2022-01-23,Quintana Roo,1,25,26
2022-01-23,San Luis Potosí,1,22,23
2022-01-23,Tabasco,1,9,10
2022-01-23,Tamaulipas,2,36,38
2022-01-23,Veracruz de Ignacio de la Llave,1,27,28
2022-01-23,Yucatán,3,27,30
2022-01-23,Zacatecas,1,10,11
2022-01-24,Aguascalientes,2,5,7
2022-01-24,Campeche,2,7,9
2022-01-24,Chiapas,2,9,11
2022-01-24,Chihuahua,1,62,63
2022-01-24,Coahuila de Zaragoza,1,15,16
2022-01-24,Colima,4,11,15
2022-01-24,Guanajuato,2,41,43
2022-01-24,Guerrero,1,12,13
2022-01-24,Hidalgo,1,4,5
2022-01-24,Michoacán de Ocampo,5,36,41
2022-01-24,Morelos,1,20,21
2022-01-24,México,2,55,57
2022-01-24,Nuevo León,2,141,143
2022-01-24,Oaxaca,2,15,17
2022-01-24,Puebla,3,20,23
2022-01-24,Querétaro,4,25,29
2022-01-24,San Luis Potosí,1,17,18
2022-01-24,Sinaloa,2,9,11
2022-01-24,Sonora,2,60,62
2022-01-24,Tabasco,5,6,11
2022-01-24,Tamaulipas,1,34,35
2022-01-24,Veracruz de Ignacio de la Llave,1,27,28
2022-01-24,Yucatán,4,24,28
2022-01-24,Zacatecas,1,5,6
2022-01-25,Aguascalientes,1,4,5
2022-01-25,Baja California,3,33,36
2022-01-25,Baja California Sur,2,12,14
2022-01-25,Chiapas,4,11,15
2022-01-25,Chihuahua,1,56,57
2022-01-25,Coahuila de Zaragoza,3,23,26
2022-01-25,Durango,1,21,22
2022-01-25,Guerrero,2,6,8
2022-01-25,Jalisco,1,27,28
2022-01-25,Michoacán de Ocampo,1,37,38
2022-01-25,Morelos,1,21,22
2022-01-25,México,1,31,32
2022-01-25,Nayarit,3,4,7
2022-01-25,Nuevo León,1,171,172
2022-01-25,Oaxaca,1,13,14
2022-01-25,Puebla,1,31,32
2022-01-25,Querétaro,1,22,23
2022-01-25,Quintana Roo,2,21,23
2022-01-25,Sinaloa,1,13,14
2022-01-25,Tabasco,1,9,10
2022-01-25,Tamaulipas,1,26,27
2022-01-25,Tlaxcala,2,3,5
2022-01-25,Veracruz de Ignacio de la Llave,3,33,36
2022-01-25,Yucatán,2,16,18
2022-01-26,Aguascalientes,2,4,6
2022-01-26,Baja California,2,25,27
2022-01-26,Campeche,2,7,9
2022-01-26,Chiapas,1,10,11
2022-01-26,Coahuila de Zaragoza,1,22,23
2022-01-26,Colima,1,18,19
2022-01-26,Guanajuato,1,32,33
2022-01-26,Guerrero,5,13,18
2022-01-26,Hidalgo,2,5,7
2022-01-26,Jalisco,1,32,33
2022-01-26,Michoacán de Ocampo,5,33,38
2022-01-26,Morelos,5,31,36
2022-01-26,México,3,40,43
2022-01-26,Nayarit,1,2,3
2022-01-26,Nuevo León,3,162,165
2022-01-26,Oaxaca,3,8,11
2022-01-26,Querétaro,1,13,14
2022-01-26,Quintana Roo,1,12,13
2022-01-26,San Luis Potosí,4,19,23
2022-01-26,Sinaloa,1,14,15
2022-01-26,Sonora,2,43,45
2022-01-26,Tabasco,1,9,10
2022-01-26,Tamaulipas,3,35,38
2022-01-26,Veracruz de Ignacio de la Llave,1,32,33
2022-01-26,Zacatecas,3,2,5
2022-01-27,Aguascalientes,2,3,5
2022-01-27,Baja California,2,22,24
2022-01-27,Baja California Sur,1,10,11
2022-01-27,Campeche,1,10,11
2022-01-27,Coahuila de Zaragoza,2,27,29
2022-01-27,Colima,1,13,14
2022-01-27,Durango,1,25,26
2022-01-27,Guanajuato,1,30,31
2022-01-27,Guerrero,2,16,18
2022-01-27,Jalisco,2,29,31
2022-01-27,Morelos,2,23,25
2022-01-27,Nuevo León,2,169,171
2022-01-27,Puebla,1,28,29
2022-01-27,Quintana Roo,2,16,18
2022-01-27,San Luis Potosí,3,23,26
2022-01-27,Sinaloa,1,12,13
2022-01-27,Sonora,1,65,66
2022-01-27,Tabasco,2,7,9
2022-01-27,Tamaulipas,2,20,22
2022-01-27,Veracruz de Ignacio de la Llave,3,30,33
2022-01-27,Yucatán,2,24,26
2022-01-27,Zacatecas,2,5,7
2022-01-28,Aguascalientes,1,13,14
2022-01-28,Campeche,4,12,16
2022-01-28,Chiapas,1,109,110
2022-01-28,Chihuahua,1,73,74
2022-01-28,Colima,1,21,22
2022-01-28,Durango,1,31,32
2022-01-28,Guanajuato,3,47,50
2022-01-28,Guerrero,2,45,47
2022-01-28,Jalisco,1,99,100
2022-01-28,Morelos,1,37,38
2022-01-28,México,2,50,52
2022-01-28,Nayarit,1,7,8
2022-01-28,Nuevo León,3,204,207
2022-01-28,Oaxaca,3,532,535
2022-01-28,Puebla,5,193,198
2022-01-28,Querétaro,2,33,35
2022-01-28,Quintana Roo,1,14,15
2022-01-28,Sinaloa,1,14,15
2022-01-28,Sonora,1,98,99
2022-01-28,Tabasco,2,12,14
2022-01-28,Tamaulipas,1,48,49
2022-01-28,Tlaxcala,1,30,31
2022-01-28,Veracruz de Ignacio de la Llave,1,151,152
2022-01-28,Yucatán,1,36,37
2022-01-28,Zacatecas,2,16,18
2022-01-29,Baja California,2,31,33
2022-01-29,Baja California Sur,1,26,27
2022-01-29,Chihuahua,2,77,79
2022-01-29,Coahuila de Zaragoza,3,30,33
2022-01-29,Colima,1,14,15
2022-01-29,Durango,1,21,22
2022-01-29,Guanajuato,1,54,55
2022-01-29,Guerrero,2,18,20
2022-01-29,Hidalgo,1,7,8
2022-01-29,Jalisco,1,40,41
2022-01-29,Morelos,1,27,28
2022-01-29,México,2,59,61
2022-01-29,Nayarit,1,9,10
2022-01-29,Oaxaca,2,14,16
2022-01-29,Puebla,1,41,42
2022-01-29,Querétaro,2,42,44
2022-01-29,Quintana Roo,5,23,28
2022-01-29,San Luis Potosí,1,29,30
2022-01-29,Sinaloa,1,17,18
2022-01-29,Sonora,1,73,74
2022-01-29,Tabasco,1,5,6
2022-01-29,Tamaulipas,3,39,42
2022-01-29,Tlaxcala,1,10,11
2022-01-30,Aguascalientes,2,17,19
2022-01-30,Baja California,1,31,32
2022-01-30,Baja California Sur,1,10,11
2022-01-30,Campeche,3,5,8
2022-01-30,Chiapas,2,5,7
2022-01-30,Chihuahua,1,90,91
2022-01-30,Coahuila de Zaragoza,4,34,38
2022-01-30,Durango,1,29,30
2022-01-30,Guanajuato,1,51,52
2022-01-30,Guerrero,2,24,26
2022-01-30,Hidalgo,2,5,7
2022-01-30,Jalisco,2,40,42
2022-01-30,Michoacán de Ocampo,1,56,57
2022-01-30,Morelos,1,29,30
2022-01-30,México,3,72,75
2022-01-30,Nuevo León,1,139,140
2022-01-30,San Luis Potosí,2,32,34
2022-01-30,Sinaloa,4,22,26
2022-01-30,Sonora,3,59,62
2022-01-30,Tabasco,1,11,12
2022-01-30,Veracruz de Ignacio de la Llave,1,26,27
2022-01-30,Zacatecas,2,7,9
2022-01-31,Aguascalientes,1,14,15
2022-01-31,Baja California,1,25,26
2022-01-31,Baja California Sur,1,16,17
2022-01-31,Coahuila de Zaragoza,4,34,38
2022-01-31,Colima,2,23,25
2022-01-31,Durango,3,26,29
2022-01-31,Guanajuato,1,35,36
2022-01-31,Guerrero,2,15,17
2022-01-31,Hidalgo,1,8,9
2022-01-31,Jalisco,3,36,39
2022-01-31,Michoacán de Ocampo,2,52,54
2022-01-31,Morelos,2,21,23
2022-01-31,México,2,39,41
2022-01-31,Nayarit,3,5,8
2022-01-31,Nuevo León,2,184,186
2022-01-31,Oaxaca,1,15,16
2022-01-31,Puebla,3,36,39
2022-01-31,Querétaro,1,32,33
2022-01-31,Quintana Roo,3,14,17
2022-01-31,Sinaloa,3,17,20
2022-01-31,Sonora,3,76,79
2022-01-31,Tamaulipas,4,40,44
2022-01-31,Tlaxcala,1,8,9
2022-01-31,Veracruz de Ignacio de la Llave,2,33,35
2022-01-31,Zacatecas,1,3,4
2022-02-01,Baja California Sur,1,17,18
2022-02-01,Campeche,3,11,14
2022-02-01,Chiapas,1,12,13
2022-02-01,Coahuila de Zaragoza,1,48,49
2022-02-01,Colima,1,25,26
2022-02-01,Durango,1,32,33
2022-02-01,Hidalgo,1,5,6
2022-02-01,Jalisco,1,44,45
2022-02-01,Michoacán de Ocampo,2,41,43
2022-02-01,Morelos,1,37,38
2022-02-01,Nayarit,1,9,10
2022-02-01,Oaxaca,1,17,18
2022-02-01,Querétaro,1,28,29
2022-02-01,Quintana Roo,2,24,26
2022-02-01,Sinaloa,2,24,26
2022-02-01,Tabasco,1,11,12
2022-02-01,Tamaulipas,1,34,35
2022-02-01,Tlaxcala,1,12,13
2022-02-01,Veracruz de Ignacio de la Llave,1,20,21
2022-02-01,Yucatán,1,15,16
2022-02-01,Zacatecas,1,15,16
2022-02-02,Aguascalientes,2,7,9
2022-02-02,Baja California,2,33,35
2022-02-02,Coahuila de Zaragoza,2,26,28
2022-02-02,Colima,1,18,19
2022-02-02,Durango,3,20,23
2022-02-02,Guanajuato,1,27,28
2022-02-02,Guerrero,1,15,16
2022-02-02,Hidalgo,2,10,12
2022-02-02,Jalisco,1,40,41
2022-02-02,Morelos,1,21,22
2022-02-02,México,2,65,67
2022-02-02,Nayarit,1,10,11
2022-02-02,Nuevo León,2,194,196
2022-02-02,Oaxaca,5,10,15
2022-02-02,Puebla,4,26,30
2022-02-02,Querétaro,1,20,21
2022-02-02,Sonora,1,52,53
2022-02-02,Tamaulipas,1,29,30
2022-02-02,Tlaxcala,2,5,7
2022-02-02,Veracruz de Ignacio de la Llave,4,29,33
2022-02-02,Yucatán,2,24,26
2022-02-03,Aguascalientes,2,4,6
2022-02-03,Campeche,1,7,8
2022-02-03,Chiapas,3,7,10
2022-02-03,Colima,1,14,15
2022-02-03,Durango,2,30,32
2022-02-03,Guanajuato,3,29,32
2022-02-03,Guerrero,1,24,25
2022-02-03,Hidalgo,1,9,10
2022-02-03,Jalisco,1,38,39
2022-02-03,Michoacán de Ocampo,4,34,38
2022-02-03,Morelos,1,17,18
2022-02-03,México,2,45,47
2022-02-03,Nayarit,4,4,8
2022-02-03,Nuevo León,2,175,177
2022-02-03,Oaxaca,1,12,13
2022-02-03,Puebla,1,34,35
2022-02-03,Quintana Roo,4,17,21
2022-02-03,San Luis Potosí,1,23,24
2022-02-03,Sinaloa,3,14,17
2022-02-03,Sonora,2,37,39
2022-02-03,Tamaulipas,1,27,28
2022-02-03,Tlaxcala,2,7,9
2022-02-03,Veracruz de Ignacio de la Llave,1,22,23
2022-02-03,Yucatán,2,23,25
2022-02-04,Aguascalientes,2,16,18
2022-02-04,Baja California,1,42,43
2022-02-04,Baja California Sur,4,15,19
2022-02-04,Chihuahua,2,67,69
2022-02-04,Coahuila de Zaragoza,1,19,20
2022-02-04,Colima,1,24,25
2022-02-04,Durango,2,32,34
2022-02-04,Guanajuato,3,44,47
2022-02-04,Guerrero,1,17,18
2022-02-04,Hidalgo,1,7,8
2022-02-04,Michoacán de Ocampo,1,41,42
2022-02-04,México,1,57,58
2022-02-04,Nayarit,2,9,11
2022-02-04,Nuevo León,1,146,147
2022-02-04,Oaxaca,1,13,14
2022-02-04,Puebla,2,35,37
2022-02-04,Quintana Roo,4,25,29
2022-02-04,San Luis Potosí,2,22,24
2022-02-04,Sinaloa,1,14,15
2022-02-04,Sonora,1,62,63
2022-02-04,Tabasco,2,9,11
2022-02-04,Tamaulipas,1,36,37
2022-02-04,Tlaxcala,2,5,7
2022-02-04,Veracruz de Ignacio de la Llave,2,27,29
2022-02-04,Yucatán,1,26,27
2022-02-05,Baja California,1,46,47
2022-02-05,Baja California Sur,1,19,20
2022-02-05,Chiapas,1,12,13
2022-02-05,Chihuahua,1,84,85
2022-02-05,Coahuila de Zaragoza,3,28,31
2022-02-05,Colima,2,14,16
2022-02-05,Durango,1,25,26
2022-02-05,Guanajuato,1,60,61
2022-02-05,Guerrero,1,28,29
2022-02-05,Hidalgo,1,10,11
2022-02-05,Jalisco,2,38,40
2022-02-05,Michoacán de Ocampo,2,59,61
2022-02-05,Nayarit,2,10,12
2022-02-05,Nuevo León,2,175,177
2022-02-05,Puebla,2,35,37
2022-02-05,Quintana Roo,1,23,24
2022-02-05,San Luis Potosí,2,26,28
2022-02-05,Sinaloa,1,27,28
2022-02-05,Sonora,1,91,92
2022-02-05,Tabasco,3,10,13
2022-02-05,Tamaulipas,2,43,45
2022-02-05,Tlaxcala,2,3,5
2022-02-05,Veracruz de Ignacio de la Llave,4,27,31
2022-02-05,Yucatán,1,24,25
2022-02-05,Zacatecas,2,8,10
2022-02-06,Aguascalientes,1,19,20
2022-02-06,Chihuahua,2,69,71
2022-02-06,Coahuila de Zaragoza,3,41,44
2022-02-06,Colima,6,21,27
2022-02-06,Durango,1,25,26
2022-02-06,Guanajuato,2,58,60
2022-02-06,Guerrero,3,20,23
2022-02-06,Michoacán de Ocampo,2,48,50
2022-02-06,México,1,67,68
2022-02-06,Nayarit,2,7,9
2022-02-06,Nuevo León,1,141,142
2022-02-06,Puebla,5,34,39
2022-02-06,Querétaro,1,39,40
2022-02-06,Quintana Roo,1,17,18
2022-02-06,San Luis Potosí,3,31,34
2022-02-06,Sinaloa,2,28,30
2022-02-06,Tabasco,1,5,6
2022-02-06,Tamaulipas,2,48,50
2022-02-06,Tlaxcala,1,4,5
2022-02-06,Veracruz de Ignacio de la Llave,3,27,30
2022-02-07,Aguascalientes,2,12,14
2022-02-07,Baja California,3,35,38
2022-02-07,Baja California Sur,1,13,14
2022-02-07,Campeche,3,4,7
2022-02-07,Chiapas,1,8,9
2022-02-07,Chihuahua,2,52,54
2022-02-07,Coahuila de Zaragoza,2,16,18
2022-02-07,Colima,2,14,16
2022-02-07,Durango,2,19,21
2022-02-07,Guerrero,1,11,12
2022-02-07,Hidalgo,1,12,13
2022-02-07,Michoacán de Ocampo,2,47,49
2022-02-07,Morelos,3,22,25
2022-02-07,México,3,41,44
2022-02-07,Nayarit,2,2,4
2022-02-07,Oaxaca,1,11,12
2022-02-07,Puebla,1,27,28
2022-02-07,Quintana Roo,3,12,15
2022-02-07,San Luis Potosí,2,22,24
2022-02-07,Sinaloa,1,14,15
2022-02-07,Sonora,3,55,58
2022-02-07,Tabasco,2,5,7
2022-02-07,Tamaulipas,3,32,35
2022-02-07,Veracruz de Ignacio de la Llave,1,17,18
2022-02-07,Yucatán,1,21,22
2022-02-08,Aguascalientes,1,11,12
2022-02-08,Baja California,2,38,40
2022-02-08,Baja California Sur,2,8,10
2022-02-08,Campeche,2,9,11
2022-02-08,Chihuahua,2,47,49
2022-02-08,Coahuila de Zaragoza,2,30,32
2022-02-08,Colima,1,16,17
2022-02-08,Durango,2,27,29
2022-02-08,Guanajuato,2,41,43
2022-02-08,Guerrero,1,18,19
2022-02-08,Hidalgo,1,2,3
2022-02-08,Jalisco,4,40,44
2022-02-08,Morelos,1,14,15
2022-02-08,México,2,56,58
2022-02-08,Nayarit,1,6,7
2022-02-08,Puebla,1,33,34
2022-02-08,Querétaro,1,24,25
2022-02-08,Quintana Roo,1,18,19
2022-02-08,San Luis Potosí,2,23,25
2022-02-08,Tabasco,1,3,4
2022-02-08,Tlaxcala,1,7,8
2022-02-08,Yucatán,1,12,13
2022-02-08,Zacatecas,2,6,8
2022-02-09,Baja California Sur,2,5,7
2022-02-09,Campeche,1,6,7
2022-02-09,Chiapas,2,8,10
2022-02-09,Chihuahua,3,62,65
2022-02-09,Coahuila de Zaragoza,2,32,34
2022-02-09,Colima,1,14,15
2022-02-09,Durango,1,19,20
2022-02-09,Guanajuato,2,30,32
2022-02-09,Guerrero,1,23,24
2022-02-09,Hidalgo,2,6,8
2022-02-09,Jalisco,1,33,34
2022-02-09,Morelos,4,24,28
2022-02-09,México,1,51,52
2022-02-09,Nayarit,3,7,10
2022-02-09,Nuevo León,3,189,192
2022-02-09,Oaxaca,2,11,13
2022-02-09,Puebla,1,25,26
2022-02-09,Quintana Roo,1,19,20
2022-02-09,San Luis Potosí,4,21,25
2022-02-09,Sinaloa,3,15,18
2022-02-09,Tabasco,2,4,6
2022-02-09,Tamaulipas,3,41,44
2022-02-09,Veracruz de Ignacio de la Llave,1,28,29
2022-02-09,Yucatán,2,11,13
2022-02-09,Zacatecas,1,7,8
2022-02-10,Aguascalientes,5,12,17
2022-02-10,Baja California,1,48,49
2022-02-10,Campeche,2,8,10
2022-02-10,Chiapas,1,10,11
2022-02-10,Chihuahua,1,65,66
2022-02-10,Coahuila de Zaragoza,1,38,39
2022-02-10,Colima,1,15,16
2022-02-10,Durango,1,23,24
2022-02-10,Guanajuato,1,35,36
2022-02-10,Guerrero,4,25,29
2022-02-10,Michoacán de Ocampo,1,37,38
2022-02-10,Morelos,1,22,23
2022-02-10,Nuevo León,1,188,189
2022-02-10,Oaxaca,2,15,17
2022-02-10,Puebla,1,35,36
2022-02-10,Querétaro,2,23,25
2022-02-10,Quintana Roo,1,30,31
2022-02-10,Sinaloa,1,14,15
2022-02-10,Tabasco,2,10,12
2022-02-10,Tamaulipas,3,31,34
2022-02-10,Tlaxcala,3,6,9
2022-02-10,Veracruz de Ignacio de la Llave,1,23,24
2022-02-10,Yucatán,2,24,26
2022-02-11,Baja California Sur,2,10,12
2022-02-11,Chiapas,1,14,15
2022-02-11,Chihuahua,1,86,87
2022-02-11,Coahuila de Zaragoza,1,29,30
2022-02-11,Colima,1,11,12
2022-02-11,Durango,2,25,27
2022-02-11,Guanajuato,3,40,43
2022-02-11,Guerrero,2,14,16
2022-02-11,Hidalgo,2,6,8
2022-02-11,Jalisco,1,47,48
2022-02-11,Michoacán de Ocampo,6,48,54
2022-02-11,Morelos,2,22,24
2022-02-11,México,2,72,74
2022-02-11,Nayarit,2,5,7
2022-02-11,Nuevo León,1,219,220
2022-02-11,Oaxaca,1,12,13
2022-02-11,Querétaro,7,39,46
2022-02-11,San Luis Potosí,1,24,25
2022-02-11,Sinaloa,1,13,14
2022-02-11,Sonora,1,85,86
2022-02-11,Tamaulipas,1,36,37
2022-02-11,Tlaxcala,2,5,7
2022-02-11,Veracruz de Ignacio de la Llave,3,26,29
2022-02-11,Yucatán,1,15,16
2022-02-11,Zacatecas,1,7,8
2022-02-12,Aguascalientes,1,14,15
2022-02-12,Baja California,1,57,58
2022-02-12,Campeche,1,8,9
2022-02-12,Chiapas,1,9,10
2022-02-12,Chihuahua,1,89,90
2022-02-12,Coahuila de Zaragoza,2,33,35
2022-02-12,Colima,2,16,18
2022-02-12,Durango,3,22,25
2022-02-12,Guanajuato,1,59,60
2022-02-12,Guerrero,3,25,28
2022-02-12,Hidalgo,1,11,12
2022-02-12,Jalisco,1,43,44
2022-02-12,Morelos,2,35,37
2022-02-12,Nayarit,2,8,10
2022-02-12,Nuevo León,2,205,207
2022-02-12,Oaxaca,3,18,21
2022-02-12,Puebla,4,29,33
2022-02-12,Querétaro,1,52,53
2022-02-12,Quintana Roo,1,24,25
2022-02-12,San Luis Potosí,1,27,28
2022-02-12,Sinaloa,1,21,22
2022-02-12,Sonora,1,81,82
2022-02-12,Tabasco,1,7,8
2022-02-12,Tamaulipas,1,48,49
2022-02-12,Tlaxcala,2,5,7
2022-02-12,Veracruz de Ignacio de la Llave,1,23,24
2022-02-12,Yucatán,2,26,28
2022-02-13,Aguascalientes,1,16,17
2022-02-13,Baja California,1,50,51
2022-02-13,Baja California Sur,1,22,23
2022-02-13,Campeche,1,9,10
2022-02-13,Chiapas,3,12,15
2022-02-13,Chihuahua,1,86,87
2022-02-13,Colima,1,17,18
2022-02-13,Durango,1,26,27
2022-02-13,Guanajuato,1,42,43
2022-02-13,Hidalgo,1,8,9
2022-02-13,Jalisco,1,29,30
2022-02-13,Michoacán de Ocampo,2,46,48
2022-02-13,México,1,48,49
2022-02-13,Nayarit,2,8,10
2022-02-13,Nuevo León,2,170,172
2022-02-13,Oaxaca,2,12,14
2022-02-13,Querétaro,1,41,42
2022-02-13,Quintana Roo,1,28,29
2022-02-13,San Luis Potosí,1,15,16
2022-02-13,Sinaloa,3,15,18
2022-02-13,Sonora,1,77,78
2022-02-13,Tabasco,1,12,13
2022-02-13,Tamaulipas,2,34,36
2022-02-13,Veracruz de Ignacio de la Llave,3,23,26
2022-02-13,Yucatán,2,28,30
2022-02-13,Zacatecas,2,8,10
2022-02-14,Baja California Sur,2,22,24
2022-02-14,Campeche,1,7,8
2022-02-14,Chiapas,1,15,16
2022-02-14,Colima,1,14,15
2022-02-14,Durango,2,28,30
2022-02-14,Guerrero,1,13,14
2022-02-14,Jalisco,1,40,41
2022-02-14,Michoacán de Ocampo,1,68,69
2022-02-14,Morelos,1,27,28
2022-02-14,México,1,58,59
2022-02-14,Nayarit,1,5,6
2022-02-14,Nuevo León,1,253,254
2022-02-14,Oaxaca,1,21,22
2022-02-14,Puebla,1,34,35
2022-02-14,Querétaro,1,27,28
2022-02-14,Quintana Roo,5,14,19
2022-02-14,San Luis Potosí,2,28,30
2022-02-14,Tabasco,1,9,10
2022-02-14,Tamaulipas,1,44,45
2022-02-14,Tlaxcala,2,5,7
2022-02-14,Veracruz de Ignacio de la Llave,1,33,34
2022-02-14,Yucatán,2,25,27
2022-02-14,Zacatecas,2,10,12
2022-02-15,Baja California,1,38,39
2022-02-15,Baja California Sur,1,16,17
2022-02-15,Campeche,2,13,15
2022-02-15,Chiapas,1,8,9
2022-02-15,Chihuahua,1,78,79
2022-02-15,Coahuila de Zaragoza,1,25,26
2022-02-15,Colima,2,20,22
2022-02-15,Durango,2,27,29
2022-02-15,Guanajuato,3,43,46
2022-02-15,Guerrero,2,23,25
2022-02-15,Hidalgo,1,4,5
2022-02-15,Jalisco,3,45,48
2022-02-15,Michoacán de Ocampo,1,46,47
2022-02-15,Morelos,1,12,13
2022-02-15,México,1,60,61
2022-02-15,Nayarit,1,9,10
2022-02-15,Nuevo León,1,218,219
2022-02-15,Puebla,1,39,40
2022-02-15,Quintana Roo,3,21,24
2022-02-15,San Luis Potosí,1,23,24
2022-02-15,Sinaloa,1,16,17
2022-02-15,Sonora,3,58,61
2022-02-15,Tamaulipas,2,30,32
2022-02-15,Tlaxcala,1,6,7
2022-02-15,Veracruz de Ignacio de la Llave,2,26,28
2022-02-15,Yucatán,3,21,24
2022-02-15,Zacatecas,1,6,7
2022-02-16,Baja California,1,35,36
2022-02-16,Baja California Sur,2,12,14
2022-02-16,Campeche,1,10,11
2022-02-16,Chiapas,3,9,12
2022-02-16,Chihuahua,2,62,64
2022-02-16,Colima,2,18,20
2022-02-16,Guanajuato,1,32,33
2022-02-16,Guerrero,1,20,21
2022-02-16,Jalisco,1,46,47
2022-02-16,Morelos,1,24,25
2022-02-16,México,1,46,47
2022-02-16,Nayarit,2,7,9
2022-02-16,Nuevo León,2,225,227
2022-02-16,Oaxaca,1,20,21
2022-02-16,Puebla,2,20,22
2022-02-16,Querétaro,1,23,24
2022-02-16,Sinaloa,3,14,17
2022-02-16,Sonora,1,76,77
2022-02-16,Tabasco,3,9,12
2022-02-16,Tamaulipas,1,37,38
2022-02-16,Tlaxcala,2,6,8
2022-02-16,Veracruz de Ignacio de la Llave,1,36,37
2022-02-16,Yucatán,1,22,23
2022-02-16,Zacatecas,1,2,3
2022-02-17,Baja California,2,26,28
2022-02-17,Baja California Sur,1,9,10
2022-02-17,Campeche,3,6,9
2022-02-17,Chiapas,1,7,8
2022-02-17,Chihuahua,3,62,65
2022-02-17,Coahuila de Zaragoza,1,32,33
2022-02-17,Durango,1,22,23
2022-02-17,Guanajuato,1,30,31
2022-02-17,Guerrero,1,22,23
2022-02-17,Hidalgo,2,8,10
2022-02-17,Jalisco,5,38,43
2022-02-17,Michoacán de Ocampo,1,59,60
2022-02-17,Morelos,1,30,31
2022-02-17,Nayarit,3,6,9
2022-02-17,Nuevo León,1,224,225
2022-02-17,Oaxaca,2,11,13
2022-02-17,Querétaro,1,32,33
2022-02-17,Quintana Roo,1,26,27
2022-02-17,Sinaloa,2,13,15
2022-02-17,Sonora,2,52,54
2022-02-17,Tabasco,3,5,8
2022-02-17,Tamaulipas,1,27,28
2022-02-17,Veracruz de Ignacio de la Llave,2,25,27
2022-02-17,Zacatecas,2,6,8
2022-02-18,Baja California,2,35,37
2022-02-18,Baja California Sur,1,15,16
2022-02-18,Chiapas,1,12,13
2022-02-18,Chihuahua,1,73,74
2022-02-18,Coahuila de Zaragoza,2,33,35
2022-02-18,Durango,1,22,23
2022-02-18,Guanajuato,1,44,45
2022-02-18,Hidalgo,4,14,18
2022-02-18,Michoacán de Ocampo,3,47,50
2022-02-18,Morelos,1,29,30
2022-02-18,México,1,67,68
2022-02-18,Nayarit,1,5,6
2022-02-18,Oaxaca,1,15,16
2022-02-18,Querétaro,1,40,41
2022-02-18,Quintana Roo,3,18,21
2022-02-18,San Luis Potosí,1,21,22
2022-02-18,Sinaloa,3,11,14
2022-02-18,Sonora,2,74,76
2022-02-18,Tamaulipas,4,31,35
2022-02-18,Veracruz de Ignacio de la Llave,2,37,39
2022-02-18,Yucatán,3,24,27
2022-02-19,Aguascalientes,2,13,15
2022-02-19,Baja California,2,60,62
2022-02-19,Baja California Sur,3,12,15
2022-02-19,Campeche,2,14,16
2022-02-19,Chihuahua,1,88,89
2022-02-19,Coahuila de Zaragoza,1,40,41
2022-02-19,Colima,2,20,22
2022-02-19,Durango,1,18,19
2022-02-19,Guerrero,2,18,20
2022-02-19,Hidalgo,1,9,10
2022-02-19,Jalisco,2,53,55
2022-02-19,Michoacán de Ocampo,3,73,76
2022-02-19,Morelos,3,37,40
2022-02-19,México,1,56,57
2022-02-19,Nayarit,1,10,11
2022-02-19,Nuevo León,1,180,181
2022-02-19,Oaxaca,1,13,14
2022-02-19,San Luis Potosí,1,22,23
2022-02-19,Sonora,3,78,81
2022-02-19,Tabasco,1,17,18
2022-02-19,Tamaulipas,1,45,46
2022-02-19,Tlaxcala,2,8,10
2022-02-19,Yucatán,4,25,29
2022-02-19,Zacatecas,2,5,7
2022-02-20,Aguascalientes,3,25,28
2022-02-20,Baja California,1,37,38
2022-02-20,Campeche,3,4,7
2022-02-20,Chiapas,3,8,11
2022-02-20,Hidalgo,2,12,14
2022-02-20,Jalisco,2,43,45
2022-02-20,Michoacán de Ocampo,1,59,60
2022-02-20,Morelos,1,45,46
2022-02-20,México,2,63,65
2022-02-20,Nayarit,1,10,11
2022-02-20,Nuevo León,1,166,167
2022-02-20,Oaxaca,1,15,16
2022-02-20,Puebla,2,33,35
2022-02-20,Querétaro,2,37,39
2022-02-20,Quintana Roo,1,26,27
2022-02-20,San Luis Potosí,1,21,22
2022-02-20,Sonora,4,74,78
2022-02-20,Tabasco,2,11,13
2022-02-20,Tamaulipas,1,67,68
2022-02-20,Tlaxcala,1,5,6
2022-02-20,Veracruz de Ignacio de la Llave,3,28,31
2022-02-20,Yucatán,1,38,39
2022-02-20,Zacatecas,2,10,12
2022-02-21,Baja California,1,30,31
2022-02-21,Baja California Sur,1,16,17
2022-02-21,Campeche,1,13,14
2022-02-21,Chiapas,2,10,12
2022-02-21,Chihuahua,1,73,74
2022-02-21,Coahuila de Zaragoza,1,18,19
2022-02-21,Durango,1,24,25
2022-02-21,Guanajuato,1,42,43
2022-02-21,Jalisco,1,48,49
2022-02-21,Nayarit,1,5,6
2022-02-21,Oaxaca,2,24,26
2022-02-21,Puebla,1,35,36
2022-02-21,Querétaro,3,36,39
2022-02-21,Quintana Roo,3,27,30
2022-02-21,San Luis Potosí,1,31,32
2022-02-21,Sonora,1,67,68
2022-02-21,Tabasco,1,10,11
2022-02-21,Tamaulipas,3,31,34
2022-02-21,Veracruz de Ignacio de la Llave,3,39,42
2022-02-21,Yucatán,1,19,20
2022-02-21,Zacatecas,3,10,13
2022-02-22,Aguascalientes,4,4,8
2022-02-22,Baja California,2,36,38
2022-02-22,Chihuahua,5,73,78
2022-02-22,Colima,1,12,13
2022-02-22,Durango,1,29,30
2022-02-22,Guanajuato,3,36,39
2022-02-22,Guerrero,1,16,17
2022-02-22,Hidalgo,2,9,11
2022-02-22,Jalisco,2,28,30
2022-02-22,Morelos,1,23,24
2022-02-22,Nuevo León,1,239,240
2022-02-22,Oaxaca,2,16,18
2022-02-22,Querétaro,3,29,32
2022-02-22,San Luis Potosí,1,37,38
2022-02-22,Sinaloa,3,18,21
2022-02-22,Tabasco,4,9,13
2022-02-22,Tamaulipas,2,30,32
2022-02-22,Veracruz de Ignacio de la Llave,1,29,30
2022-02-22,Yucatán,2,25,27
2022-02-22,Zacatecas,1,10,11
2022-02-23,Aguascalientes,3,9,12
2022-02-23,Baja California,1,31,32
2022-02-23,Baja California Sur,1,9,10
2022-02-23,Chiapas,1,11,12
2022-02-23,Colima,3,8,11
2022-02-23,Durango,1,31,32
2022-02-23,Guanajuato,2,33,35
2022-02-23,Guerrero,1,21,22
2022-02-23,Jalisco,1,33,34
2022-02-23,Morelos,2,24,26
2022-02-23,México,1,35,36
2022-02-23,Nuevo León,4,155,159
2022-02-23,Oaxaca,4,10,14
2022-02-23,Puebla,2,30,32
2022-02-23,Querétaro,1,36,37
2022-02-23,Sinaloa,2,11,13
2022-02-23,Sonora,1,64,65
2022-02-23,Tabasco,5,14,19
2022-02-23,Tamaulipas,4,35,39
2022-02-23,Tlaxcala,4,7,11
2022-02-23,Veracruz de Ignacio de la Llave,2,32,34
2022-02-23,Yucatán,1,26,27
2022-02-23,Zacatecas,1,6,7
2022-02-24,Aguascalientes,3,14,17
2022-02-24,Baja California,1,40,41
2022-02-24,Campeche,2,10,12
2022-02-24,Chiapas,1,13,14
2022-02-24,Chihuahua,1,56,57
2022-02-24,Colima,3,16,19
2022-02-24,Guanajuato,2,28,30
2022-02-24,Guerrero,2,15,17
2022-02-24,Hidalgo,2,8,10
2022-02-24,Michoacán de Ocampo,2,51,53
2022-02-24,Morelos,4,19,23
2022-02-24,Nayarit,1,13,14
2022-02-24,Nuevo León,2,182,184
2022-02-24,Puebla,2,30,32
2022-02-24,Querétaro,2,34,36
2022-02-24,Quintana Roo,1,19,20
2022-02-24,San Luis Potosí,1,30,31
2022-02-24,Sinaloa,1,14,15
2022-02-24,Sonora,1,52,53
2022-02-24,Tabasco,5,8,13
2022-02-24,Tamaulipas,1,35,36
2022-02-24,Tlaxcala,2,3,5
2022-02-24,Veracruz de Ignacio de la Llave,4,27,31
2022-02-24,Yucatán,2,21,23
2022-02-25,Aguascalientes,2,8,10
2022-02-25,Baja California,2,30,32
2022-02-25,Campeche,5,25,30
2022-02-25,Chihuahua,2,70,72
2022-02-25,Colima,1,9,10
2022-02-25,Durango,4,28,32
2022-02-25,Guerrero,2,24,26
2022-02-25,Hidalgo,1,7,8
2022-02-25,Michoacán de Ocampo,4,58,62
2022-02-25,Morelos,2,33,35
2022-02-25,Nayarit,2,10,12
2022-02-25,Nuevo León,1,152,153
2022-02-25,Oaxaca,2,12,14
2022-02-25,Puebla,1,32,33
2022-02-25,Querétaro,2,42,44
2022-02-25,San Luis Potosí,1,25,26
2022-02-25,Sinaloa,1,9,10
2022-02-25,Tabasco,2,6,8
2022-02-25,Tlaxcala,2,8,10
2022-02-25,Yucatán,1,33,34
2022-02-25,Zacatecas,2,5,7
2022-02-26,Aguascalientes,2,20,22
2022-02-26,Baja California,1,64,65
2022-02-26,Campeche,2,7,9
2022-02-26,Chiapas,1,13,14
2022-02-26,Chihuahua,2,86,88
2022-02-26,Coahuila de Zaragoza,2,43,45
2022-02-26,Colima,2,20,22
2022-02-26,Durango,4,22,26
2022-02-26,Guanajuato,2,52,54
2022-02-26,Jalisco,1,28,29
2022-02-26,Michoacán de Ocampo,2,54,56
2022-02-26,Morelos,4,34,38
2022-02-26,México,2,80,82
2022-02-26,Nayarit,5,12,17
2022-02-26,Oaxaca,1,16,17
2022-02-26,Puebla,1,31,32
2022-02-26,Querétaro,2,50,52
2022-02-26,Quintana Roo,1,20,21
2022-02-26,San Luis Potosí,1,30,31
2022-02-26,Sinaloa,2,18,20
2022-02-26,Sonora,3,82,85
2022-02-26,Tabasco,3,13,16
2022-02-26,Tamaulipas,3,37,40
2022-02-26,Tlaxcala,1,6,7
2022-02-26,Veracruz de Ignacio de la Llave,1,24,25
2022-02-26,Yucatán,3,34,37
2022-02-27,Aguascalientes,2,17,19
2022-02-27,Baja California,2,55,57
2022-02-27,Baja California Sur,1,15,16
2022-02-27,Campeche,3,16,19
2022-02-27,Coahuila de Zaragoza,1,31,32
2022-02-27,Durango,2,21,23
2022-02-27,Guanajuato,1,50,51
2022-02-27,Guerrero,1,25,26
2022-02-27,Hidalgo,1,6,7
2022-02-27,Michoacán de Ocampo,2,61,63
2022-02-27,Morelos,1,25,26
2022-02-27,México,1,48,49
2022-02-27,Nuevo León,2,156,158
2022-02-27,Puebla,1,40,41
2022-02-27,Querétaro,2,33,35
2022-02-27,Quintana Roo,1,27,28
2022-02-27,San Luis Potosí,2,16,18
2022-02-27,Sinaloa,1,20,21
2022-02-27,Sonora,1,73,74
2022-02-27,Tabasco,1,10,11
2022-02-27,Tamaulipas,3,40,43
2022-02-27,Tlaxcala,3,7,10
2022-02-27,Veracruz de Ignacio de la Llave,4,24,28
2022-02-27,Yucatán,1,39,40
2022-02-27,Zacatecas,3,8,11
2022-02-28,Baja California Sur,3,14,17
2022-02-28,Campeche,2,14,16
2022-02-28,Chiapas,1,104,105
2022-02-28,Chihuahua,3,74,77
2022-02-28,Coahuila de Zaragoza,2,50,52
2022-02-28,Colima,3,6,9
2022-02-28,Durango,3,24,27
2022-02-28,Guanajuato,1,25,26
2022-02-28,Guerrero,3,46,49
2022-02-28,Hidalgo,3,76,79
2022-02-28,Jalisco,3,103,106
2022-02-28,Morelos,1,30,31
2022-02-28,México,1,47,48
2022-02-28,Nayarit,1,17,18
2022-02-28,Nuevo León,2,235,237
2022-02-28,Oaxaca,1,527,528
2022-02-28,Puebla,1,179,180
2022-02-28,Querétaro,2,28,30
2022-02-28,San Luis Potosí,3,59,62
2022-02-28,Sinaloa,2,17,19
2022-02-28,Sonora,2,106,108
2022-02-28,Tabasco,2,7,9
2022-02-28,Tamaulipas,1,52,53
2022-02-28,Veracruz de Ignacio de la Llave,2,150,152
2022-02-28,Yucatán,2,34,36
2022-03-01,Baja California,3,47,50
2022-03-01,Baja California Sur,1,27,28
2022-03-01,Campeche,4,16,20
2022-03-01,Chiapas,2,11,13
2022-03-01,Chihuahua,3,86,89
2022-03-01,Coahuila de Zaragoza,2,52,54
2022-03-01,Durango,2,21,23
2022-03-01,Guanajuato,2,52,54
2022-03-01,Guerrero,1,24,25
2022-03-01,Jalisco,3,45,48
2022-03-01,Michoacán de Ocampo,1,45,46
2022-03-01,Morelos,2,47,49
2022-03-01,México,3,80,83
2022-03-01,Nayarit,3,20,23
2022-03-01,Nuevo León,2,269,271
2022-03-01,Oaxaca,2,22,24
2022-03-01,Puebla,4,35,39
2022-03-01,Querétaro,2,33,35
2022-03-01,Quintana Roo,1,40,41
2022-03-01,San Luis Potosí,4,22,26
2022-03-01,Sinaloa,3,34,37
2022-03-01,Sonora,2,78,80
2022-03-01,Tabasco,1,12,13
2022-03-01,Tamaulipas,2,43,45
2022-03-01,Tlaxcala,1,6,7
2022-03-01,Veracruz de Ignacio de la Llave,1,37,38
2022-03-01,Yucatán,4,25,29
2022-03-01,Zacatecas,1,11,12
2022-03-02,Baja California,2,44,46
2022-03-02,Baja California Sur,2,18,20
2022-03-02,Chiapas,2,7,9
2022-03-02,Chihuahua,4,60,64
2022-03-02,Colima,1,15,16
2022-03-02,Durango,3,21,24
2022-03-02,Guanajuato,1,43,44
2022-03-02,Guerrero,1,9,10
2022-03-02,Jalisco,4,44,48
2022-03-02,Morelos,1,29,30
2022-03-02,Nayarit,2,13,15
2022-03-02,Nuevo León,1,232,233
2022-03-02,Oaxaca,2,10,12
2022-03-02,Querétaro,3,27,30
2022-03-02,Quintana Roo,1,21,22
2022-03-02,San Luis Potosí,2,16,18
2022-03-02,Sonora,1,53,54
2022-03-02,Tamaulipas,2,29,31
2022-03-02,Veracruz de Ignacio de la Llave,2,39,41
2022-03-02,Yucatán,1,18,19
2022-03-03,Aguascalientes,4,8,12
2022-03-03,Baja California,1,36,37
2022-03-03,Baja California Sur,1,13,14
2022-03-03,Chiapas,2,8,10
2022-03-03,Chihuahua,1,55,56
2022-03-03,Colima,1,12,13
2022-03-03,Durango,1,22,23
2022-03-03,Guanajuato,1,31,32
2022-03-03,Guerrero,1,15,16
2022-03-03,Hidalgo,1,11,12
2022-03-03,Jalisco,5,58,63
2022-03-03,Michoacán de Ocampo,1,41,42
2022-03-03,México,2,56,58
2022-03-03,Nayarit,1,11,12
2022-03-03,Nuevo León,5,207,212
2022-03-03,Oaxaca,3,11,14
2022-03-03,Puebla,2,20,22
2022-03-03,Querétaro,1,23,24
2022-03-03,Quintana Roo,1,20,21
2022-03-03,San Luis Potosí,1,28,29
2022-03-03,Sinaloa,1,15,16
2022-03-03,Sonora,3,58,61
2022-03-03,Tabasco,1,5,6
2022-03-03,Tamaulipas,1,36,37
2022-03-03,Tlaxcala,2,8,10
2022-03-03,Veracruz de Ignacio de la Llave,1,37,38
2022-03-03,Yucatán,1,20,21
2022-03-03,Zacatecas,2,3,5
2022-03-04,Baja California,2,46,48
2022-03-04,Baja California Sur,1,16,17
2022-03-04,Campeche,1,13,14
2022-03-04,Chihuahua,1,69,70
2022-03-04,Coahuila de Zaragoza,4,27,31
2022-03-04,Colima,1,18,19
2022-03-04,Durango,3,25,28
2022-03-04,Guanajuato,1,41,42
2022-03-04,Guerrero,2,17,19
2022-03-04,Hidalgo,2,5,7
2022-03-04,Jalisco,2,28,30
2022-03-04,Michoacán de Ocampo,1,67,68
2022-03-04,Morelos,2,32,34
2022-03-04,Nayarit,2,9,11
2022-03-04,Nuevo León,3,252,255
2022-03-04,Oaxaca,1,15,16
2022-03-04,Puebla,1,42,43
2022-03-04,Querétaro,1,34,35
2022-03-04,San Luis Potosí,1,24,25
2022-03-04,Sinaloa,2,20,22
2022-03-04,Sonora,2,51,53
2022-03-04,Tabasco,1,8,9
2022-03-04,Tamaulipas,1,28,29
2022-03-04,Tlaxcala,4,10,14
2022-03-04,Yucatán,3,22,25
2022-03-04,Zacatecas,3,1,4
2022-03-05,Baja California,3,49,52
2022-03-05,Baja California Sur,1,17,18
2022-03-05,Chiapas,1,18,19
2022-03-05,Coahuila de Zaragoza,2,31,33
2022-03-05,Colima,2,17,19
2022-03-05,Durango,3,41,44
2022-03-05,Guanajuato,2,48,50
2022-03-05,Guerrero,2,25,27
2022-03-05,Hidalgo,1,7,8
2022-03-05,Jalisco,2,44,46
2022-03-05,Michoacán de Ocampo,1,74,75
2022-03-05,Morelos,2,25,27
2022-03-05,México,1,69,70
2022-03-05,Nayarit,2,23,25
2022-03-05,Nuevo León,1,226,227
2022-03-05,Oaxaca,1,12,13
2022-03-05,Puebla,3,39,42
2022-03-05,Querétaro,2,39,41
2022-03-05,Quintana Roo,1,35,36
2022-03-05,Sinaloa,1,20,21
2022-03-05,Sonora,1,69,70
2022-03-05,Tabasco,3,13,16
2022-03-05,Tamaulipas,2,53,55
2022-03-05,Tlaxcala,1,8,9
2022-03-05,Veracruz de Ignacio de la Llave,1,37,38
2022-03-05,Yucatán,2,39,41
2022-03-06,Campeche,1,16,17
2022-03-06,Chiapas,1,11,12
2022-03-06,Chihuahua,4,82,86
2022-03-06,Coahuila de Zaragoza,2,40,42
2022-03-06,Colima,4,16,20
2022-03-06,Durango,5,29,34
2022-03-06,Guanajuato,3,62,65
2022-03-06,Guerrero,2,22,24
2022-03-06,Hidalgo,1,12,13
2022-03-06,Jalisco,1,35,36
2022-03-06,Michoacán de Ocampo,2,49,51
2022-03-06,Morelos,2,40,42
2022-03-06,México,2,47,49
2022-03-06,Nayarit,5,16,21
2022-03-06,Nuevo León,1,177,178
2022-03-06,Oaxaca,1,16,17
2022-03-06,Querétaro,1,28,29
2022-03-06,Sinaloa,1,24,25
2022-03-06,Tabasco,1,12,13
2022-03-06,Tlaxcala,1,6,7
2022-03-06,Veracruz de Ignacio de la Llave,1,30,31
2022-03-07,Aguascalientes,1,10,11
2022-03-07,Baja California,2,34,36
2022-03-07,Baja California Sur,1,11,12
2022-03-07,Campeche,5,9,14
2022-03-07,Chiapas,2,8,10
2022-03-07,Chihuahua,2,53,55
2022-03-07,Coahuila de Zaragoza,3,28,31
2022-03-07,Colima,3,8,11
2022-03-07,Guerrero,1,18,19
2022-03-07,Hidalgo,1,3,4
2022-03-07,Jalisco,2,46,48
2022-03-07,Michoacán de Ocampo,1,37,38
2022-03-07,Morelos,1,29,30
2022-03-07,Nayarit,2,18,20
2022-03-07,Nuevo León,3,242,245
2022-03-07,Oaxaca,1,15,16
2022-03-07,Puebla,2,39,41
2022-03-07,Quintana Roo,1,25,26
2022-03-07,San Luis Potosí,1,18,19
2022-03-07,Sinaloa,2,18,20
2022-03-07,Sonora,1,66,67
2022-03-07,Tabasco,2,3,5
2022-03-07,Tamaulipas,1,31,32
2022-03-07,Yucatán,3,26,29
2022-03-07,Zacatecas,2,6,8
2022-03-08,Aguascalientes,1,8,9
2022-03-08,Baja California Sur,2,12,14
2022-03-08,Chiapas,4,6,10
2022-03-08,Chihuahua,1,74,75
2022-03-08,Coahuila de Zaragoza,2,30,32
2022-03-08,Colima,1,16,17
2022-03-08,Durango,1,24,25
2022-03-08,Guanajuato,1,45,46
2022-03-08,Guerrero,1,23,24
2022-03-08,Hidalgo,2,11,13
2022-03-08,Jalisco,1,37,38
2022-03-08,Morelos,1,25,26
2022-03-08,México,1,50,51
2022-03-08,Nuevo León,2,190,192
2022-03-08,Puebla,2,30,32
2022-03-08,Querétaro,2,23,25
2022-03-08,Quintana Roo,2,17,19
2022-03-08,San Luis Potosí,1,23,24
2022-03-08,Sinaloa,3,16,19
2022-03-08,Tabasco,3,4,7
2022-03-08,Tamaulipas,1,24,25
2022-03-08,Tlaxcala,2,6,8
2022-03-08,Yucatán,2,17,19
2022-03-08,Zacatecas,1,6,7
2022-03-09,Baja California,2,37,39
2022-03-09,Baja California Sur,3,10,13
2022-03-09,Campeche,3,9,12
2022-03-09,Chiapas,1,12,13
2022-03-09,Chihuahua,1,72,73
2022-03-09,Durango,2,26,28
2022-03-09,Hidalgo,3,4,7
2022-03-09,Michoacán de Ocampo,3,48,51
2022-03-09,Morelos,1,15,16
2022-03-09,México,2,50,52
2022-03-09,Nayarit,3,5,8
2022-03-09,Nuevo León,3,193,196
2022-03-09,Oaxaca,2,10,12
2022-03-09,Puebla,1,28,29
2022-03-09,Querétaro,1,32,33
2022-03-09,San Luis Potosí,1,12,13
2022-03-09,Sinaloa,1,14,15
2022-03-09,Sonora,1,65,66
2022-03-09,Tabasco,1,6,7
2022-03-09,Tamaulipas,1,31,32
2022-03-09,Tlaxcala,1,8,9
2022-03-09,Veracruz de Ignacio de la Llave,1,30,31
2022-03-09,Yucatán,2,20,22
2022-03-09,Zacatecas,2,5,7
2022-03-10,Aguascalientes,1,11,12
2022-03-10,Baja California,1,31,32
2022-03-10,Baja California Sur,4,14,18
2022-03-10,Campeche,4,12,16
2022-03-10,Chiapas,2,7,9
2022-03-10,Chihuahua,1,70,71
2022-03-10,Colima,2,4,6
2022-03-10,Durango,1,27,28
2022-03-10,Guanajuato,1,24,25
2022-03-10,Guerrero,4,25,29
2022-03-10,Hidalgo,1,8,9
2022-03-10,Jalisco,1,32,33
2022-03-10,Michoacán de Ocampo,3,58,61
2022-03-10,Morelos,1,16,17
2022-03-10,México,3,61,64
2022-03-10,Nayarit,3,13,16
2022-03-10,Nuevo León,3,219,222
2022-03-10,Oaxaca,2,9,11
2022-03-10,Querétaro,2,26,28
2022-03-10,San Luis Potosí,3,22,25
2022-03-10,Sinaloa,1,11,12
2022-03-10,Sonora,1,72,73
2022-03-10,Tabasco,1,4,5
2022-03-10,Tlaxcala,2,10,12
2022-03-10,Veracruz de Ignacio de la Llave,1,26,27
2022-03-10,Yucatán,3,25,28
2022-03-10,Zacatecas,1,2,3
2022-03-11,Aguascalientes,2,10,12
2022-03-11,Baja California,2,33,35
2022-03-11,Campeche,1,13,14
2022-03-11,Chiapas,1,9,10
2022-03-11,Chihuahua,2,74,76
2022-03-11,Coahuila de Zaragoza,2,37,39
2022-03-11,Colima,2,13,15
2022-03-11,Durango,1,30,31
2022-03-11,Guanajuato,3,52,55
2022-03-11,Guerrero,1,20,21
2022-03-11,Hidalgo,1,7,8
2022-03-11,Michoacán de Ocampo,2,54,56
2022-03-11,Morelos,2,25,27
2022-03-11,México,3,44,47
2022-03-11,Nayarit,2,12,14
2022-03-11,Oaxaca,2,11,13
2022-03-11,Puebla,1,41,42
2022-03-11,Querétaro,1,37,38
2022-03-11,Quintana Roo,2,26,28
2022-03-11,San Luis Potosí,1,26,27
2022-03-11,Sinaloa,1,18,19
2022-03-11,Sonora,1,82,83
2022-03-11,Tamaulipas,1,35,36
2022-03-11,Yucatán,1,32,33
2022-03-11,Zacatecas,2,9,11
2022-03-12,Aguascalientes,2,12,14
2022-03-12,Baja California,1,46,47
2022-03-12,Baja California Sur,1,13,14
2022-03-12,Chiapas,2,15,17
2022-03-12,Chihuahua,1,67,68
2022-03-12,Coahuila de Zaragoza,2,36,38
2022-03-12,Durango,4,26,30
2022-03-12,Guanajuato,1,52,53
2022-03-12,Guerrero,2,23,25
2022-03-12,Michoacán de Ocampo,1,60,61
2022-03-12,Morelos,1,39,40
2022-03-12,México,1,65,66
2022-03-12,Nayarit,2,9,11
2022-03-12,Nuevo León,4,212,216
2022-03-12,Puebla,2,31,33
2022-03-12,Quintana Roo,1,29,30
2022-03-12,San Luis Potosí,1,15,16
2022-03-12,Sinaloa,2,17,19
2022-03-12,Sonora,3,92,95
2022-03-12,Tamaulipas,1,42,43
2022-03-12,Veracruz de Ignacio de la Llave,2,30,32
2022-03-12,Yucatán,2,27,29
2022-03-12,Zacatecas,3,8,11
2022-03-13,Aguascalientes,1,18,19
2022-03-13,Baja California,1,54,55
2022-03-13,Baja California Sur,1,18,19
2022-03-13,Chiapas,3,8,11
2022-03-13,Chihuahua,1,70,71
2022-03-13,Coahuila de Zaragoza,2,40,42
2022-03-13,Durango,1,25,26
2022-03-13,Guanajuato,1,57,58
2022-03-13,Guerrero,1,22,23
2022-03-13,Hidalgo,2,3,5
2022-03-13,Jalisco,3,36,39
2022-03-13,Michoacán de Ocampo,2,56,58
2022-03-13,México,1,54,55
2022-03-13,Nayarit,2,16,18
2022-03-13,Oaxaca,1,11,12
2022-03-13,Puebla,2,25,27
2022-03-13,Querétaro,2,31,33
2022-03-13,Quintana Roo,4,11,15
2022-03-13,Sinaloa,2,22,24
2022-03-13,Sonora,3,83,86
2022-03-13,Tabasco,1,8,9
2022-03-13,Tamaulipas,1,47,48
2022-03-13,Tlaxcala,2,8,10
2022-03-13,Veracruz de Ignacio de la Llave,2,24,26
2022-03-13,Yucatán,2,26,28
2022-03-14,Baja California,1,31,32
2022-03-14,Baja California Sur,1,14,15
2022-03-14,Campeche,3,11,14
2022-03-14,Chiapas,2,7,9
2022-03-14,Chihuahua,2,62,64
2022-03-14,Coahuila de Zaragoza,3,34,37
2022-03-14,Colima,1,16,17
2022-03-14,Guanajuato,1,31,32
2022-03-14,Guerrero,3,20,23
2022-03-14,Jalisco,1,44,45
2022-03-14,Michoacán de Ocampo,3,65,68
2022-03-14,México,2,61,63
2022-03-14,Puebla,3,32,35
2022-03-14,Querétaro,2,31,33
2022-03-14,Sinaloa,4,16,20
2022-03-14,Sonora,1,71,72
2022-03-14,Tabasco,4,3,7
2022-03-14,Tlaxcala,3,9,12
2022-03-14,Zacatecas,5,9,14
2022-03-15,Aguascalientes,3,3,6
2022-03-15,Baja California,1,47,48
2022-03-15,Campeche,1,11,12
2022-03-15,Chiapas,1,7,8
2022-03-15,Chihuahua,1,72,73
2022-03-15,Coahuila de Zaragoza,1,33,34
2022-03-15,Colima,1,17,18
2022-03-15,Guanajuato,4,38,42
2022-03-15,Guerrero,5,26,31
2022-03-15,Hidalgo,1,9,10
2022-03-15,Jalisco,3,26,29
2022-03-15,Michoacán de Ocampo,2,46,48
2022-03-15,Morelos,1,24,25
2022-03-15,México,3,53,56
2022-03-15,Oaxaca,1,11,12
2022-03-15,Puebla,1,36,37
2022-03-15,Querétaro,3,36,39
2022-03-15,Quintana Roo,1,26,27
2022-03-15,Sinaloa,2,11,13
2022-03-15,Sonora,1,68,69
2022-03-15,Tamaulipas,1,41,42
2022-03-15,Tlaxcala,2,6,8
2022-03-15,Veracruz de Ignacio de la Llave,1,33,34
2022-03-15,Yucatán,1,18,19
2022-03-15,Zacatecas,1,5,6
2022-03-16,Baja California,1,31,32
2022-03-16,Baja California Sur,2,18,20
2022-03-16,Campeche,1,14,15
2022-03-16,Chiapas,2,5,7
2022-03-16,Chihuahua,2,54,56
2022-03-16,Colima,1,16,17
2022-03-16,Durango,1,19,20
2022-03-16,Guanajuato,1,52,53
2022-03-16,Guerrero,1,26,27
2022-03-16,Hidalgo,1,15,16
2022-03-16,Jalisco,1,44,45
2022-03-16,Michoacán de Ocampo,3,53,56
2022-03-16,Morelos,1,27,28
2022-03-16,México,2,52,54
2022-03-16,Nuevo León,1,244,245
2022-03-16,Oaxaca,1,10,11
2022-03-16,Querétaro,2,34,36
2022-03-16,Quintana Roo,2,20,22
2022-03-16,San Luis Potosí,5,19,24
2022-03-16,Sonora,3,78,81
2022-03-16,Tabasco,1,7,8
2022-03-16,Tlaxcala,3,7,10
2022-03-16,Veracruz de Ignacio de la Llave,1,30,31
2022-03-16,Yucatán,2,21,23
2022-03-16,Zacatecas,1,5,6
2022-03-17,Aguascalientes,2,16,18
2022-03-17,Baja California Sur,1,5,6
2022-03-17,Campeche,1,14,15
2022-03-17,Chiapas,1,8,9
2022-03-17,Chihuahua,1,55,56
2022-03-17,Durango,1,31,32
2022-03-17,Guanajuato,1,38,39
2022-03-17,Guerrero,2,26,28
2022-03-17,Hidalgo,1,5,6
2022-03-17,Michoacán de Ocampo,3,45,48
2022-03-17,Morelos,3,22,25
2022-03-17,México,1,45,46
2022-03-17,Nayarit,1,7,8
2022-03-17,Nuevo León,1,268,269
2022-03-17,Oaxaca,2,14,16
2022-03-17,Quintana Roo,1,34,35
2022-03-17,Sinaloa,1,18,19
2022-03-17,Tabasco,1,9,10
2022-03-17,Tamaulipas,1,32,33
2022-03-17,Zacatecas,1,5,6
2022-03-18,Aguascalientes,2,18,20
2022-03-18,Campeche,2,10,12
2022-03-18,Chiapas,3,16,19
2022-03-18,Coahuila de Zaragoza,2,25,27
2022-03-18,Colima,2,17,19
2022-03-18,Durango,1,33,34
2022-03-18,Hidalgo,1,10,11
2022-03-18,Jalisco,1,26,27
2022-03-18,Michoacán de Ocampo,1,55,56
2022-03-18,Morelos,1,32,33
2022-03-18,México,1,59,60
2022-03-18,Nayarit,1,8,9
2022-03-18,Nuevo León,3,250,253
2022-03-18,Oaxaca,1,16,17
2022-03-18,Puebla,3,45,48
2022-03-18,Quintana Roo,1,29,30
2022-03-18,San Luis Potosí,1,25,26
2022-03-18,Sinaloa,4,24,28
2022-03-18,Tabasco,2,14,16
2022-03-18,Tamaulipas,2,42,44
2022-03-18,Tlaxcala,3,7,10
2022-03-18,Veracruz de Ignacio de la Llave,3,38,41
2022-03-18,Zacatecas,3,3,6
2022-03-19,Aguascalientes,1,21,22
2022-03-19,Baja California,2,58,60
2022-03-19,Baja California Sur,1,24,25
2022-03-19,Campeche,1,11,12
2022-03-19,Chihuahua,3,82,85
2022-03-19,Coahuila de Zaragoza,1,40,41
2022-03-19,Colima,1,22,23
2022-03-19,Durango,2,31,33
2022-03-19,Guanajuato,2,66,68
2022-03-19,Guerrero,2,30,32
2022-03-19,Hidalgo,4,6,10
2022-03-19,Michoacán de Ocampo,1,56,57
2022-03-19,Morelos,2,39,41
2022-03-19,México,2,49,51
2022-03-19,Nayarit,2,9,11
2022-03-19,Oaxaca,3,18,21
2022-03-19,Sinaloa,3,18,21
2022-03-19,Tabasco,2,7,9
2022-03-19,Tamaulipas,2,47,49
2022-03-19,Veracruz de Ignacio de la Llave,2,24,26
2022-03-19,Yucatán,4,30,34
2022-03-20,Aguascalientes,3,14,17
2022-03-20,Baja California Sur,1,19,20
2022-03-20,Campeche,2,13,15
2022-03-20,Chiapas,2,9,11
2022-03-20,Chihuahua,1,79,80
2022-03-20,Durango,2,38,40
2022-03-20,Guanajuato,2,61,63
2022-03-20,Guerrero,2,32,34
2022-03-20,Hidalgo,1,11,12
2022-03-20,Morelos,4,25,29
2022-03-20,México,2,36,38
2022-03-20,Nayarit,2,11,13
2022-03-20,Oaxaca,2,19,21
2022-03-20,Puebla,1,24,25
2022-03-20,Quintana Roo,2,32,34
2022-03-20,Sonora,1,95,96
2022-03-20,Tabasco,2,6,8
2022-03-20,Tamaulipas,1,62,63
2022-03-20,Yucatán,1,24,25
2022-03-21,Aguascalientes,1,14,15
2022-03-21,Baja California,1,46,47
2022-03-21,Chiapas,2,12,14
2022-03-21,Chihuahua,1,53,54
2022-03-21,Coahuila de Zaragoza,3,30,33
2022-03-21,Colima,2,14,16
2022-03-21,Durango,1,19,20
2022-03-21,Guanajuato,2,42,44
2022-03-21,Guerrero,1,19,20
2022-03-21,Hidalgo,2,4,6
2022-03-21,Jalisco,1,30,31
2022-03-21,Michoacán de Ocampo,3,25,28
2022-03-21,Morelos,1,19,20
2022-03-21,México,1,37,38
2022-03-21,Nayarit,1,9,10
2022-03-21,Nuevo León,2,140,142
2022-03-21,Oaxaca,2,14,16
2022-03-21,Puebla,2,30,32
2022-03-21,San Luis Potosí,1,14,15
2022-03-21,Sinaloa,2,16,18
2022-03-21,Tabasco,2,3,5
2022-03-21,Tamaulipas,2,33,35
2022-03-21,Tlaxcala,3,7,10
2022-03-21,Veracruz de Ignacio de la Llave,3,30,33
2022-03-21,Zacatecas,1,6,7
2022-03-22,Aguascalientes,1,9,10
2022-03-22,Baja California,2,39,41
2022-03-22,Baja California Sur,1,11,12
2022-03-22,Campeche,2,8,10
2022-03-22,Chiapas,1,10,11
2022-03-22,Coahuila de Zaragoza,2,26,28
2022-03-22,Colima,3,15,18
2022-03-22,Durango,2,15,17
2022-03-22,Guanajuato,2,48,50
2022-03-22,Guerrero,1,22,23
2022-03-22,Hidalgo,1,5,6
2022-03-22,Jalisco,2,37,39
2022-03-22,Michoacán de Ocampo,1,49,50
2022-03-22,Morelos,3,24,27
2022-03-22,México,2,43,45
2022-03-22,Nuevo León,3,282,285
2022-03-22,Oaxaca,3,9,12
2022-03-22,Puebla,3,26,29
2022-03-22,Quintana Roo,1,31,32
2022-03-22,San Luis Potosí,2,25,27
2022-03-22,Tabasco,1,8,9
2022-03-22,Tamaulipas,2,34,36
2022-03-22,Tlaxcala,4,4,8
2022-03-22,Veracruz de Ignacio de la Llave,2,28,30
2022-03-22,Yucatán,3,31,34
2022-03-23,Aguascalientes,2,4,6
2022-03-23,Baja California,1,30,31
2022-03-23,Chiapas,1,7,8
2022-03-23,Chihuahua,3,62,65
2022-03-23,Colima,5,24,29
2022-03-23,Durango,2,26,28
2022-03-23,Guanajuato,1,36,37
2022-03-23,Guerrero,1,19,20
2022-03-23,Hidalgo,1,6,7
2022-03-23,Jalisco,2,28,30
2022-03-23,Michoacán de Ocampo,3,50,53
2022-03-23,Morelos,2,17,19
2022-03-23,México,2,43,45
2022-03-23,Nayarit,1,5,6
2022-03-23,Oaxaca,4,14,18
2022-03-23,Puebla,3,29,32
2022-03-23,Querétaro,4,35,39
2022-03-23,Quintana Roo,1,37,38
2022-03-23,San Luis Potosí,7,30,37
2022-03-23,Sonora,2,77,79
2022-03-23,Tabasco,3,3,6
2022-03-23,Tamaulipas,1,32,33
2022-03-23,Tlaxcala,3,6,9
2022-03-23,Veracruz de Ignacio de la Llave,1,23,24
2022-03-23,Yucatán,3,21,24
2022-03-23,Zacatecas,2,8,10
2022-03-24,Aguascalientes,2,9,11
2022-03-24,Baja California,3,38,41
2022-03-24,Chiapas,4,13,17
2022-03-24,Chihuahua,1,56,57
2022-03-24,Colima,1,18,19
2022-03-24,Durango,3,25,28
2022-03-24,Hidalgo,1,7,8
2022-03-24,Jalisco,1,32,33
2022-03-24,Michoacán de Ocampo,1,43,44
2022-03-24,Morelos,3,24,27
2022-03-24,Nayarit,2,7,9
2022-03-24,Nuevo León,4,265,269
2022-03-24,Oaxaca,1,12,13
2022-03-24,Quintana Roo,1,23,24
2022-03-24,San Luis Potosí,1,21,22
2022-03-24,Sonora,3,67,70
2022-03-24,Tabasco,1,11,12
2022-03-24,Tamaulipas,2,30,32
2022-03-24,Veracruz de Ignacio de la Llave,6,29,35
2022-03-24,Yucatán,1,17,18
2022-03-25,Aguascalientes,1,9,10
2022-03-25,Baja California,1,51,52
2022-03-25,Baja California Sur,2,13,15
2022-03-25,Campeche,1,13,14
2022-03-25,Chiapas,1,11,12
2022-03-25,Chihuahua,4,67,71
2022-03-25,Coahuila de Zaragoza,1,44,45
2022-03-25,Colima,2,19,21
2022-03-25,Durango,2,27,29
2022-03-25,Guanajuato,2,36,38
2022-03-25,Guerrero,1,23,24
2022-03-25,Hidalgo,1,9,10
2022-03-25,Jalisco,3,64,67
2022-03-25,Michoacán de Ocampo,1,48,49
2022-03-25,Morelos,2,22,24
2022-03-25,Nayarit,1,6,7
2022-03-25,Nuevo León,2,273,275
2022-03-25,Oaxaca,2,8,10
2022-03-25,Puebla,1,36,37
2022-03-25,Querétaro,1,37,38
2022-03-25,Quintana Roo,4,23,27
2022-03-25,San Luis Potosí,3,24,27
2022-03-25,Sinaloa,1,23,24
2022-03-25,Sonora,2,91,93
2022-03-25,Tabasco,1,6,7
2022-03-25,Tlaxcala,3,3,6
2022-03-25,Veracruz de Ignacio de la Llave,3,26,29
2022-03-25,Yucatán,3,13,16
2022-03-26,Baja California,2,49,51
2022-03-26,Campeche,2,12,14
2022-03-26,Chiapas,2,7,9
2022-03-26,Chihuahua,4,79,83
2022-03-26,Coahuila de Zaragoza,3,37,40
2022-03-26,Colima,1,19,20
2022-03-26,Durango,1,21,22
2022-03-26,Guanajuato,1,56,57
2022-03-26,Hidalgo,1,13,14
2022-03-26,Michoacán de Ocampo,4,45,49
2022-03-26,Morelos,2,29,31
2022-03-26,México,3,55,58
2022-03-26,Nayarit,1,10,11
2022-03-26,Nuevo León,1,188,189
2022-03-26,Querétaro,1,40,41
2022-03-26,Sinaloa,1,14,15
2022-03-26,Sonora,3,85,88
2022-03-26,Tabasco,2,8,10
2022-03-26,Tamaulipas,6,46,52
2022-03-26,Veracruz de Ignacio de la Llave,2,29,31
2022-03-26,Yucatán,5,29,34
2022-03-26,Zacatecas,1,6,7
2022-03-27,Baja California,1,44,45
2022-03-27,Baja California Sur,1,13,14
2022-03-27,Campeche,4,5,9
2022-03-27,Chiapas,2,13,15
2022-03-27,Chihuahua,3,83,86
2022-03-27,Durango,2,29,31
2022-03-27,Guanajuato,1,45,46
2022-03-27,Guerrero,2,26,28
2022-03-27,Hidalgo,1,4,5
2022-03-27,Jalisco,1,44,45
2022-03-27,México,3,62,65
2022-03-27,Nuevo León,1,157,158
2022-03-27,Oaxaca,3,10,13
2022-03-27,Puebla,1,28,29
2022-03-27,Querétaro,2,45,47
2022-03-27,Quintana Roo,3,27,30
2022-03-27,Sinaloa,1,18,19
2022-03-27,Tabasco,2,6,8
2022-03-27,Veracruz de Ignacio de la Llave,2,24,26
2022-03-27,Yucatán,1,19,20
2022-03-27,Zacatecas,4,11,15
2022-03-28,Aguascalientes,2,19,21
2022-03-28,Baja California,4,49,53
2022-03-28,Campeche,3,11,14
2022-03-28,Chiapas,3,105,108
2022-03-28,Chihuahua,2,91,93
2022-03-28,Coahuila de Zaragoza,2,34,36
2022-03-28,Durango,1,33,34
2022-03-28,Guanajuato,3,48,51
2022-03-28,Guerrero,2,46,48
2022-03-28,Hidalgo,2,74,76
2022-03-28,Jalisco,1,112,113
2022-03-28,Michoacán de Ocampo,1,66,67
2022-03-28,México,2,46,48
2022-03-28,Nayarit,1,13,14
2022-03-28,Nuevo León,2,221,223
2022-03-28,Oaxaca,2,532,534
2022-03-28,Quintana Roo,1,25,26
2022-03-28,San Luis Potosí,1,62,63
2022-03-28,Sinaloa,2,21,23
2022-03-28,Sonora,2,106,108
2022-03-28,Tabasco,2,9,11
2022-03-28,Tamaulipas,1,46,47
2022-03-28,Tlaxcala,2,37,39
2022-03-28,Yucatán,3,39,42
2022-03-28,Zacatecas,4,19,23
2022-03-29,Aguascalientes,2,4,6
2022-03-29,Baja California,2,32,34
2022-03-29,Chihuahua,2,55,57
2022-03-29,Coahuila de Zaragoza,1,32,33
2022-03-29,Colima,1,15,16
2022-03-29,Durango,2,25,27
2022-03-29,Guanajuato,2,44,46
2022-03-29,Guerrero,3,15,18
2022-03-29,Hidalgo,1,6,7
2022-03-29,Michoacán de Ocampo,1,44,45
2022-03-29,Morelos,1,12,13
2022-03-29,México,3,43,46
2022-03-29,Nayarit,2,2,4
2022-03-29,Puebla,4,34,38
2022-03-29,Quintana Roo,1,22,23
2022-03-29,San Luis Potosí,2,20,22
2022-03-29,Sonora,2,55,57
2022-03-29,Tamaulipas,2,33,35
2022-03-29,Tlaxcala,2,5,7
2022-03-29,Veracruz de Ignacio de la Llave,1,29,30
2022-03-29,Zacatecas,2,6,8
2022-03-30,Aguascalientes,1,10,11
2022-03-30,Baja California,2,27,29
2022-03-30,Baja California Sur,1,17,18
2022-03-30,Campeche,2,8,10
2022-03-30,Chiapas,1,10,11
2022-03-30,Chihuahua,2,67,69
2022-03-30,Coahuila de Zaragoza,1,24,25
2022-03-30,Colima,3,13,16
2022-03-30,Guanajuato,2,32,34
2022-03-30,Guerrero,3,23,26
2022-03-30,Hidalgo,2,7,9
2022-03-30,Jalisco,1,40,41
2022-03-30,Michoacán de Ocampo,4,43,47
2022-03-30,Morelos,2,23,25
2022-03-30,Nayarit,1,7,8
2022-03-30,Nuevo León,1,240,241
2022-03-30,Oaxaca,4,15,19
2022-03-30,Quintana Roo,1,22,23
2022-03-30,San Luis Potosí,2,20,22
2022-03-30,Sinaloa,2,13,15
2022-03-30,Sonora,1,64,65
2022-03-30,Tabasco,2,3,5
2022-03-30,Tamaulipas,1,30,31
2022-03-30,Tlaxcala,2,10,12
2022-03-30,Veracruz de Ignacio de la Llave,1,36,37
2022-03-30,Yucatán,2,18,20
2022-03-31,Aguascalientes,2,11,13
2022-03-31,Baja California,2,38,40
2022-03-31,Chiapas,4,9,13
2022-03-31,Coahuila de Zaragoza,1,28,29
2022-03-31,Durango,5,32,37
2022-03-31,Guanajuato,2,39,41
2022-03-31,Guerrero,3,21,24
2022-03-31,Hidalgo,1,9,10
2022-03-31,Jalisco,1,31,32
2022-03-31,Michoacán de Ocampo,1,48,49
2022-03-31,México,1,50,51
2022-03-31,Nuevo León,3,209,212
2022-03-31,Oaxaca,1,12,13
2022-03-31,Querétaro,1,30,31
2022-03-31,San Luis Potosí,3,19,22
2022-03-31,Sinaloa,1,13,14
2022-03-31,Sonora,2,72,74
2022-03-31,Tabasco,1,7,8
2022-03-31,Tlaxcala,3,3,6
2022-03-31,Veracruz de Ignacio de la Llave,1,24,25
2022-03-31,Yucatán,2,18,20
2022-03-31,Zacatecas,1,4,5
2022-04-01,Aguascalientes,1,19,20
2022-04-01,Baja California,1,37,38
2022-04-01,Baja California Sur,2,19,21
2022-04-01,Chiapas,1,18,19
2022-04-01,Chihuahua,3,69,72
2022-04-01,Coahuila de Zaragoza,2,43,45
2022-04-01,Durango,2,36,38
2022-04-01,Guerrero,1,26,27
2022-04-01,Hidalgo,1,17,18
2022-04-01,Jalisco,1,40,41
2022-04-01,México,1,85,86
2022-04-01,Nayarit,1,9,10
2022-04-01,Oaxaca,2,28,30
2022-04-01,Querétaro,5,41,46
2022-04-01,Quintana Roo,1,33,34
2022-04-01,Sinaloa,1,35,36
2022-04-01,Sonora,2,106,108
2022-04-01,Tabasco,1,5,6
2022-04-01,Tamaulipas,2,47,49
2022-04-01,Veracruz de Ignacio de la Llave,1,38,39
2022-04-01,Yucatán,1,26,27
2022-04-01,Zacatecas,3,20,23
2022-04-02,Aguascalientes,1,22,23
2022-04-02,Baja California,1,42,43
2022-04-02,Baja California Sur,1,20,21
2022-04-02,Campeche,3,12,15
2022-04-02,Chihuahua,1,59,60
2022-04-02,Durango,1,32,33
2022-04-02,Guanajuato,1,68,69
2022-04-02,Guerrero,2,16,18
2022-04-02,Hidalgo,1,15,16
2022-04-02,Jalisco,2,53,55
2022-04-02,Michoacán de Ocampo,3,58,61
2022-04-02,Morelos,4,43,47
2022-04-02,México,3,63,66
2022-04-02,Nayarit,1,7,8
2022-04-02,Nuevo León,2,231,233
2022-04-02,Oaxaca,2,14,16
2022-04-02,Puebla,2,61,63
2022-04-02,Quintana Roo,2,37,39
2022-04-02,San Luis Potosí,4,26,30
2022-04-02,Sinaloa,3,17,20
2022-04-02,Sonora,2,76,78
2022-04-02,Tabasco,2,13,15
2022-04-02,Tlaxcala,1,11,12
2022-04-02,Veracruz de Ignacio de la Llave,3,30,33
2022-04-02,Zacatecas,1,6,7
2022-04-03,Aguascalientes,2,24,26
2022-04-03,Baja California Sur,2,17,19
2022-04-03,Campeche,2,10,12
2022-04-03,Chiapas,2,16,18
2022-04-03,Chihuahua,3,59,62
2022-04-03,Coahuila de Zaragoza,2,39,41
2022-04-03,Colima,1,12,13
2022-04-03,Guanajuato,1,76,77
2022-04-03,Hidalgo,3,9,12
2022-04-03,Jalisco,2,45,47
2022-04-03,Michoacán de Ocampo,2,51,53
2022-04-03,Morelos,1,32,33
2022-04-03,México,2,50,52
2022-04-03,Nayarit,1,17,18
2022-04-03,Nuevo León,3,183,186
2022-04-03,Quintana Roo,3,28,31
2022-04-03,San Luis Potosí,1,24,25
2022-04-03,Sinaloa,1,26,27
2022-04-03,Sonora,2,84,86
2022-04-03,Tabasco,2,13,15
2022-04-03,Tamaulipas,2,56,58
2022-04-03,Tlaxcala,2,6,8
2022-04-03,Veracruz de Ignacio de la Llave,1,21,22
2022-04-03,Yucatán,1,33,34
2022-04-04,Aguascalientes,2,10,12
2022-04-04,Baja California Sur,1,19,20
2022-04-04,Campeche,1,8,9
2022-04-04,Chiapas,2,24,26
2022-04-04,Chihuahua,2,77,79
2022-04-04,Coahuila de Zaragoza,1,42,43
2022-04-04,Colima,2,9,11
2022-04-04,Guanajuato,3,49,52
2022-04-04,Hidalgo,3,6,9
2022-04-04,Jalisco,5,48,53
2022-04-04,Morelos,1,26,27
2022-04-04,México,2,55,57
2022-04-04,Nayarit,1,8,9
2022-04-04,Nuevo León,2,256,258
2022-04-04,Oaxaca,1,25,26
2022-04-04,Querétaro,2,38,40
2022-04-04,San Luis Potosí,1,22,23
2022-04-04,Sinaloa,1,23,24
2022-04-04,Sonora,1,53,54
2022-04-04,Tabasco,2,4,6
2022-04-04,Tamaulipas,2,44,46
2022-04-04,Tlaxcala,1,5,6
2022-04-04,Veracruz de Ignacio de la Llave,2,30,32
2022-04-04,Yucatán,4,34,38
2022-04-04,Zacatecas,1,8,9
2022-04-05,Aguascalientes,2,9,11
2022-04-05,Baja California,1,21,22
2022-04-05,Campeche,3,13,16
2022-04-05,Chiapas,1,15,16
2022-04-05,Coahuila de Zaragoza,2,36,38
2022-04-05,Colima,3,17,20
2022-04-05,Durango,1,30,31
2022-04-05,Guanajuato,1,43,44
2022-04-05,Guerrero,1,20,21
2022-04-05,Jalisco,2,35,37
2022-04-05,Michoacán de Ocampo,1,39,40
2022-04-05,Morelos,1,23,24
2022-04-05,México,2,62,64
2022-04-05,Nuevo León,3,264,267
2022-04-05,Querétaro,2,37,39
2022-04-05,Quintana Roo,3,21,24
2022-04-05,San Luis Potosí,4,16,20
2022-04-05,Sinaloa,1,16,17
2022-04-05,Sonora,1,75,76
2022-04-05,Tamaulipas,2,40,42
2022-04-05,Veracruz de Ignacio de la Llave,1,27,28
2022-04-05,Zacatecas,1,5,6
2022-04-06,Aguascalientes,3,11,14
2022-04-06,Baja California,2,32,34
2022-04-06,Baja California Sur,2,13,15
2022-04-06,Campeche,2,14,16
2022-04-06,Chiapas,4,11,15
2022-04-06,Chihuahua,1,53,54
2022-04-06,Colima,4,14,18
2022-04-06,Durango,2,34,36
2022-04-06,Guanajuato,2,42,44
2022-04-06,Guerrero,2,22,24
2022-04-06,Hidalgo,2,11,13
2022-04-06,Jalisco,2,28,30
2022-04-06,Morelos,3,20,23
2022-04-06,México,5,45,50
2022-04-06,Oaxaca,1,13,14
2022-04-06,Puebla,1,20,21
2022-04-06,Querétaro,2,30,32
2022-04-06,Quintana Roo,1,22,23
2022-04-06,San Luis Potosí,2,23,25
2022-04-06,Tamaulipas,2,43,45
2022-04-06,Tlaxcala,1,3,4
2022-04-06,Veracruz de Ignacio de la Llave,2,29,31
2022-04-06,Yucatán,3,19,22
2022-04-06,Zacatecas,1,9,10
2022-04-07,Aguascalientes,3,10,13
2022-04-07,Baja California Sur,3,1,4
2022-04-07,Campeche,2,10,12
2022-04-07,Colima,1,17,18
2022-04-07,Durango,1,26,27
2022-04-07,Hidalgo,2,10,12
2022-04-07,Jalisco,1,49,50
2022-04-07,Michoacán de Ocampo,2,38,40
2022-04-07,Morelos,2,27,29
2022-04-07,Nayarit,2,4,6
2022-04-07,Oaxaca,5,14,19
2022-04-07,Puebla,1,43,44
2022-04-07,Querétaro,1,43,44
2022-04-07,Quintana Roo,3,23,26
2022-04-07,San Luis Potosí,1,21,22
2022-04-07,Sinaloa,2,12,14
2022-04-07,Sonora,1,90,91
2022-04-07,Tabasco,1,7,8
2022-04-07,Tamaulipas,1,34,35
2022-04-07,Tlaxcala,1,8,9
2022-04-07,Veracruz de Ignacio de la Llave,1,32,33
2022-04-07,Yucatán,5,22,27
2022-04-07,Zacatecas,1,3,4
2022-04-08,Aguascalientes,1,6,7
2022-04-08,Baja California,3,55,58
2022-04-08,Baja California Sur,1,22,23
2022-04-08,Campeche,2,11,13
2022-04-08,Chiapas,2,20,22
2022-04-08,Chihuahua,5,67,72
2022-04-08,Coahuila de Zaragoza,4,39,43
2022-04-08,Colima,2,12,14
2022-04-08,Durango,1,27,28
2022-04-08,Guanajuato,2,38,40
2022-04-08,Hidalgo,2,5,7
2022-04-08,Jalisco,2,43,45
2022-04-08,Morelos,1,21,22
2022-04-08,México,2,81,83
2022-04-08,Oaxaca,3,24,27
2022-04-08,Puebla,2,26,28
2022-04-08,Querétaro,2,35,37
2022-04-08,Quintana Roo,3,26,29
2022-04-08,San Luis Potosí,2,20,22
2022-04-08,Sonora,3,87,90
2022-04-08,Tabasco,2,8,10
2022-04-08,Tamaulipas,2,47,49
2022-04-08,Tlaxcala,5,8,13
2022-04-08,Veracruz de Ignacio de la Llave,2,22,24
2022-04-08,Yucatán,4,21,25
2022-04-08,Zacatecas,1,6,7
2022-04-09,Baja California,2,61,63
2022-04-09,Baja California Sur,3,25,28
2022-04-09,Campeche,2,12,14
2022-04-09,Chiapas,1,18,19
2022-04-09,Chihuahua,3,88,91
2022-04-09,Coahuila de Zaragoza,1,39,40
2022-04-09,Colima,1,21,22
2022-04-09,Durango,3,30,33
2022-04-09,Guanajuato,1,65,66
2022-04-09,Guerrero,2,24,26
2022-04-09,Hidalgo,2,11,13
2022-04-09,Jalisco,1,39,40
2022-04-09,Morelos,1,27,28
2022-04-09,México,2,87,89
2022-04-09,Nayarit,1,5,6
2022-04-09,Oaxaca,1,19,20
2022-04-09,Puebla,1,43,44
2022-04-09,Querétaro,1,42,43
2022-04-09,Quintana Roo,1,28,29
2022-04-09,San Luis Potosí,1,26,27
2022-04-09,Sinaloa,3,30,33
2022-04-09,Sonora,2,88,90
2022-04-09,Tabasco,2,7,9
2022-04-09,Tlaxcala,1,3,4
2022-04-09,Veracruz de Ignacio de la Llave,1,31,32
2022-04-09,Yucatán,2,29,31
2022-04-09,Zacatecas,5,7,12
2022-04-10,Baja California,1,55,56
2022-04-10,Baja California Sur,3,13,16
2022-04-10,Campeche,2,9,11
2022-04-10,Chiapas,1,10,11
2022-04-10,Chihuahua,2,85,87
2022-04-10,Coahuila de Zaragoza,1,33,34
2022-04-10,Colima,3,16,19
2022-04-10,Durango,3,32,35
2022-04-10,Guerrero,3,26,29
2022-04-10,Hidalgo,2,8,10
2022-04-10,Jalisco,2,42,44
2022-04-10,Michoacán de Ocampo,1,56,57
2022-04-10,Morelos,1,33,34
2022-04-10,México,2,66,68
2022-04-10,Nayarit,1,6,7
2022-04-10,Nuevo León,1,142,143
2022-04-10,Puebla,1,29,30
2022-04-10,Querétaro,3,41,44
2022-04-10,Quintana Roo,1,30,31
2022-04-10,Sinaloa,1,24,25
2022-04-10,Sonora,1,88,89
2022-04-10,Tabasco,2,9,11
2022-04-10,Tamaulipas,1,60,61
2022-04-10,Veracruz de Ignacio de la Llave,1,30,31
2022-04-10,Yucatán,1,25,26
2022-04-10,Zacatecas,3,6,9
2022-04-11,Aguascalientes,4,10,14
2022-04-11,Baja California,2,38,40
2022-04-11,Coahuila de Zaragoza,3,18,21
2022-04-11,Durango,5,16,21
2022-04-11,Michoacán de Ocampo,1,53,54
2022-04-11,México,2,61,63
2022-04-11,Nayarit,3,6,9
2022-04-11,Nuevo León,2,182,184
2022-04-11,Oaxaca,3,15,18
2022-04-11,Puebla,3,40,43
2022-04-11,Querétaro,2,19,21
2022-04-11,Quintana Roo,1,18,19
2022-04-11,San Luis Potosí,1,14,15
2022-04-11,Tabasco,1,8,9
2022-04-11,Tamaulipas,2,42,44
2022-04-11,Veracruz de Ignacio de la Llave,1,27,28
2022-04-11,Yucatán,1,25,26
2022-04-11,Zacatecas,3,3,6
2022-04-12,Aguascalientes,1,12,13
2022-04-12,Baja California,3,36,39
2022-04-12,Baja California Sur,1,8,9
2022-04-12,Campeche,1,12,13
2022-04-12,Chiapas,2,12,14
2022-04-12,Chihuahua,1,45,46
2022-04-12,Coahuila de Zaragoza,1,34,35
2022-04-12,Colima,2,12,14
2022-04-12,Guanajuato,3,36,39
2022-04-12,Guerrero,3,18,21
2022-04-12,Hidalgo,2,4,6
2022-04-12,Michoacán de Ocampo,2,28,30
2022-04-12,Morelos,2,31,33
2022-04-12,México,2,49,51
2022-04-12,Nuevo León,1,201,202
2022-04-12,Oaxaca,1,11,12
2022-04-12,Puebla,4,42,46
2022-04-12,Quintana Roo,3,13,16
2022-04-12,Sinaloa,1,14,15
2022-04-12,Sonora,1,61,62
2022-04-12,Tabasco,3,5,8
2022-04-12,Tamaulipas,3,27,30
2022-04-12,Veracruz de Ignacio de la Llave,1,21,22
2022-04-12,Yucatán,2,26,28
2022-04-12,Zacatecas,1,5,6
2022-04-13,Aguascalientes,1,10,11
2022-04-13,Baja California,1,41,42
2022-04-13,Baja California Sur,2,13,15
2022-04-13,Campeche,1,10,11
2022-04-13,Chiapas,1,10,11
2022-04-13,Coahuila de Zaragoza,2,23,25
2022-04-13,Colima,3,17,20
2022-04-13,Durango,1,23,24
2022-04-13,Guanajuato,1,36,37
2022-04-13,Guerrero,1,18,19
2022-04-13,Jalisco,1,29,30
2022-04-13,Michoacán de Ocampo,1,52,53
2022-04-13,México,3,56,59
2022-04-13,Nayarit,1,7,8
2022-04-13,Oaxaca,1,17,18
2022-04-13,Puebla,2,25,27
2022-04-13,Querétaro,1,29,30
2022-04-13,Quintana Roo,1,28,29
2022-04-13,San Luis Potosí,3,10,13
2022-04-13,Sinaloa,1,21,22
2022-04-13,Sonora,1,63,64
2022-04-13,Tabasco,3,8,11
2022-04-13,Tamaulipas,1,41,42
2022-04-13,Veracruz de Ignacio de la Llave,5,25,30
2022-04-14,Aguascalientes,3,17,20
2022-04-14,Baja California,3,37,40
2022-04-14,Baja California Sur,3,11,14
2022-04-14,Campeche,4,6,10
2022-04-14,Coahuila de Zaragoza,4,22,26
2022-04-14,Durango,1,22,23
2022-04-14,Guanajuato,1,43,44
2022-04-14,Guerrero,2,22,24
2022-04-14,Hidalgo,3,9,12
2022-04-14,Jalisco,3,30,33
2022-04-14,Michoacán de Ocampo,3,48,51
2022-04-14,México,5,51,56
2022-04-14,Nayarit,4,11,15
2022-04-14,Oaxaca,1,18,19
2022-04-14,Puebla,1,35,36
2022-04-14,Querétaro,2,23,25
2022-04-14,Quintana Roo,2,30,32
2022-04-14,San Luis Potosí,1,13,14
2022-04-14,Sinaloa,2,21,23
2022-04-14,Sonora,1,59,60
2022-04-14,Tamaulipas,5,35,40
2022-04-14,Tlaxcala,1,10,11
2022-04-14,Veracruz de Ignacio de la Llave,5,29,34
2022-04-14,Yucatán,1,31,32
2022-04-15,Baja California,7,35,42
2022-04-15,Campeche,1,14,15
2022-04-15,Chiapas,2,18,20
2022-04-15,Chihuahua,2,53,55
2022-04-15,Coahuila de Zaragoza,1,35,36
2022-04-15,Colima,1,10,11
2022-04-15,Durango,3,30,33
2022-04-15,Guanajuato,3,29,32
2022-04-15,Hidalgo,1,7,8
2022-04-15,Jalisco,3,27,30
2022-04-15,Morelos,1,26,27
2022-04-15,Nayarit,3,10,13
2022-04-15,Nuevo León,1,136,137
2022-04-15,Oaxaca,1,11,12
2022-04-15,Puebla,1,26,27
2022-04-15,Querétaro,2,37,39
2022-04-15,Quintana Roo,4,26,30
2022-04-15,San Luis Potosí,3,17,20
2022-04-15,Sinaloa,2,24,26
2022-04-15,Sonora,1,67,68
2022-04-15,Tabasco,1,3,4
2022-04-15,Tamaulipas,1,43,44
2022-04-15,Tlaxcala,5,3,8
2022-04-15,Veracruz de Ignacio de la Llave,2,27,29
2022-04-15,Yucatán,2,31,33
2022-04-15,Zacatecas,1,6,7
2022-04-16,Aguascalientes,1,10,11
2022-04-16,Baja California,1,40,41
2022-04-16,Baja California Sur,3,15,18
2022-04-16,Campeche,3,14,17
2022-04-16,Chiapas,2,14,16
2022-04-16,Chihuahua,1,72,73
2022-04-16,Coahuila de Zaragoza,2,31,33
2022-04-16,Colima,2,14,16
2022-04-16,Durango,1,23,24
2022-04-16,Guerrero,1,21,22
2022-04-16,Hidalgo,1,6,7
2022-04-16,Jalisco,1,39,40
2022-04-16,Michoacán de Ocampo,1,50,51
2022-04-16,México,1,47,48
2022-04-16,Oaxaca,2,15,17
2022-04-16,Quintana Roo,1,31,32
2022-04-16,San Luis Potosí,2,18,20
2022-04-16,Sinaloa,4,24,28
2022-04-16,Sonora,1,65,66
2022-04-16,Tabasco,4,7,11
2022-04-16,Tamaulipas,5,50,55
2022-04-16,Tlaxcala,2,11,13
2022-04-16,Veracruz de Ignacio de la Llave,1,30,31
2022-04-17,Aguascalientes,3,18,21
2022-04-17,Baja California Sur,4,16,20
2022-04-17,Campeche,1,7,8
2022-04-17,Chiapas,2,17,19
2022-04-17,Coahuila de Zaragoza,1,28,29
2022-04-17,Colima,3,17,20
2022-04-17,Durango,3,29,32
2022-04-17,Guanajuato,2,40,42
2022-04-17,Guerrero,1,21,22
2022-04-17,Jalisco,1,26,27
2022-04-17,Michoacán de Ocampo,3,48,51
2022-04-17,Morelos,1,25,26
2022-04-17,México,3,44,47
2022-04-17,Nayarit,2,12,14
2022-04-17,Nuevo León,1,136,137
2022-04-17,Puebla,2,21,23
2022-04-17,Querétaro,4,36,40
2022-04-17,Quintana Roo,1,24,25
2022-04-17,San Luis Potosí,2,19,21
2022-04-17,Tabasco,1,3,4
2022-04-17,Tamaulipas,2,38,40
2022-04-17,Tlaxcala,1,6,7
2022-04-17,Yucatán,4,19,23
2022-04-17,Zacatecas,4,9,13
2022-04-18,Aguascalientes,2,6,8
2022-04-18,Baja California,1,38,39
2022-04-18,Baja California Sur,3,15,18
2022-04-18,Chiapas,2,14,16
2022-04-18,Chihuahua,1,59,60
2022-04-18,Coahuila de Zaragoza,2,34,36
2022-04-18,Durango,3,25,28
2022-04-18,Guanajuato,1,47,48
2022-04-18,Guerrero,1,24,25
2022-04-18,Hidalgo,1,10,11
2022-04-18,Jalisco,1,38,39
2022-04-18,Michoacán de Ocampo,2,37,39
2022-04-18,Morelos,4,20,24
2022-04-18,Nayarit,2,6,8
2022-04-18,Nuevo León,2,187,189
2022-04-18,Oaxaca,5,25,30
2022-04-18,Quintana Roo,2,21,23
2022-04-18,San Luis Potosí,1,17,18
2022-04-18,Sinaloa,2,25,27
2022-04-18,Sonora,1,66,67
2022-04-18,Tabasco,2,4,6
2022-04-18,Tamaulipas,1,50,51
2022-04-18,Veracruz de Ignacio de la Llave,3,21,24
2022-04-19,Aguascalientes,1,12,13
2022-04-19,Baja California Sur,1,15,16
2022-04-19,Campeche,2,7,9
2022-04-19,Chiapas,1,6,7
2022-04-19,Chihuahua,1,47,48
2022-04-19,Colima,1,12,13
2022-04-19,Durango,1,22,23
2022-04-19,Guerrero,2,16,18
2022-04-19,Hidalgo,1,9,10
2022-04-19,Jalisco,2,29,31
2022-04-19,Michoacán de Ocampo,1,42,43
2022-04-19,Morelos,3,18,21
2022-04-19,México,1,55,56
2022-04-19,Nayarit,1,4,5
2022-04-19,Nuevo León,2,172,174
2022-04-19,Oaxaca,3,9,12
2022-04-19,Puebla,4,28,32
2022-04-19,San Luis Potosí,2,22,24
2022-04-19,Sinaloa,2,22,24
2022-04-19,Sonora,3,60,63
2022-04-19,Tamaulipas,3,33,36
2022-04-19,Veracruz de Ignacio de la Llave,4,34,38
2022-04-19,Yucatán,1,17,18
2022-04-19,Zacatecas,3,9,12
2022-04-20,Aguascalientes,2,6,8
2022-04-20,Baja California,2,26,28
2022-04-20,Baja California Sur,1,12,13
2022-04-20,Coahuila de Zaragoza,1,15,16
2022-04-20,Colima,2,13,15
2022-04-20,Guerrero,2,13,15
2022-04-20,Hidalgo,1,7,8
2022-04-20,Jalisco,1,31,32
2022-04-20,Michoacán de Ocampo,3,28,31
2022-04-20,Morelos,3,26,29
2022-04-20,México,2,44,46
2022-04-20,Nuevo León,4,176,180
2022-04-20,Oaxaca,2,17,19
2022-04-20,Puebla,1,29,30
2022-04-20,Quintana Roo,1,27,28
2022-04-20,San Luis Potosí,1,20,21
2022-04-20,Sinaloa,4,13,17
2022-04-20,Sonora,1,74,75
2022-04-20,Tamaulipas,1,39,40
2022-04-20,Tlaxcala,3,6,9
2022-04-20,Veracruz de Ignacio de la Llave,2,30,32
2022-04-20,Yucatán,1,13,14
2022-04-20,Zacatecas,2,5,7
2022-04-21,Baja California,1,30,31
2022-04-21,Baja California Sur,1,8,9
2022-04-21,Campeche,2,16,18
2022-04-21,Chihuahua,1,67,68
2022-04-21,Coahuila de Zaragoza,2,23,25
2022-04-21,Colima,1,11,12
2022-04-21,Durango,3,15,18
2022-04-21,Hidalgo,2,9,11
2022-04-21,Jalisco,4,41,45
2022-04-21,Michoacán de Ocampo,2,38,40
2022-04-21,Morelos,2,19,21
2022-04-21,México,1,53,54
2022-04-21,Nayarit,2,4,6
2022-04-21,Nuevo León,1,187,188
2022-04-21,Quintana Roo,1,30,31
2022-04-21,San Luis Potosí,3,20,23
2022-04-21,Sinaloa,1,16,17
2022-04-21,Tabasco,3,9,12
2022-04-21,Tamaulipas,2,28,30
2022-04-21,Tlaxcala,3,2,5
2022-04-21,Yucatán,2,26,28
2022-04-22,Aguascalientes,2,18,20
2022-04-22,Baja California,6,37,43
2022-04-22,Baja California Sur,1,11,12
2022-04-22,Campeche,2,13,15
2022-04-22,Chiapas,3,15,18
2022-04-22,Chihuahua,2,58,60
2022-04-22,Coahuila de Zaragoza,1,21,22
2022-04-22,Colima,1,27,28
2022-04-22,Durango,2,37,39
2022-04-22,Guanajuato,4,47,51
2022-04-22,Guerrero,1,24,25
2022-04-22,Hidalgo,2,9,11
2022-04-22,Jalisco,1,49,50
2022-04-22,Michoacán de Ocampo,2,44,46
2022-04-22,Morelos,2,25,27
2022-04-22,México,2,63,65
2022-04-22,Nayarit,1,8,9
2022-04-22,Nuevo León,1,199,200
2022-04-22,Oaxaca,2,14,16
2022-04-22,Puebla,1,29,30
2022-04-22,Querétaro,1,43,44
2022-04-22,San Luis Potosí,1,23,24
2022-04-22,Sinaloa,4,35,39
2022-04-22,Sonora,1,82,83
2022-04-22,Tabasco,1,9,10
2022-04-22,Tamaulipas,1,47,48
2022-04-22,Tlaxcala,2,13,15
2022-04-22,Veracruz de Ignacio de la Llave,1,27,28
2022-04-22,Yucatán,2,21,23
2022-04-22,Zacatecas,1,6,7
2022-04-23,Aguascalientes,1,25,26
2022-04-23,Baja California,2,53,55
2022-04-23,Baja California Sur,2,19,21
2022-04-23,Campeche,2,17,19
2022-04-23,Chihuahua,1,76,77
2022-04-23,Coahuila de Zaragoza,3,28,31
2022-04-23,Durango,1,32,33
2022-04-23,Guanajuato,1,60,61
2022-04-23,Guerrero,1,29,30
2022-04-23,Hidalgo,2,11,13
2022-04-23,Jalisco,1,49,50
2022-04-23,Morelos,1,35,36
2022-04-23,México,2,64,66
2022-04-23,Nayarit,1,7,8
2022-04-23,Nuevo León,1,173,174
2022-04-23,Oaxaca,3,15,18
2022-04-23,Puebla,2,30,32
2022-04-23,Querétaro,1,42,43
2022-04-23,Sonora,1,63,64
2022-04-23,Tlaxcala,1,8,9
2022-04-23,Veracruz de Ignacio de la Llave,1,37,38
2022-04-23,Yucatán,1,25,26
2022-04-23,Zacatecas,2,12,14
2022-04-24,Aguascalientes,1,17,18
2022-04-24,Baja California,2,57,59
2022-04-24,Baja California Sur,1,11,12
2022-04-24,Campeche,2,9,11
2022-04-24,Chiapas,3,17,20
2022-04-24,Chihuahua,2,72,74
2022-04-24,Coahuila de Zaragoza,2,37,39
2022-04-24,Durango,1,29,30
2022-04-24,Guerrero,2,21,23
2022-04-24,Hidalgo,2,7,9
2022-04-24,Jalisco,1,50,51
2022-04-24,Michoacán de Ocampo,1,50,51
2022-04-24,Morelos,1,22,23
2022-04-24,México,1,48,49
2022-04-24,Nuevo León,1,148,149
2022-04-24,Oaxaca,2,17,19
2022-04-24,Puebla,1,27,28
2022-04-24,Quintana Roo,2,23,25
2022-04-24,San Luis Potosí,1,15,16
2022-04-24,Sonora,2,58,60
2022-04-24,Tabasco,1,10,11
2022-04-24,Tamaulipas,1,43,44
2022-04-24,Tlaxcala,1,4,5
2022-04-24,Zacatecas,2,10,12
2022-04-25,Aguascalientes,2,10,12
2022-04-25,Baja California Sur,1,5,6
2022-04-25,Campeche,1,8,9
2022-04-25,Chiapas,2,7,9
2022-04-25,Chihuahua,2,80,82
2022-04-25,Colima,1,23,24
2022-04-25,Durango,1,22,23
2022-04-25,Guanajuato,2,37,39
2022-04-25,Guerrero,2,19,21
2022-04-25,Hidalgo,1,9,10
2022-04-25,Jalisco,1,54,55
2022-04-25,Michoacán de Ocampo,2,47,49
2022-04-25,Morelos,1,25,26
2022-04-25,México,2,52,54
2022-04-25,Nuevo León,1,211,212
2022-04-25,Oaxaca,2,11,13
2022-04-25,Querétaro,1,38,39
2022-04-25,Quintana Roo,1,32,33
2022-04-25,Sinaloa,1,26,27
2022-04-25,Sonora,1,84,85
2022-04-25,Tabasco,2,5,7
2022-04-25,Tamaulipas,3,52,55
2022-04-25,Tlaxcala,1,7,8
2022-04-25,Veracruz de Ignacio de la Llave,1,23,24
2022-04-25,Yucatán,4,21,25
2022-04-25,Zacatecas,1,7,8
2022-04-26,Aguascalientes,1,10,11
2022-04-26,Baja California,2,23,25
2022-04-26,Baja California Sur,6,13,19
2022-04-26,Chiapas,1,9,10
2022-04-26,Coahuila de Zaragoza,1,27,28
2022-04-26,Colima,6,11,17
2022-04-26,Durango,3,31,34
2022-04-26,Guanajuato,1,46,47
2022-04-26,Guerrero,2,22,24
2022-04-26,Hidalgo,2,14,16
2022-04-26,Jalisco,1,35,36
2022-04-26,Michoacán de Ocampo,1,36,37
2022-04-26,Morelos,2,27,29
2022-04-26,México,3,37,40
2022-04-26,Oaxaca,2,18,20
2022-04-26,Puebla,2,45,47
2022-04-26,Querétaro,1,28,29
2022-04-26,San Luis Potosí,1,22,23
2022-04-26,Sinaloa,2,18,20
2022-04-26,Sonora,5,72,77
2022-04-26,Tabasco,2,4,6
2022-04-26,Tamaulipas,1,33,34
2022-04-26,Tlaxcala,1,9,10
2022-04-26,Veracruz de Ignacio de la Llave,2,32,34
2022-04-26,Yucatán,3,17,20
2022-04-27,Baja California,1,45,46
2022-04-27,Baja California Sur,2,23,25
2022-04-27,Campeche,1,9,10
2022-04-27,Coahuila de Zaragoza,2,32,34
2022-04-27,Durango,1,18,19
2022-04-27,Guanajuato,3,31,34
2022-04-27,Jalisco,1,42,43
2022-04-27,Michoacán de Ocampo,2,55,57
2022-04-27,Morelos,1,19,20
2022-04-27,México,2,42,44
2022-04-27,Nayarit,2,7,9
2022-04-27,Nuevo León,1,224,225
2022-04-27,Puebla,2,30,32
2022-04-27,Querétaro,3,34,37
2022-04-27,Quintana Roo,1,11,12
2022-04-27,San Luis Potosí,1,19,20
2022-04-27,Sinaloa,3,16,19
2022-04-27,Sonora,3,68,71
2022-04-27,Tabasco,1,3,4
2022-04-27,Tlaxcala,2,8,10
2022-04-27,Veracruz de Ignacio de la Llave,1,29,30
2022-04-27,Yucatán,1,31,32
2022-04-27,Zacatecas,1,4,5
2022-04-28,Aguascalientes,2,6,8
2022-04-28,Baja California,5,35,40
2022-04-28,Baja California Sur,1,15,16
2022-04-28,Campeche,4,8,12
2022-04-28,Chiapas,3,100,103
2022-04-28,Chihuahua,2,71,73
2022-04-28,Coahuila de Zaragoza,2,37,39
2022-04-28,Colima,1,18,19
2022-04-28,Durango,2,21,23
2022-04-28,Guanajuato,1,39,40
2022-04-28,Guerrero,1,50,51
2022-04-28,Hidalgo,1,79,80
2022-04-28,Jalisco,2,109,111
2022-04-28,Michoacán de Ocampo,1,69,70
2022-04-28,Morelos,1,18,19
2022-04-28,México,1,33,34
2022-04-28,Nayarit,1,7,8
2022-04-28,Oaxaca,4,526,530
2022-04-28,Querétaro,1,33,34
2022-04-28,Quintana Roo,1,21,22
2022-04-28,San Luis Potosí,2,57,59
2022-04-28,Sinaloa,1,20,21
2022-04-28,Sonora,1,112,113
2022-04-28,Tabasco,2,3,5
2022-04-28,Tlaxcala,3,39,42
2022-04-28,Yucatán,1,30,31
2022-04-28,Zacatecas,4,16,20
2022-04-29,Aguascalientes,3,3,6
2022-04-29,Baja California,2,33,35
2022-04-29,Baja California Sur,1,21,22
2022-04-29,Campeche,3,18,21
2022-04-29,Chiapas,1,10,11
2022-04-29,Colima,1,9,10
2022-04-29,Durango,1,31,32
2022-04-29,Guerrero,3,21,24
2022-04-29,Hidalgo,1,9,10
2022-04-29,Michoacán de Ocampo,1,48,49
2022-04-29,Morelos,2,26,28
2022-04-29,México,3,37,40
2022-04-29,Nayarit,3,5,8
2022-04-29,Nuevo León,2,260,262
2022-04-29,Oaxaca,1,16,17
2022-04-29,Querétaro,1,33,34
2022-04-29,San Luis Potosí,2,26,28
2022-04-29,Sinaloa,2,18,20
2022-04-29,Tabasco,1,9,10
2022-04-29,Tamaulipas,3,36,39
2022-04-29,Tlaxcala,2,6,8
2022-04-29,Zacatecas,1,6,7
2022-04-30,Aguascalientes,6,18,24
2022-04-30,Baja California,2,42,44
2022-04-30,Campeche,5,12,17
2022-04-30,Chiapas,2,16,18
2022-04-30,Chihuahua,1,86,87
2022-04-30,Coahuila de Zaragoza,4,23,27
2022-04-30,Colima,3,16,19
2022-04-30,Durango,1,45,46
2022-04-30,Guanajuato,2,56,58
2022-04-30,Guerrero,1,24,25
2022-04-30,Hidalgo,2,10,12
2022-04-30,Jalisco,1,39,40
2022-04-30,Michoacán de Ocampo,1,48,49
2022-04-30,Morelos,2,37,39
2022-04-30,Nayarit,4,3,7
2022-04-30,Oaxaca,1,15,16
2022-04-30,Puebla,1,41,42
2022-04-30,Querétaro,1,47,48
2022-04-30,Quintana Roo,1,23,24
2022-04-30,San Luis Potosí,1,23,24
2022-04-30,Sinaloa,1,24,25
2022-04-30,Tabasco,1,8,9
2022-04-30,Yucatán,3,25,28
2022-04-30,Zacatecas,2,4,6
2022-05-01,Aguascalientes,1,13,14
2022-05-01,Baja California,2,44,46
2022-05-01,Baja California Sur,1,20,21
2022-05-01,Campeche,3,19,22
2022-05-01,Chiapas,2,15,17
2022-05-01,Coahuila de Zaragoza,3,50,53
2022-05-01,Colima,1,27,28
2022-05-01,Guanajuato,1,51,52
2022-05-01,Guerrero,5,35,40
2022-05-01,Jalisco,1,55,56
2022-05-01,Michoacán de Ocampo,1,61,62
2022-05-01,México,2,92,94
2022-05-01,Nayarit,4,17,21
2022-05-01,Nuevo León,2,187,189
2022-05-01,Oaxaca,2,17,19
2022-05-01,Querétaro,3,34,37
2022-05-01,Quintana Roo,1,38,39
2022-05-01,Sinaloa,1,52,53
2022-05-01,Sonora,1,82,83
2022-05-01,Tabasco,2,11,13
2022-05-01,Tamaulipas,1,57,58
2022-05-01,Tlaxcala,1,6,7
2022-05-01,Veracruz de Ignacio de la Llave,1,32,33
2022-05-01,Yucatán,2,42,44
2022-05-01,Zacatecas,2,16,18
2022-05-02,Aguascalientes,2,8,10
2022-05-02,Baja California,3,38,41
2022-05-02,Campeche,1,11,12
2022-05-02,Chiapas,1,9,10
2022-05-02,Chihuahua,1,71,72
2022-05-02,Colima,1,21,22
2022-05-02,Durango,1,30,31
2022-05-02,Guanajuato,2,51,53
2022-05-02,Hidalgo,2,4,6
2022-05-02,Jalisco,2,39,41
2022-05-02,Morelos,3,27,30
2022-05-02,Nayarit,3,6,9
2022-05-02,Oaxaca,2,10,12
2022-05-02,Puebla,4,35,39
2022-05-02,Querétaro,3,32,35
2022-05-02,Quintana Roo,1,21,22
2022-05-02,San Luis Potosí,1,25,26
2022-05-02,Tabasco,1,8,9
2022-05-02,Tamaulipas,2,28,30
2022-05-02,Tlaxcala,1,6,7
2022-05-02,Veracruz de Ignacio de la Llave,2,25,27
2022-05-02,Yucatán,4,36,40
2022-05-02,Zacatecas,3,8,11
2022-05-03,Aguascalientes,1,5,6
2022-05-03,Baja California Sur,3,22,25
2022-05-03,Campeche,2,12,14
2022-05-03,Chiapas,1,14,15
2022-05-03,Chihuahua,4,68,72
2022-05-03,Coahuila de Zaragoza,2,22,24
2022-05-03,Colima,4,15,19
2022-05-03,Durango,1,25,26
2022-05-03,Guanajuato,2,35,37
2022-05-03,Guerrero,2,18,20
2022-05-03,Hidalgo,1,6,7
2022-05-03,Jalisco,2,39,41
2022-05-03,Michoacán de Ocampo,2,47,49
2022-05-03,Morelos,2,34,36
2022-05-03,México,1,47,48
2022-05-03,Nuevo León,1,257,258
2022-05-03,Oaxaca,2,18,20
2022-05-03,San Luis Potosí,1,22,23
2022-05-03,Sonora,2,68,70
2022-05-03,Tabasco,1,7,8
2022-05-03,Tamaulipas,1,47,48
2022-05-03,Tlaxcala,1,3,4
2022-05-03,Veracruz de Ignacio de la Llave,3,20,23
2022-05-03,Yucatán,2,29,31
2022-05-04,Baja California,1,39,40
2022-05-04,Campeche,3,8,11
2022-05-04,Chihuahua,1,58,59
2022-05-04,Colima,1,11,12
2022-05-04,Durango,1,28,29
2022-05-04,Jalisco,2,45,47
2022-05-04,Michoacán de Ocampo,2,42,44
2022-05-04,México,3,61,64
2022-05-04,Nayarit,1,4,5
2022-05-04,Nuevo León,1,234,235
2022-05-04,Oaxaca,2,14,16
2022-05-04,Querétaro,3,40,43
2022-05-04,San Luis Potosí,4,21,25
2022-05-04,Sinaloa,2,30,32
2022-05-04,Tabasco,3,7,10
2022-05-04,Veracruz de Ignacio de la Llave,2,22,24
2022-05-04,Zacatecas,1,8,9
2022-05-05,Aguascalientes,4,11,15
2022-05-05,Baja California,2,31,33
2022-05-05,Baja California Sur,2,11,13
2022-05-05,Campeche,2,11,13
2022-05-05,Chihuahua,1,62,63
2022-05-05,Coahuila de Zaragoza,1,29,30
2022-05-05,Colima,1,12,13
2022-05-05,Durango,3,26,29
2022-05-05,Guerrero,1,28,29
2022-05-05,Hidalgo,2,12,14
2022-05-05,Jalisco,1,26,27
2022-05-05,Morelos,1,25,26
2022-05-05,México,3,60,63
2022-05-05,Nuevo León,1,230,231
2022-05-05,San Luis Potosí,1,18,19
2022-05-05,Sinaloa,3,26,29
2022-05-05,Tamaulipas,2,50,52
2022-05-05,Tlaxcala,1,6,7
2022-05-05,Veracruz de Ignacio de la Llave,1,35,36
2022-05-05,Yucatán,3,30,33
2022-05-05,Zacatecas,1,2,3
2022-05-06,Aguascalientes,4,13,17
2022-05-06,Baja California,2,42,44
2022-05-06,Baja California Sur,3,9,12
2022-05-06,Campeche,1,14,15
2022-05-06,Chiapas,2,21,23
2022-05-06,Coahuila de Zaragoza,2,27,29
2022-05-06,Colima,3,14,17
2022-05-06,Durango,2,34,36
2022-05-06,Guanajuato,2,60,62
2022-05-06,Guerrero,1,11,12
2022-05-06,Hidalgo,2,10,12
2022-05-06,Jalisco,1,31,32
2022-05-06,Michoacán de Ocampo,2,44,46
2022-05-06,Morelos,1,24,25
2022-05-06,Nayarit,1,3,4
2022-05-06,Nuevo León,1,258,259
2022-05-06,Oaxaca,1,12,13
2022-05-06,Puebla,3,27,30
2022-05-06,Querétaro,1,43,44
2022-05-06,Quintana Roo,4,18,22
2022-05-06,San Luis Potosí,1,23,24
2022-05-06,Sonora,2,50,52
2022-05-06,Yucatán,1,26,27
2022-05-07,Aguascalientes,1,14,15
2022-05-07,Baja California,2,49,51
2022-05-07,Baja California Sur,1,22,23
2022-05-07,Coahuila de Zaragoza,3,39,42
2022-05-07,Colima,1,21,22
2022-05-07,Durango,2,35,37
2022-05-07,Morelos,2,35,37
2022-05-07,Nuevo León,1,247,248
2022-05-07,Puebla,1,31,32
2022-05-07,Quintana Roo,2,29,31
2022-05-07,San Luis Potosí,3,23,26
2022-05-07,Sinaloa,1,19,20
2022-05-07,Tabasco,1,13,14
2022-05-07,Tlaxcala,1,3,4
2022-05-07,Veracruz de Ignacio de la Llave,1,35,36
2022-05-07,Yucatán,1,38,39
2022-05-07,Zacatecas,2,8,10
2022-05-08,Aguascalientes,3,24,27
2022-05-08,Baja California,2,50,52
2022-05-08,Baja California Sur,1,20,21
2022-05-08,Chiapas,1,12,13
2022-05-08,Chihuahua,2,73,75
2022-05-08,Coahuila de Zaragoza,4,36,40
2022-05-08,Durango,3,31,34
2022-05-08,Guanajuato,1,58,59
2022-05-08,Hidalgo,2,10,12
2022-05-08,Jalisco,2,55,57
2022-05-08,Michoacán de Ocampo,2,51,53
2022-05-08,Morelos,3,25,28
2022-05-08,México,2,58,60
2022-05-08,Nayarit,3,4,7
2022-05-08,Nuevo León,1,197,198
2022-05-08,Oaxaca,1,7,8
2022-05-08,Puebla,1,31,32
2022-05-08,Sinaloa,1,32,33
2022-05-08,Sonora,2,81,83
2022-05-08,Tabasco,1,7,8
2022-05-08,Tamaulipas,2,42,44
2022-05-08,Veracruz de Ignacio de la Llave,1,26,27
2022-05-09,Aguascalientes,5,16,21
2022-05-09,Baja California,2,46,48
2022-05-09,Baja California Sur,1,17,18
2022-05-09,Campeche,2,10,12
2022-05-09,Chiapas,4,13,17
2022-05-09,Chihuahua,1,71,72
2022-05-09,Coahuila de Zaragoza,1,29,30
2022-05-09,Durango,3,37,40
2022-05-09,Guanajuato,2,49,51
2022-05-09,Guerrero,3,24,27
2022-05-09,Hidalgo,1,6,7
2022-05-09,Jalisco,3,38,41
2022-05-09,Michoacán de Ocampo,1,50,51
2022-05-09,Morelos,2,23,25
2022-05-09,México,1,54,55
2022-05-09,Nayarit,2,11,13
2022-05-09,Nuevo León,2,249,251
2022-05-09,Oaxaca,1,19,20
2022-05-09,Puebla,2,33,35
2022-05-09,Querétaro,1,29,30
2022-05-09,Quintana Roo,4,23,27
2022-05-09,San Luis Potosí,2,22,24
2022-05-09,Sinaloa,2,23,25
2022-05-09,Sonora,1,78,79
2022-05-09,Tabasco,2,8,10
2022-05-09,Tamaulipas,1,27,28
2022-05-09,Tlaxcala,2,4,6
2022-05-09,Veracruz de Ignacio de la Llave,4,24,28
2022-05-09,Yucatán,3,30,33
2022-05-10,Baja California,1,20,21
2022-05-10,Baja California Sur,1,16,17
2022-05-10,Campeche,4,6,10
2022-05-10,Chiapas,3,16,19
2022-05-10,Chihuahua,2,82,84
2022-05-10,Durango,5,27,32
2022-05-10,Guanajuato,2,41,43
2022-05-10,Guerrero,2,19,21
2022-05-10,Hidalgo,1,10,11
2022-05-10,Jalisco,1,34,35
2022-05-10,Michoacán de Ocampo,4,39,43
2022-05-10,Morelos,1,18,19
2022-05-10,México,1,42,43
2022-05-10,Nayarit,1,2,3
2022-05-10,Nuevo León,1,236,237
2022-05-10,Oaxaca,2,13,15
2022-05-10,Puebla,1,24,25
2022-05-10,Querétaro,1,44,45
2022-05-10,Quintana Roo,2,20,22
2022-05-10,Sinaloa,2,23,25
2022-05-10,Sonora,3,71,74
2022-05-10,Tabasco,1,7,8
2022-05-10,Tlaxcala,1,5,6
2022-05-10,Veracruz de Ignacio de la Llave,3,34,37
2022-05-10,Zacatecas,2,5,7
2022-05-11,Aguascalientes,2,8,10
2022-05-11,Baja California,2,51,53
2022-05-11,Baja California Sur,1,18,19
2022-05-11,Campeche,1,5,6
2022-05-11,Chiapas,1,11,12
2022-05-11,Chihuahua,2,70,72
2022-05-11,Coahuila de Zaragoza,1,24,25
2022-05-11,Colima,1,12,13
2022-05-11,Guanajuato,1,34,35
2022-05-11,Guerrero,3,25,28
2022-05-11,Hidalgo,3,6,9
2022-05-11,Jalisco,2,50,52
2022-05-11,Morelos,1,17,18
2022-05-11,Nayarit,2,9,11
2022-05-11,Nuevo León,2,232,234
2022-05-11,Oaxaca,3,11,14
2022-05-11,Querétaro,2,24,26
2022-05-11,San Luis Potosí,4,23,27
2022-05-11,Sinaloa,1,26,27
2022-05-11,Sonora,1,73,74
2022-05-11,Tamaulipas,3,34,37
2022-05-11,Tlaxcala,2,6,8
2022-05-11,Veracruz de Ignacio de la Llave,2,29,31
2022-05-11,Yucatán,3,16,19
2022-05-11,Zacatecas,1,6,7
2022-05-12,Aguascalientes,3,11,14
2022-05-12,Chihuahua,2,75,77
2022-05-12,Coahuila de Zaragoza,1,30,31
2022-05-12,Colima,1,19,20
2022-05-12,Guanajuato,2,38,40
2022-05-12,Guerrero,3,23,26
2022-05-12,Jalisco,2,28,30
2022-05-12,Michoacán de Ocampo,3,49,52
2022-05-12,Morelos,2,27,29
2022-05-12,Nayarit,1,8,9
2022-05-12,Quintana Roo,2,20,22
2022-05-12,San Luis Potosí,4,19,23
2022-05-12,Sonora,1,72,73
2022-05-12,Tabasco,1,12,13
2022-05-12,Tamaulipas,1,36,37
2022-05-12,Tlaxcala,3,3,6
2022-05-12,Veracruz de Ignacio de la Llave,4,38,42
2022-05-12,Yucatán,1,17,18
2022-05-12,Zacatecas,3,10,13
2022-05-13,Aguascalientes,5,11,16
2022-05-13,Baja California,1,52,53
2022-05-13,Campeche,1,11,12
2022-05-13,Durango,3,39,42
2022-05-13,Guanajuato,3,52,55
2022-05-13,Guerrero,3,28,31
2022-05-13,Hidalgo,2,7,9
2022-05-13,Michoacán de Ocampo,3,51,54
2022-05-13,México,3,65,68
2022-05-13,Nayarit,1,10,11
2022-05-13,Nuevo León,1,214,215
2022-05-13,Oaxaca,1,14,15
2022-05-13,Puebla,2,41,43
2022-05-13,Querétaro,1,34,35
2022-05-13,San Luis Potosí,1,27,28
2022-05-13,Sinaloa,4,20,24
2022-05-13,Sonora,4,79,83
2022-05-13,Tamaulipas,1,54,55
2022-05-13,Tlaxcala,2,7,9
2022-05-13,Veracruz de Ignacio de la Llave,1,32,33
2022-05-13,Yucatán,1,26,27
2022-05-13,Zacatecas,2,6,8
2022-05-14,Aguascalientes,4,20,24
2022-05-14,Baja California,2,40,42
2022-05-14,Baja California Sur,2,17,19
2022-05-14,Campeche,1,15,16
2022-05-14,Chiapas,1,7,8
2022-05-14,Chihuahua,1,82,83
2022-05-14,Coahuila de Zaragoza,1,46,47
2022-05-14,Colima,1,20,21
2022-05-14,Guerrero,3,26,29
2022-05-14,Hidalgo,2,6,8
2022-05-14,Jalisco,1,51,52
2022-05-14,Morelos,2,34,36
2022-05-14,México,1,51,52
2022-05-14,Nuevo León,4,214,218
2022-05-14,Oaxaca,1,13,14
2022-05-14,Puebla,2,42,44
2022-05-14,Querétaro,2,39,41
2022-05-14,Quintana Roo,3,27,30
2022-05-14,San Luis Potosí,1,29,30
2022-05-14,Sinaloa,1,28,29
2022-05-14,Tabasco,1,10,11
2022-05-14,Tlaxcala,1,8,9
2022-05-14,Veracruz de Ignacio de la Llave,2,31,33
2022-05-15,Aguascalientes,1,15,16
2022-05-15,Baja California,2,54,56
2022-05-15,Baja California Sur,5,18,23
2022-05-15,Campeche,3,10,13
2022-05-15,Chiapas,1,13,14
2022-05-15,Coahuila de Zaragoza,1,27,28
2022-05-15,Durango,2,22,24
2022-05-15,Guanajuato,3,40,43
2022-05-15,Guerrero,1,24,25
2022-05-15,Hidalgo,2,9,11
2022-05-15,Jalisco,4,46,50
2022-05-15,Morelos,1,38,39
2022-05-15,Nayarit,1,4,5
2022-05-15,Nuevo León,1,202,203
2022-05-15,Oaxaca,3,15,18
2022-05-15,Querétaro,1,36,37
2022-05-15,Sinaloa,2,27,29
2022-05-15,Sonora,1,82,83
2022-05-15,Tabasco,2,11,13
2022-05-15,Tamaulipas,1,54,55
2022-05-15,Tlaxcala,1,6,7
2022-05-15,Veracruz de Ignacio de la Llave,2,20,22
2022-05-15,Zacatecas,3,7,10
2022-05-16,Baja California Sur,3,6,9
2022-05-16,Campeche,1,15,16
2022-05-16,Chihuahua,1,72,73
2022-05-16,Coahuila de Zaragoza,1,29,30
2022-05-16,Guanajuato,2,49,51
2022-05-16,Guerrero,1,28,29
2022-05-16,Hidalgo,1,9,10
2022-05-16,Michoacán de Ocampo,4,55,59
2022-05-16,Morelos,2,29,31
2022-05-16,México,1,54,55
2022-05-16,Nayarit,1,5,6
2022-05-16,Oaxaca,4,13,17
2022-05-16,Puebla,1,25,26
2022-05-16,Quintana Roo,2,26,28
2022-05-16,San Luis Potosí,1,19,20
2022-05-16,Sinaloa,1,20,21
2022-05-16,Sonora,1,77,78
2022-05-16,Tabasco,4,7,11
2022-05-16,Tamaulipas,2,36,38
2022-05-16,Yucatán,1,21,22
2022-05-17,Baja California Sur,1,15,16
2022-05-17,Campeche,1,7,8
2022-05-17,Chiapas,1,6,7
2022-05-17,Chihuahua,1,83,84
2022-05-17,Coahuila de Zaragoza,1,19,20
2022-05-17,Guerrero,3,15,18
2022-05-17,Hidalgo,3,2,5
2022-05-17,Jalisco,1,32,33
2022-05-17,Morelos,3,27,30
2022-05-17,Nuevo León,3,262,265
2022-05-17,Oaxaca,1,19,20
2022-05-17,Puebla,1,30,31
2022-05-17,Querétaro,2,30,32
2022-05-17,Quintana Roo,2,28,30
2022-05-17,San Luis Potosí,3,14,17
2022-05-17,Sinaloa,1,25,26
2022-05-17,Tabasco,1,8,9
2022-05-17,Tamaulipas,1,47,48
2022-05-17,Tlaxcala,2,2,4
2022-05-17,Veracruz de Ignacio de la Llave,1,24,25
2022-05-17,Zacatecas,2,4,6
2022-05-18,Baja California,2,36,38
2022-05-18,Campeche,1,7,8
2022-05-18,Chiapas,1,10,11
2022-05-18,Chihuahua,1,65,66
2022-05-18,Coahuila de Zaragoza,1,25,26
2022-05-18,Colima,3,10,13
2022-05-18,Durango,3,24,27
2022-05-18,Guanajuato,2,44,46
2022-05-18,Guerrero,2,17,19
2022-05-18,Hidalgo,3,7,10
2022-05-18,Michoacán de Ocampo,1,41,42
2022-05-18,Morelos,4,9,13
2022-05-18,Nuevo León,1,237,238
2022-05-18,Oaxaca,1,13,14
2022-05-18,Puebla,3,29,32
2022-05-18,Querétaro,1,28,29
2022-05-18,Quintana Roo,1,23,24
2022-05-18,San Luis Potosí,1,22,23
2022-05-18,Sinaloa,1,13,14
2022-05-18,Sonora,1,70,71
2022-05-18,Tlaxcala,2,2,4
2022-05-18,Veracruz de Ignacio de la Llave,2,24,26
2022-05-19,Baja California Sur,1,9,10
2022-05-19,Campeche,2,7,9
2022-05-19,Chiapas,1,13,14
2022-05-19,Chihuahua,2,70,72
2022-05-19,Coahuila de Zaragoza,1,24,25
2022-05-19,Colima,3,23,26
2022-05-19,Guerrero,1,16,17
2022-05-19,Hidalgo,1,8,9
2022-05-19,Jalisco,1,43,44
2022-05-19,Michoacán de Ocampo,2,37,39
2022-05-19,México,1,48,49
2022-05-19,Nayarit,2,3,5
2022-05-19,Nuevo León,1,266,267
2022-05-19,Oaxaca,1,14,15
2022-05-19,Puebla,4,34,38
2022-05-19,Querétaro,3,30,33
2022-05-19,Quintana Roo,1,26,27
2022-05-19,Sinaloa,4,19,23
2022-05-19,Tabasco,3,7,10
2022-05-19,Tlaxcala,1,1,2
2022-05-19,Yucatán,4,20,24
2022-05-19,Zacatecas,1,6,7
2022-05-20,Baja California,4,46,50
2022-05-20,Baja California Sur,2,14,16
2022-05-20,Campeche,2,16,18
2022-05-20,Chiapas,1,6,7
2022-05-20,Chihuahua,2,67,69
2022-05-20,Colima,2,17,19
2022-05-20,Durango,2,32,34
2022-05-20,Guanajuato,2,57,59
2022-05-20,Guerrero,1,20,21
2022-05-20,Hidalgo,1,12,13
2022-05-20,Jalisco,2,44,46
2022-05-20,Michoacán de Ocampo,4,58,62
2022-05-20,Morelos,1,20,21
2022-05-20,México,2,52,54
2022-05-20,Oaxaca,2,16,18
2022-05-20,Puebla,4,25,29
2022-05-20,Querétaro,3,32,35
2022-05-20,Quintana Roo,1,23,24
2022-05-20,San Luis Potosí,2,24,26
2022-05-20,Sinaloa,1,18,19
2022-05-20,Sonora,5,71,76
2022-05-20,Tabasco,1,9,10
2022-05-20,Tamaulipas,3,44,47
2022-05-20,Tlaxcala,2,9,11
2022-05-21,Aguascalientes,2,15,17
2022-05-21,Baja California,1,39,40
2022-05-21,Baja California Sur,1,14,15
2022-05-21,Campeche,2,11,13
2022-05-21,Chihuahua,1,80,81
2022-05-21,Colima,2,27,29
2022-05-21,Durango,2,32,34
2022-05-21,Guanajuato,3,49,52
2022-05-21,Guerrero,1,28,29
2022-05-21,Hidalgo,1,10,11
2022-05-21,Michoacán de Ocampo,1,57,58
2022-05-21,Morelos,1,28,29
2022-05-21,México,3,48,51
2022-05-21,Nuevo León,1,265,266
2022-05-21,Oaxaca,1,20,21
2022-05-21,Puebla,1,41,42
2022-05-21,Quintana Roo,2,23,25
2022-05-21,San Luis Potosí,1,25,26
2022-05-21,Sinaloa,1,16,17
2022-05-21,Sonora,1,85,86
2022-05-21,Tabasco,1,11,12
2022-05-21,Tlaxcala,2,10,12
2022-05-21,Veracruz de Ignacio de la Llave,1,33,34
2022-05-21,Zacatecas,1,9,10
2022-05-22,Campeche,2,4,6
2022-05-22,Chiapas,1,9,10
2022-05-22,Durango,3,33,36
2022-05-22,Guanajuato,1,38,39
2022-05-22,Guerrero,3,27,30
2022-05-22,Hidalgo,1,8,9
2022-05-22,Jalisco,2,42,44
2022-05-22,Michoacán de Ocampo,2,64,66
2022-05-22,Morelos,2,27,29
2022-05-22,México,1,64,65
2022-05-22,Nayarit,3,9,12
2022-05-22,Nuevo León,3,224,227
2022-05-22,Oaxaca,3,18,21
2022-05-22,Puebla,2,25,27
2022-05-22,Querétaro,2,27,29
2022-05-22,San Luis Potosí,2,29,31
2022-05-22,Sinaloa,1,26,27
2022-05-22,Sonora,2,62,64
2022-05-22,Tabasco,2,10,12
2022-05-22,Tamaulipas,1,53,54
2022-05-22,Veracruz de Ignacio de la Llave,1,27,28
2022-05-22,Yucatán,2,32,34
2022-05-22,Zacatecas,2,6,8
2022-05-23,Aguascalientes,1,12,13
2022-05-23,Baja California,1,36,37
2022-05-23,Baja California Sur,5,15,20
2022-05-23,Campeche,1,10,11
2022-05-23,Chiapas,2,11,13
2022-05-23,Chihuahua,1,69,70
2022-05-23,Coahuila de Zaragoza,1,23,24
2022-05-23,Colima,4,17,21
2022-05-23,Durango,1,30,31
2022-05-23,Guanajuato,3,35,38
2022-05-23,Guerrero,3,18,21
2022-05-23,Hidalgo,1,3,4
2022-05-23,Jalisco,4,43,47
2022-05-23,Michoacán de Ocampo,1,50,51
2022-05-23,Morelos,3,22,25
2022-05-23,México,4,52,56
2022-05-23,Nayarit,1,8,9
2022-05-23,Nuevo León,4,234,238
2022-05-23,Oaxaca,3,14,17
2022-05-23,Querétaro,2,34,36
2022-05-23,San Luis Potosí,1,21,22
2022-05-23,Sinaloa,1,28,29
2022-05-23,Sonora,1,83,84
2022-05-23,Tabasco,2,7,9
2022-05-23,Yucatán,2,23,25
2022-05-23,Zacatecas,1,5,6
2022-05-24,Aguascalientes,4,7,11
2022-05-24,Baja California,3,22,25
2022-05-24,Baja California Sur,1,10,11
2022-05-24,Campeche,2,12,14
2022-05-24,Chiapas,2,13,15
2022-05-24,Chihuahua,1,56,57
2022-05-24,Coahuila de Zaragoza,1,20,21
2022-05-24,Colima,1,15,16
2022-05-24,Durango,1,25,26
2022-05-24,Guanajuato,3,26,29
2022-05-24,Guerrero,2,11,13
2022-05-24,Hidalgo,5,10,15
2022-05-24,Michoacán de Ocampo,1,38,39
2022-05-24,México,3,36,39
2022-05-24,Nayarit,5,6,11
2022-05-24,Nuevo León,1,202,203
2022-05-24,Oaxaca,1,10,11
2022-05-24,Puebla,1,32,33
2022-05-24,Querétaro,1,30,31
2022-05-24,Quintana Roo,1,20,21
2022-05-24,San Luis Potosí,1,20,21
2022-05-24,Sonora,1,76,77
2022-05-24,Tabasco,2,6,8
2022-05-24,Tamaulipas,3,36,39
2022-05-24,Tlaxcala,3,1,4
2022-05-24,Yucatán,2,18,20
2022-05-24,Zacatecas,2,9,11
2022-05-25,Aguascalientes,2,8,10
2022-05-25,Baja California,1,46,47
2022-05-25,Baja California Sur,1,10,11
2022-05-25,Chiapas,3,8,11
2022-05-25,Chihuahua,1,72,73
2022-05-25,Coahuila de Zaragoza,2,20,22
2022-05-25,Durango,1,36,37
2022-05-25,Guanajuato,1,30,31
2022-05-25,Guerrero,1,15,16
2022-05-25,Hidalgo,1,9,10
2022-05-25,Jalisco,2,30,32
2022-05-25,México,4,34,38
2022-05-25,Nayarit,1,3,4
2022-05-25,Nuevo León,1,173,174
2022-05-25,Oaxaca,1,21,22
2022-05-25,Puebla,5,18,23
2022-05-25,Querétaro,1,27,28
2022-05-25,Quintana Roo,1,18,19
2022-05-25,San Luis Potosí,2,27,29
2022-05-25,Sinaloa,1,20,21
2022-05-25,Sonora,1,65,66
2022-05-25,Tamaulipas,1,40,41
2022-05-25,Tlaxcala,1,2,3
2022-05-25,Veracruz de Ignacio de la Llave,1,23,24
2022-05-25,Yucatán,3,26,29
2022-05-25,Zacatecas,1,12,13
2022-05-26,Aguascalientes,1,9,10
2022-05-26,Baja California Sur,5,12,17
2022-05-26,Chiapas,2,6,8
2022-05-26,Chihuahua,2,69,71
2022-05-26,Coahuila de Zaragoza,1,24,25
2022-05-26,Colima,2,11,13
2022-05-26,Durango,1,30,31
2022-05-26,Guanajuato,3,39,42
2022-05-26,Guerrero,1,20,21
2022-05-26,Jalisco,1,40,41
2022-05-26,Michoacán de Ocampo,2,47,49
2022-05-26,Morelos,2,19,21
2022-05-26,Nayarit,1,6,7
2022-05-26,Puebla,1,31,32
2022-05-26,Querétaro,2,35,37
2022-05-26,Quintana Roo,2,23,25
2022-05-26,Sonora,1,80,81
2022-05-26,Tabasco,3,8,11
2022-05-26,Tamaulipas,3,38,41
2022-05-26,Tlaxcala,2,9,11
2022-05-26,Yucatán,3,23,26
2022-05-27,Aguascalientes,3,12,15
2022-05-27,Baja California,1,36,37
2022-05-27,Baja California Sur,1,10,11
2022-05-27,Campeche,1,7,8
2022-05-27,Chiapas,2,8,10
2022-05-27,Chihuahua,1,75,76
2022-05-27,Coahuila de Zaragoza,1,28,29
2022-05-27,Colima,2,15,17
2022-05-27,Durango,2,35,37
2022-05-27,Guanajuato,3,48,51
2022-05-27,Guerrero,2,29,31
2022-05-27,Hidalgo,3,12,15
2022-05-27,Jalisco,2,37,39
2022-05-27,Michoacán de Ocampo,1,45,46
2022-05-27,Morelos,1,27,28
2022-05-27,México,1,55,56
2022-05-27,Nayarit,3,5,8
2022-05-27,Nuevo León,1,225,226
2022-05-27,Oaxaca,3,18,21
2022-05-27,Puebla,2,29,31
2022-05-27,Querétaro,2,39,41
2022-05-27,San Luis Potosí,2,21,23
2022-05-27,Sinaloa,4,15,19
2022-05-27,Sonora,2,89,91
2022-05-27,Tamaulipas,3,56,59
2022-05-27,Tlaxcala,1,4,5
2022-05-27,Yucatán,4,27,31
2022-05-27,Zacatecas,1,5,6
2022-05-28,Aguascalientes,2,26,28
2022-05-28,Baja California,2,40,42
2022-05-28,Baja California Sur,1,14,15
2022-05-28,Campeche,3,8,11
2022-05-28,Chiapas,1,108,109
2022-05-28,Chihuahua,4,82,86
2022-05-28,Coahuila de Zaragoza,1,47,48
2022-05-28,Colima,2,21,23
2022-05-28,Durango,1,37,38
2022-05-28,Guanajuato,2,50,52
2022-05-28,Guerrero,1,56,57
2022-05-28,Hidalgo,1,84,85
2022-05-28,Jalisco,1,112,113
2022-05-28,Michoacán de Ocampo,1,62,63
2022-05-28,Morelos,2,32,34
2022-05-28,México,2,45,47
2022-05-28,Nayarit,2,12,14
2022-05-28,Oaxaca,1,518,519
2022-05-28,Puebla,2,197,199
2022-05-28,Querétaro,3,34,37
2022-05-28,Quintana Roo,1,31,32
2022-05-28,San Luis Potosí,1,59,60
2022-05-28,Sonora,2,133,135
2022-05-28,Tabasco,1,14,15
2022-05-28,Tamaulipas,1,86,87
2022-05-28,Tlaxcala,3,40,43
2022-05-28,Yucatán,1,47,48
2022-05-29,Baja California,2,35,37
2022-05-29,Baja California Sur,1,12,13
2022-05-29,Campeche,1,13,14
2022-05-29,Chiapas,2,11,13
2022-05-29,Chihuahua,3,76,79
2022-05-29,Colima,2,11,13
2022-05-29,Durango,1,21,22
2022-05-29,Guanajuato,2,61,63
2022-05-29,Guerrero,1,26,27
2022-05-29,Hidalgo,3,10,13
2022-05-29,Jalisco,3,43,46
2022-05-29,Michoacán de Ocampo,1,57,58
2022-05-29,México,1,33,34
2022-05-29,Nayarit,1,6,7
2022-05-29,Nuevo León,2,140,142
2022-05-29,Oaxaca,1,20,21
2022-05-29,Puebla,3,33,36
2022-05-29,San Luis Potosí,2,17,19
2022-05-29,Sinaloa,1,27,28
2022-05-29,Tabasco,3,13,16
2022-05-29,Tamaulipas,2,47,49
2022-05-29,Veracruz de Ignacio de la Llave,1,24,25
2022-05-29,Yucatán,1,29,30
2022-05-29,Zacatecas,1,8,9
2022-05-30,Baja California,1,32,33
2022-05-30,Baja California Sur,1,13,14
2022-05-30,Campeche,2,8,10
2022-05-30,Chiapas,2,12,14
2022-05-30,Colima,3,23,26
2022-05-30,Durango,1,32,33
2022-05-30,Hidalgo,4,8,12
2022-05-30,Jalisco,2,44,46
2022-05-30,Michoacán de Ocampo,3,46,49
2022-05-30,Morelos,2,38,40
2022-05-30,México,3,36,39
2022-05-30,Nayarit,1,4,5
2022-05-30,Oaxaca,1,11,12
2022-05-30,Querétaro,5,33,38
2022-05-30,Quintana Roo,1,20,21
2022-05-30,San Luis Potosí,1,25,26
2022-05-30,Sinaloa,1,16,17
2022-05-30,Sonora,1,79,80
2022-05-30,Tabasco,2,7,9
2022-05-30,Tamaulipas,3,27,30
2022-05-30,Tlaxcala,3,4,7
2022-05-30,Veracruz de Ignacio de la Llave,2,31,33
2022-05-30,Yucatán,2,17,19
2022-05-30,Zacatecas,1,11,12
2022-05-31,Aguascalientes,3,16,19
2022-05-31,Baja California,2,37,39
2022-05-31,Baja California Sur,4,13,17
2022-05-31,Campeche,2,7,9
2022-05-31,Chiapas,2,8,10
2022-05-31,Chihuahua,1,44,45
2022-05-31,Coahuila de Zaragoza,1,27,28
2022-05-31,Durango,3,28,31
2022-05-31,Guanajuato,2,42,44
2022-05-31,Guerrero,2,10,12
2022-05-31,Hidalgo,1,6,7
2022-05-31,Jalisco,1,33,34
2022-05-31,Michoacán de Ocampo,1,41,42
2022-05-31,Morelos,2,24,26
2022-05-31,México,1,47,48
2022-05-31,Nayarit,1,5,6
2022-05-31,Nuevo León,1,231,232
2022-05-31,Puebla,2,41,43
2022-05-31,Querétaro,1,31,32
2022-05-31,Quintana Roo,2,13,15
2022-05-31,Sinaloa,2,19,21
2022-05-31,Sonora,1,58,59
2022-05-31,Yucatán,1,19,20
2022-05-31,Zacatecas,1,6,7
2022-06-01,Aguascalientes,2,8,10
2022-06-01,Baja California,1,35,36
2022-06-01,Chiapas,2,15,17
2022-06-01,Chihuahua,1,69,70
2022-06-01,Coahuila de Zaragoza,1,38,39
2022-06-01,Colima,4,27,31
2022-06-01,Durango,1,34,35
2022-06-01,Guanajuato,2,48,50
2022-06-01,Guerrero,1,23,24
2022-06-01,Jalisco,1,50,51
2022-06-01,México,1,82,83
2022-06-01,Nayarit,1,18,19
2022-06-01,Nuevo León,2,284,286
2022-06-01,Oaxaca,1,17,18
2022-06-01,Puebla,2,37,39
2022-06-01,Querétaro,2,35,37
2022-06-01,Quintana Roo,4,21,25
2022-06-01,San Luis Potosí,1,26,27
2022-06-01,Sinaloa,1,36,37
2022-06-01,Tabasco,2,7,9
2022-06-01,Tamaulipas,1,62,63
2022-06-01,Tlaxcala,1,6,7
2022-06-01,Zacatecas,1,10,11
2022-06-02,Aguascalientes,3,9,12
2022-06-02,Baja California,1,45,46
2022-06-02,Baja California Sur,1,16,17
2022-06-02,Chiapas,1,10,11
2022-06-02,Chihuahua,2,72,74
2022-06-02,Coahuila de Zaragoza,2,23,25
2022-06-02,Colima,2,15,17
2022-06-02,Guanajuato,1,34,35
2022-06-02,Guerrero,2,22,24
2022-06-02,Hidalgo,1,5,6
2022-06-02,Jalisco,2,33,35
2022-06-02,Morelos,2,17,19
2022-06-02,México,2,62,64
2022-06-02,Nayarit,1,5,6
2022-06-02,Nuevo León,1,252,253
2022-06-02,Oaxaca,2,18,20
2022-06-02,Puebla,2,34,36
2022-06-02,Querétaro,1,29,30
2022-06-02,Quintana Roo,3,16,19
2022-06-02,Sinaloa,1,19,20
2022-06-02,Sonora,1,75,76
2022-06-02,Tabasco,4,7,11
2022-06-02,Tamaulipas,2,40,42
2022-06-02,Tlaxcala,3,2,5
2022-06-02,Yucatán,1,22,23
2022-06-02,Zacatecas,4,11,15
2022-06-03,Baja California,3,52,55
2022-06-03,Baja California Sur,1,24,25
2022-06-03,Chiapas,2,12,14
2022-06-03,Coahuila de Zaragoza,1,36,37
2022-06-03,Colima,3,26,29
2022-06-03,Durango,2,32,34
2022-06-03,Guanajuato,1,38,39
2022-06-03,Guerrero,1,35,36
2022-06-03,Hidalgo,3,14,17
2022-06-03,Jalisco,1,32,33
2022-06-03,Morelos,1,26,27
2022-06-03,Nayarit,3,5,8
2022-06-03,Oaxaca,1,16,17
2022-06-03,Querétaro,1,30,31
2022-06-03,Quintana Roo,1,23,24
2022-06-03,San Luis Potosí,4,29,33
2022-06-03,Tamaulipas,1,51,52
2022-06-03,Veracruz de Ignacio de la Llave,4,18,22
2022-06-03,Yucatán,3,17,20
2022-06-03,Zacatecas,2,11,13
2022-06-04,Aguascalientes,2,21,23
2022-06-04,Baja California,1,48,49
2022-06-04,Campeche,3,19,22
2022-06-04,Chihuahua,2,84,86
2022-06-04,Coahuila de Zaragoza,3,46,49
2022-06-04,Colima,1,14,15
2022-06-04,Durango,1,29,30
2022-06-04,Guanajuato,4,60,64
2022-06-04,Guerrero,3,25,28
2022-06-04,Jalisco,1,41,42
2022-06-04,Michoacán de Ocampo,6,66,72
2022-06-04,Morelos,2,25,27
2022-06-04,Oaxaca,1,14,15
2022-06-04,Puebla,2,40,42
2022-06-04,Quintana Roo,1,25,26
2022-06-04,San Luis Potosí,2,27,29
2022-06-04,Sinaloa,2,20,22
2022-06-04,Sonora,2,68,70
2022-06-04,Tlaxcala,3,7,10
2022-06-04,Veracruz de Ignacio de la Llave,3,27,30
2022-06-05,Aguascalientes,2,8,10
2022-06-05,Baja California,2,40,42
2022-06-05,Baja California Sur,1,14,15
2022-06-05,Campeche,1,8,9
2022-06-05,Chiapas,1,12,13
2022-06-05,Colima,1,20,21
2022-06-05,Durango,1,26,27
2022-06-05,Guerrero,1,27,28
2022-06-05,Jalisco,1,51,52
2022-06-05,Morelos,1,25,26
2022-06-05,México,2,57,59
2022-06-05,Nuevo León,1,216,217
2022-06-05,Puebla,1,45,46
2022-06-05,Querétaro,5,30,35
2022-06-05,Quintana Roo,1,11,12
2022-06-05,San Luis Potosí,2,24,26
2022-06-05,Sinaloa,1,26,27
2022-06-05,Sonora,2,76,78
2022-06-05,Tabasco,3,8,11
2022-06-05,Tamaulipas,2,30,32
2022-06-05,Tlaxcala,1,3,4
2022-06-05,Yucatán,2,24,26
2022-06-06,Baja California,1,42,43
2022-06-06,Baja California Sur,2,12,14
2022-06-06,Campeche,1,11,12
2022-06-06,Coahuila de Zaragoza,2,44,46
2022-06-06,Colima,2,20,22
2022-06-06,Durango,1,30,31
2022-06-06,Guanajuato,2,43,45
2022-06-06,Guerrero,1,15,16
2022-06-06,Hidalgo,1,7,8
2022-06-06,Jalisco,1,37,38
2022-06-06,Nayarit,2,15,17
2022-06-06,Nuevo León,2,222,224
2022-06-06,Oaxaca,1,11,12
2022-06-06,Puebla,1,32,33
2022-06-06,Querétaro,1,32,33
2022-06-06,Quintana Roo,3,21,24
2022-06-06,San Luis Potosí,4,18,22
2022-06-06,Sinaloa,3,17,20
2022-06-06,Sonora,4,77,81
2022-06-06,Tabasco,1,16,17
2022-06-06,Tamaulipas,4,51,55
2022-06-06,Yucatán,1,26,27
2022-06-06,Zacatecas,1,6,7
2022-06-07,Baja California,2,42,44
2022-06-07,Baja California Sur,1,14,15
2022-06-07,Campeche,1,10,11
2022-06-07,Chiapas,2,14,16
2022-06-07,Chihuahua,6,80,86
2022-06-07,Coahuila de Zaragoza,2,26,28
2022-06-07,Colima,1,9,10
2022-06-07,Guanajuato,1,33,34
2022-06-07,Guerrero,1,20,21
2022-06-07,Michoacán de Ocampo,1,38,39
2022-06-07,Morelos,3,26,29
2022-06-07,México,1,38,39
2022-06-07,Nayarit,2,11,13
2022-06-07,Nuevo León,3,229,232
2022-06-07,Oaxaca,2,16,18
2022-06-07,Puebla,1,36,37
2022-06-07,Querétaro,3,24,27
2022-06-07,Quintana Roo,5,28,33
2022-06-07,Sonora,3,73,76
2022-06-07,Tabasco,1,8,9
2022-06-07,Tamaulipas,1,35,36
2022-06-07,Tlaxcala,2,9,11
2022-06-07,Veracruz de Ignacio de la Llave,1,24,25
2022-06-07,Yucatán,1,21,22
2022-06-07,Zacatecas,1,6,7
2022-06-08,Baja California,2,45,47
2022-06-08,Baja California Sur,2,18,20
2022-06-08,Campeche,4,6,10
2022-06-08,Chihuahua,5,47,52
2022-06-08,Coahuila de Zaragoza,1,32,33
2022-06-08,Colima,5,12,17
2022-06-08,Guerrero,5,14,19
2022-06-08,Jalisco,3,27,30
2022-06-08,Michoacán de Ocampo,1,42,43
2022-06-08,Morelos,3,18,21
2022-06-08,México,1,43,44
2022-06-08,Nayarit,1,5,6
2022-06-08,Nuevo León,2,235,237
2022-06-08,Puebla,2,22,24
2022-06-08,Querétaro,4,29,33
2022-06-08,Quintana Roo,1,17,18
2022-06-08,San Luis Potosí,1,26,27
2022-06-08,Sinaloa,3,14,17
2022-06-08,Sonora,1,66,67
2022-06-08,Tabasco,2,9,11
2022-06-08,Tamaulipas,4,45,49
2022-06-08,Tlaxcala,2,4,6
2022-06-08,Veracruz de Ignacio de la Llave,1,24,25
2022-06-08,Yucatán,1,22,23
2022-06-08,Zacatecas,1,7,8
2022-06-09,Aguascalientes,2,8,10
2022-06-09,Baja California,1,43,44
2022-06-09,Baja California Sur,2,16,18
2022-06-09,Campeche,3,4,7
2022-06-09,Chiapas,3,6,9
2022-06-09,Coahuila de Zaragoza,2,39,41
2022-06-09,Durango,1,35,36
2022-06-09,Guanajuato,3,37,40
2022-06-09,Guerrero,2,19,21
2022-06-09,Hidalgo,1,8,9
2022-06-09,Jalisco,4,43,47
2022-06-09,Michoacán de Ocampo,1,43,44
2022-06-09,Morelos,2,15,17
2022-06-09,México,5,50,55
2022-06-09,Nuevo León,2,222,224
2022-06-09,Oaxaca,3,12,15
2022-06-09,Puebla,2,28,30
2022-06-09,Querétaro,3,26,29
2022-06-09,Quintana Roo,2,27,29
2022-06-09,Sinaloa,1,19,20
2022-06-09,Sonora,1,75,76
2022-06-09,Tabasco,1,3,4
2022-06-09,Tamaulipas,2,42,44
2022-06-09,Tlaxcala,1,6,7
2022-06-09,Veracruz de Ignacio de la Llave,1,17,18
2022-06-09,Zacatecas,1,3,4
2022-06-10,Baja California,2,36,38
2022-06-10,Campeche,1,17,18
2022-06-10,Chiapas,2,9,11
2022-06-10,Chihuahua,1,71,72
2022-06-10,Colima,1,12,13
2022-06-10,Guerrero,2,28,30
2022-06-10,Hidalgo,2,8,10
2022-06-10,Jalisco,3,27,30
2022-06-10,Michoacán de Ocampo,1,52,53
2022-06-10,Morelos,2,33,35
2022-06-10,México,1,71,72
2022-06-10,Nayarit,1,8,9
2022-06-10,Nuevo León,1,237,238
2022-06-10,Puebla,2,45,47
2022-06-10,Querétaro,2,32,34
2022-06-10,Quintana Roo,2,27,29
2022-06-10,San Luis Potosí,1,22,23
2022-06-10,Sinaloa,2,16,18
2022-06-10,Sonora,1,82,83
2022-06-10,Tamaulipas,1,59,60
2022-06-10,Tlaxcala,1,6,7
2022-06-10,Yucatán,2,30,32
2022-06-10,Zacatecas,1,10,11
2022-06-11,Aguascalientes,3,20,23
2022-06-11,Chiapas,2,13,15
2022-06-11,Chihuahua,2,102,104
2022-06-11,Colima,2,21,23
2022-06-11,Guanajuato,1,56,57
2022-06-11,Guerrero,1,22,23
2022-06-11,Jalisco,2,36,38
2022-06-11,Michoacán de Ocampo,4,65,69
2022-06-11,Morelos,3,24,27
2022-06-11,México,3,72,75
2022-06-11,Nayarit,1,3,4
2022-06-11,Oaxaca,2,19,21
2022-06-11,Querétaro,2,34,36
2022-06-11,Quintana Roo,1,27,28
2022-06-11,San Luis Potosí,1,18,19
2022-06-11,Sinaloa,1,26,27
2022-06-11,Sonora,2,101,103
2022-06-11,Tabasco,2,10,12
2022-06-11,Tamaulipas,1,71,72
2022-06-11,Tlaxcala,1,7,8
2022-06-11,Veracruz de Ignacio de la Llave,2,31,33
2022-06-11,Yucatán,1,30,31
2022-06-11,Zacatecas,3,7,10
2022-06-12,Aguascalientes,1,18,19
2022-06-12,Baja California Sur,1,21,22
2022-06-12,Campeche,2,11,13
2022-06-12,Chiapas,1,14,15
2022-06-12,Chihuahua,2,88,90
2022-06-12,Coahuila de Zaragoza,2,31,33
2022-06-12,Colima,2,14,16
2022-06-12,Guanajuato,3,59,62
2022-06-12,Guerrero,2,20,22
2022-06-12,Hidalgo,4,9,13
2022-06-12,Jalisco,4,43,47
2022-06-12,Morelos,1,22,23
2022-06-12,México,1,41,42
2022-06-12,Nayarit,2,6,8
2022-06-12,Nuevo León,2,187,189
2022-06-12,Oaxaca,1,21,22
2022-06-12,Puebla,1,35,36
2022-06-12,Querétaro,1,39,40
2022-06-12,Quintana Roo,1,25,26
2022-06-12,San Luis Potosí,1,22,23
2022-06-12,Sinaloa,2,26,28
2022-06-12,Sonora,3,75,78
2022-06-12,Tamaulipas,1,57,58
2022-06-12,Tlaxcala,2,5,7
2022-06-12,Veracruz de Ignacio de la Llave,1,18,19
2022-06-12,Yucatán,3,31,34
2022-06-12,Zacatecas,2,10,12
2022-06-13,Aguascalientes,1,9,10
2022-06-13,Baja California Sur,1,19,20
2022-06-13,Chiapas,1,10,11
2022-06-13,Chihuahua,1,65,66
2022-06-13,Coahuila de Zaragoza,2,27,29
2022-06-13,Durango,2,44,46
2022-06-13,Guanajuato,3,37,40
2022-06-13,Guerrero,1,11,12
2022-06-13,Hidalgo,2,6,8
2022-06-13,Jalisco,1,32,33
2022-06-13,Michoacán de Ocampo,3,46,49
2022-06-13,Morelos,2,27,29
2022-06-13,México,4,49,53
2022-06-13,Nayarit,2,8,10
2022-06-13,Oaxaca,4,16,20
2022-06-13,Querétaro,1,24,25
2022-06-13,San Luis Potosí,2,20,22
2022-06-13,Sinaloa,1,30,31
2022-06-13,Tabasco,1,6,7
2022-06-13,Tlaxcala,2,7,9
2022-06-13,Zacatecas,2,11,13
2022-06-14,Baja California,1,37,38
2022-06-14,Baja California Sur,2,16,18
2022-06-14,Chiapas,2,6,8
2022-06-14,Chihuahua,2,63,65
2022-06-14,Coahuila de Zaragoza,2,25,27
2022-06-14,Colima,2,12,14
2022-06-14,Durango,2,28,30
2022-06-14,Hidalgo,3,9,12
2022-06-14,Jalisco,1,25,26
2022-06-14,Michoacán de Ocampo,1,24,25
2022-06-14,Morelos,1,17,18
2022-06-14,México,3,63,66
2022-06-14,Nayarit,1,3,4
2022-06-14,Oaxaca,2,16,18
2022-06-14,Puebla,2,22,24
2022-06-14,Querétaro,2,28,30
2022-06-14,Quintana Roo,3,19,22
2022-06-14,San Luis Potosí,2,16,18
2022-06-14,Sonora,1,47,48
2022-06-14,Tabasco,3,4,7
2022-06-14,Tlaxcala,3,5,8
2022-06-14,Veracruz de Ignacio de la Llave,1,21,22
2022-06-14,Yucatán,2,28,30
2022-06-14,Zacatecas,1,6,7
2022-06-15,Baja California,4,29,33
2022-06-15,Campeche,4,8,12
2022-06-15,Chiapas,1,12,13
2022-06-15,Chihuahua,4,55,59
2022-06-15,Coahuila de Zaragoza,1,26,27
2022-06-15,Durango,3,24,27
2022-06-15,Guanajuato,1,35,36
2022-06-15,Guerrero,2,12,14
2022-06-15,Hidalgo,2,7,9
2022-06-15,Jalisco,1,33,34
2022-06-15,Michoacán de Ocampo,2,57,59
2022-06-15,Morelos,3,30,33
2022-06-15,Nayarit,1,6,7
2022-06-15,Nuevo León,1,238,239
2022-06-15,Oaxaca,3,20,23
2022-06-15,Puebla,1,34,35
2022-06-15,Querétaro,1,27,28
2022-06-15,Sinaloa,2,17,19
2022-06-15,Tabasco,1,5,6
2022-06-15,Tamaulipas,3,42,45
2022-06-15,Tlaxcala,1,4,5
2022-06-15,Veracruz de Ignacio de la Llave,3,21,24
2022-06-15,Yucatán,1,34,35
2022-06-15,Zacatecas,1,9,10
2022-06-16,Aguascalientes,2,11,13
2022-06-16,Baja California,4,27,31
2022-06-16,Campeche,1,14,15
2022-06-16,Chiapas,4,9,13
2022-06-16,Chihuahua,2,89,91
2022-06-16,Coahuila de Zaragoza,1,27,28
2022-06-16,Colima,1,10,11
2022-06-16,Durango,4,34,38
2022-06-16,Guanajuato,1,35,36
2022-06-16,Guerrero,1,11,12
2022-06-16,Hidalgo,1,6,7
2022-06-16,Jalisco,2,35,37
2022-06-16,Michoacán de Ocampo,2,44,46
2022-06-16,Nuevo León,1,249,250
2022-06-16,Oaxaca,3,10,13
2022-06-16,Querétaro,1,18,19
2022-06-16,Quintana Roo,2,20,22
2022-06-16,San Luis Potosí,1,24,25
2022-06-16,Sonora,1,86,87
2022-06-16,Tabasco,2,3,5
2022-06-16,Tamaulipas,1,43,44
2022-06-16,Tlaxcala,2,8,10
2022-06-16,Yucatán,1,25,26
2022-06-16,Zacatecas,2,4,6
2022-06-17,Aguascalientes,1,15,16
2022-06-17,Baja California,1,44,45
2022-06-17,Baja California Sur,2,18,20
2022-06-17,Chihuahua,1,69,70
2022-06-17,Coahuila de Zaragoza,2,46,48
2022-06-17,Colima,4,16,20
2022-06-17,Durango,2,32,34
2022-06-17,Guanajuato,4,35,39
2022-06-17,Morelos,2,23,25
2022-06-17,México,1,47,48
2022-06-17,Nayarit,2,4,6
2022-06-17,Nuevo León,2,268,270
2022-06-17,Oaxaca,4,16,20
2022-06-17,Puebla,2,37,39
2022-06-17,Querétaro,2,30,32
2022-06-17,Quintana Roo,3,19,22
2022-06-17,San Luis Potosí,4,21,25
2022-06-17,Sinaloa,1,18,19
2022-06-17,Tamaulipas,1,54,55
2022-06-17,Veracruz de Ignacio de la Llave,1,26,27
2022-06-17,Yucatán,1,29,30
2022-06-17,Zacatecas,2,8,10
2022-06-18,Aguascalientes,1,18,19
2022-06-18,Baja California Sur,1,16,17
2022-06-18,Coahuila de Zaragoza,3,27,30
2022-06-18,Colima,1,20,21
2022-06-18,Durango,2,26,28
2022-06-18,Guerrero,3,29,32
2022-06-18,Hidalgo,2,4,6
2022-06-18,Jalisco,1,46,47
2022-06-18,Morelos,4,25,29
2022-06-18,Nuevo León,3,261,264
2022-06-18,Sinaloa,3,18,21
2022-06-18,Tabasco,2,6,8
2022-06-18,Tlaxcala,2,3,5
2022-06-18,Veracruz de Ignacio de la Llave,1,29,30
2022-06-18,Yucatán,1,25,26
2022-06-18,Zacatecas,4,9,13
2022-06-19,Baja California,2,41,43
2022-06-19,Campeche,1,12,13
2022-06-19,Chiapas,3,12,15
2022-06-19,Chihuahua,1,78,79
2022-06-19,Colima,2,8,10
2022-06-19,Durango,1,26,27
2022-06-19,Guanajuato,1,66,67
2022-06-19,Guerrero,3,25,28
2022-06-19,Hidalgo,1,5,6
2022-06-19,Jalisco,1,47,48
2022-06-19,Michoacán de Ocampo,2,58,60
2022-06-19,México,3,54,57
2022-06-19,Nuevo León,1,188,189
2022-06-19,Puebla,1,24,25
2022-06-19,Querétaro,1,30,31
2022-06-19,Quintana Roo,1,30,31
2022-06-19,Sinaloa,2,34,36
2022-06-19,Sonora,3,77,80
2022-06-19,Tlaxcala,2,5,7
2022-06-19,Veracruz de Ignacio de la Llave,3,21,24
2022-06-19,Yucatán,1,33,34
2022-06-19,Zacatecas,1,8,9
2022-06-20,Aguascalientes,1,5,6
2022-06-20,Baja California,1,40,41
2022-06-20,Baja California Sur,1,17,18
2022-06-20,Chiapas,2,8,10
2022-06-20,Chihuahua,2,76,78
2022-06-20,Colima,2,26,28
2022-06-20,Durango,1,25,26
2022-06-20,Guanajuato,1,47,48
2022-06-20,Hidalgo,1,11,12
2022-06-20,Jalisco,2,46,48
2022-06-20,Michoacán de Ocampo,2,62,64
2022-06-20,Morelos,3,20,23
2022-06-20,México,1,50,51
2022-06-20,Nayarit,2,4,6
2022-06-20,Nuevo León,1,237,238
2022-06-20,Oaxaca,1,12,13
2022-06-20,Puebla,1,25,26
2022-06-20,Querétaro,2,20,22
2022-06-20,Quintana Roo,5,19,24
2022-06-20,San Luis Potosí,1,18,19
2022-06-20,Sinaloa,1,26,27
2022-06-20,Sonora,2,71,73
2022-06-20,Tabasco,1,8,9
2022-06-20,Tlaxcala,2,6,8
2022-06-20,Yucatán,2,14,16
2022-06-20,Zacatecas,2,8,10
2022-06-21,Aguascalientes,2,9,11
2022-06-21,Baja California,4,34,38
2022-06-21,Baja California Sur,2,16,18
2022-06-21,Coahuila de Zaragoza,1,27,28
2022-06-21,Colima,2,19,21
2022-06-21,Guanajuato,4,42,46
2022-06-21,Guerrero,1,16,17
2022-06-21,Hidalgo,3,14,17
2022-06-21,Jalisco,2,34,36
2022-06-21,Morelos,2,22,24
2022-06-21,México,1,48,49
2022-06-21,Nayarit,3,2,5
2022-06-21,Nuevo León,1,205,206
2022-06-21,Oaxaca,1,20,21
2022-06-21,Puebla,2,23,25
2022-06-21,Querétaro,1,15,16
2022-06-21,Quintana Roo,1,16,17
2022-06-21,San Luis Potosí,3,21,24
2022-06-21,Sinaloa,7,15,22
2022-06-21,Sonora,1,61,62
2022-06-21,Tamaulipas,2,37,39
2022-06-21,Tlaxcala,1,5,6
2022-06-21,Veracruz de Ignacio de la Llave,4,32,36
2022-06-21,Yucatán,1,11,12
2022-06-21,Zacatecas,5,5,10
2022-06-22,Aguascalientes,4,7,11
2022-06-22,Baja California,2,34,36
2022-06-22,Baja California Sur,1,16,17
2022-06-22,Chiapas,3,8,11
2022-06-22,Colima,1,12,13
2022-06-22,Durango,1,29,30
2022-06-22,Guanajuato,3,32,35
2022-06-22,Guerrero,3,12,15
2022-06-22,Jalisco,3,25,28
2022-06-22,Morelos,4,28,32
2022-06-22,México,1,54,55
2022-06-22,Nayarit,1,6,7
2022-06-22,Nuevo León,3,233,236
2022-06-22,Oaxaca,1,12,13
2022-06-22,Puebla,4,33,37
2022-06-22,Querétaro,2,29,31
2022-06-22,Quintana Roo,3,15,18
2022-06-22,Sinaloa,1,22,23
2022-06-22,Sonora,1,70,71
2022-06-22,Tabasco,2,7,9
2022-06-22,Tamaulipas,3,37,40
2022-06-22,Tlaxcala,1,9,10
2022-06-22,Yucatán,2,20,22
2022-06-22,Zacatecas,1,1,2
2022-06-23,Aguascalientes,2,6,8
2022-06-23,Baja California,2,41,43
2022-06-23,Baja California Sur,1,9,10
2022-06-23,Campeche,2,11,13
2022-06-23,Chiapas,2,12,14
2022-06-23,Chihuahua,1,67,68
2022-06-23,Coahuila de Zaragoza,2,23,25
2022-06-23,Durango,3,30,33
2022-06-23,Guanajuato,3,40,43
2022-06-23,Guerrero,1,16,17
2022-06-23,Hidalgo,1,12,13
2022-06-23,Jalisco,1,32,33
2022-06-23,Michoacán de Ocampo,1,46,47
2022-06-23,México,4,38,42
2022-06-23,Nayarit,2,3,5
2022-06-23,Oaxaca,1,18,19
2022-06-23,Puebla,1,36,37
2022-06-23,Querétaro,1,20,21
2022-06-23,Quintana Roo,1,18,19
2022-06-23,San Luis Potosí,1,27,28
2022-06-23,Sinaloa,3,14,17
2022-06-23,Sonora,2,61,63
2022-06-23,Tabasco,1,7,8
2022-06-23,Tamaulipas,1,43,44
2022-06-23,Tlaxcala,1,9,10
2022-06-23,Veracruz de Ignacio de la Llave,1,24,25
2022-06-23,Yucatán,1,26,27
2022-06-23,Zacatecas,2,4,6
2022-06-24,Aguascalientes,1,10,11
2022-06-24,Baja California,1,43,44
2022-06-24,Campeche,1,6,7
2022-06-24,Chiapas,1,9,10
2022-06-24,Colima,1,11,12
2022-06-24,Durango,1,27,28
2022-06-24,Guanajuato,2,41,43
2022-06-24,Hidalgo,1,5,6
2022-06-24,Michoacán de Ocampo,1,44,45
2022-06-24,Morelos,1,35,36
2022-06-24,Nayarit,1,1,2
2022-06-24,Nuevo León,2,254,256
2022-06-24,Oaxaca,1,21,22
2022-06-24,Puebla,1,29,30
2022-06-24,Querétaro,1,31,32
2022-06-24,Quintana Roo,2,14,16
2022-06-24,San Luis Potosí,1,19,20
2022-06-24,Sinaloa,5,22,27
2022-06-24,Sonora,1,68,69
2022-06-24,Tabasco,1,13,14
2022-06-24,Tamaulipas,1,36,37
2022-06-25,Baja California,3,51,54
2022-06-25,Baja California Sur,1,15,16
2022-06-25,Campeche,2,13,15
2022-06-25,Chiapas,2,15,17
2022-06-25,Chihuahua,1,80,81
2022-06-25,Coahuila de Zaragoza,1,41,42
2022-06-25,Colima,2,11,13
2022-06-25,Guerrero,1,24,25
2022-06-25,Hidalgo,3,12,15
2022-06-25,Jalisco,2,37,39
2022-06-25,Michoacán de Ocampo,2,54,56
2022-06-25,Morelos,2,31,33
2022-06-25,México,3,52,55
2022-06-25,Nayarit,1,7,8
2022-06-25,Nuevo León,2,235,237
2022-06-25,Querétaro,3,38,41
2022-06-25,Quintana Roo,2,16,18
2022-06-25,San Luis Potosí,1,29,30
2022-06-25,Sonora,2,70,72
2022-06-25,Tamaulipas,1,63,64
2022-06-25,Tlaxcala,2,11,13
2022-06-25,Zacatecas,2,6,8
2022-06-26,Baja California,2,51,53
2022-06-26,Campeche,1,7,8
2022-06-26,Coahuila de Zaragoza,3,23,26
2022-06-26,Colima,2,16,18
2022-06-26,Durango,2,31,33
2022-06-26,Guanajuato,3,46,49
2022-06-26,Guerrero,2,23,25
2022-06-26,Hidalgo,1,6,7
2022-06-26,Michoacán de Ocampo,3,54,57
2022-06-26,Morelos,1,30,31
2022-06-26,México,1,53,54
2022-06-26,Nayarit,2,5,7
2022-06-26,Oaxaca,1,17,18
2022-06-26,Puebla,1,37,38
2022-06-26,Quintana Roo,2,17,19
2022-06-26,San Luis Potosí,1,23,24
2022-06-26,Tabasco,1,7,8
2022-06-26,Tamaulipas,2,60,62
2022-06-26,Veracruz de Ignacio de la Llave,1,22,23
2022-06-26,Yucatán,3,30,33
2022-06-26,Zacatecas,1,9,10
2022-06-27,Baja California,1,33,34
2022-06-27,Baja California Sur,2,20,22
2022-06-27,Chiapas,1,11,12
2022-06-27,Chihuahua,2,73,75
2022-06-27,Colima,2,15,17
2022-06-27,Durango,3,16,19
2022-06-27,Guerrero,2,20,22
2022-06-27,Hidalgo,1,5,6
2022-06-27,Jalisco,2,32,34
2022-06-27,Michoacán de Ocampo,2,41,43
2022-06-27,Nayarit,2,1,3
2022-06-27,Nuevo León,2,243,245
2022-06-27,Oaxaca,1,16,17
2022-06-27,Querétaro,1,30,31
2022-06-27,Quintana Roo,1,23,24
2022-06-27,San Luis Potosí,1,20,21
2022-06-27,Sinaloa,2,29,31
2022-06-27,Sonora,2,57,59
2022-06-27,Tabasco,1,4,5
2022-06-27,Tlaxcala,1,2,3
2022-06-27,Veracruz de Ignacio de la Llave,1,21,22
2022-06-27,Yucatán,1,22,23
2022-06-27,Zacatecas,3,9,12
2022-06-28,Campeche,2,3,5
2022-06-28,Chiapas,3,110,113
2022-06-28,Chihuahua,2,50,52
2022-06-28,Coahuila de Zaragoza,1,41,42
2022-06-28,Colima,1,11,12
2022-06-28,Guanajuato,1,38,39
2022-06-28,Guerrero,1,58,59
2022-06-28,Hidalgo,1,79,80
2022-06-28,Jalisco,3,98,101
2022-06-28,Morelos,2,23,25
2022-06-28,México,2,44,46
2022-06-28,Nayarit,1,9,10
2022-06-28,Oaxaca,2,541,543
2022-06-28,Puebla,4,173,177
2022-06-28,Querétaro,1,18,19
2022-06-28,Sinaloa,2,15,17
2022-06-28,Sonora,2,109,111
2022-06-28,Tabasco,2,5,7
2022-06-28,Tamaulipas,1,56,57
2022-06-28,Tlaxcala,2,40,42
2022-06-28,Yucatán,3,27,30
2022-06-29,Aguascalientes,2,4,6
2022-06-29,Baja California Sur,1,19,20
2022-06-29,Chiapas,4,8,12
2022-06-29,Chihuahua,1,60,61
2022-06-29,Coahuila de Zaragoza,3,21,24
2022-06-29,Guanajuato,1,33,34
2022-06-29,Guerrero,1,14,15
2022-06-29,Hidalgo,3,7,10
2022-06-29,Michoacán de Ocampo,2,24,26
2022-06-29,México,2,35,37
2022-06-29,Nayarit,5,3,8
2022-06-29,Oaxaca,2,14,16
2022-06-29,Puebla,1,33,34
2022-06-29,Querétaro,2,21,23
2022-06-29,San Luis Potosí,2,19,21
2022-06-29,Sinaloa,1,24,25
2022-06-29,Tamaulipas,3,43,46
2022-06-29,Tlaxcala,3,2,5
2022-06-29,Veracruz de Ignacio de la Llave,2,28,30
2022-06-29,Yucatán,1,14,15
2022-06-29,Zacatecas,1,7,8
2022-06-30,Aguascalientes,2,8,10
2022-06-30,Baja California,2,35,37
2022-06-30,Campeche,1,13,14
2022-06-30,Chiapas,1,9,10
2022-06-30,Chihuahua,1,58,59
2022-06-30,Coahuila de Zaragoza,1,28,29
2022-06-30,Colima,3,21,24
2022-06-30,Michoacán de Ocampo,3,33,36
2022-06-30,México,1,50,51
2022-06-30,Nayarit,1,11,12
2022-06-30,Oaxaca,2,18,20
2022-06-30,Puebla,1,27,28
2022-06-30,Querétaro,2,31,33
2022-06-30,Quintana Roo,2,14,16
2022-06-30,San Luis Potosí,2,16,18
2022-06-30,Sonora,4,63,67
2022-06-30,Tabasco,3,5,8
2022-06-30,Tamaulipas,1,40,41
2022-06-30,Tlaxcala,2,3,5
2022-06-30,Veracruz de Ignacio de la Llave,1,33,34
2022-06-30,Yucatán,2,16,18
2022-06-30,Zacatecas,2,7,9
2022-07-01,Baja California,4,46,50
2022-07-01,Campeche,2,20,22
2022-07-01,Chiapas,4,18,22
2022-07-01,Chihuahua,1,81,82
2022-07-01,Coahuila de Zaragoza,2,74,76
2022-07-01,Colima,1,23,24
2022-07-01,Durango,3,40,43
2022-07-01,Guanajuato,2,59,61
2022-07-01,Hidalgo,2,6,8
2022-07-01,Jalisco,1,38,39
2022-07-01,Michoacán de Ocampo,1,52,53
2022-07-01,Morelos,2,35,37
2022-07-01,México,2,88,90
2022-07-01,Nayarit,1,21,22
2022-07-01,Nuevo León,2,291,293
2022-07-01,Oaxaca,1,28,29
2022-07-01,Puebla,1,51,52
2022-07-01,Querétaro,1,26,27
2022-07-01,San Luis Potosí,2,28,30
2022-07-01,Sinaloa,3,29,32
2022-07-01,Sonora,2,83,85
2022-07-01,Tabasco,1,9,10
2022-07-01,Tamaulipas,3,70,73
2022-07-01,Tlaxcala,2,11,13
2022-07-01,Veracruz de Ignacio de la Llave,4,38,42
2022-07-01,Yucatán,1,34,35
2022-07-01,Zacatecas,1,10,11
2022-07-02,Aguascalientes,1,13,14
2022-07-02,Baja California Sur,2,22,24
2022-07-02,Chihuahua,2,65,67
2022-07-02,Colima,4,24,28
2022-07-02,Durango,2,32,34
2022-07-02,Guanajuato,3,65,68
2022-07-02,Hidalgo,2,9,11
2022-07-02,Jalisco,1,46,47
2022-07-02,Michoacán de Ocampo,1,59,60
2022-07-02,Morelos,4,34,38
2022-07-02,México,1,66,67
2022-07-02,Nayarit,1,3,4
2022-07-02,Nuevo León,1,225,226
2022-07-02,Oaxaca,4,15,19
2022-07-02,Querétaro,1,41,42
2022-07-02,Quintana Roo,1,25,26
2022-07-02,San Luis Potosí,1,25,26
2022-07-02,Sonora,4,64,68
2022-07-02,Tamaulipas,1,58,59
2022-07-02,Veracruz de Ignacio de la Llave,1,34,35
2022-07-02,Yucatán,2,37,39
2022-07-03,Aguascalientes,2,15,17
2022-07-03,Baja California,2,57,59
2022-07-03,Baja California Sur,1,17,18
2022-07-03,Campeche,2,12,14
2022-07-03,Chiapas,3,16,19
2022-07-03,Chihuahua,2,90,92
2022-07-03,Coahuila de Zaragoza,1,28,29
2022-07-03,Colima,1,19,20
2022-07-03,Guanajuato,3,65,68
2022-07-03,Guerrero,4,23,27
2022-07-03,Jalisco,2,44,46
2022-07-03,Michoacán de Ocampo,3,46,49
2022-07-03,Morelos,3,33,36
2022-07-03,México,3,57,60
2022-07-03,Nuevo León,1,169,170
2022-07-03,Oaxaca,1,14,15
2022-07-03,Puebla,1,27,28
2022-07-03,Querétaro,3,29,32
2022-07-03,Quintana Roo,1,29,30
2022-07-03,San Luis Potosí,2,28,30
2022-07-03,Sonora,4,67,71
2022-07-03,Tabasco,3,8,11
2022-07-03,Tamaulipas,2,49,51
2022-07-03,Tlaxcala,5,8,13
2022-07-03,Veracruz de Ignacio de la Llave,1,23,24
2022-07-03,Yucatán,2,30,32
2022-07-04,Baja California,2,50,52
2022-07-04,Baja California Sur,2,21,23
2022-07-04,Chiapas,2,13,15
2022-07-04,Chihuahua,6,65,71
2022-07-04,Coahuila de Zaragoza,3,34,37
2022-07-04,Colima,1,14,15
2022-07-04,Guanajuato,3,51,54
2022-07-04,Guerrero,1,20,21
2022-07-04,Jalisco,2,27,29
2022-07-04,Michoacán de Ocampo,1,55,56
2022-07-04,Morelos,1,18,19
2022-07-04,México,2,49,51
2022-07-04,Nayarit,1,6,7
2022-07-04,Nuevo León,1,233,234
2022-07-04,Oaxaca,3,18,21
2022-07-04,San Luis Potosí,4,25,29
2022-07-04,Sinaloa,1,32,33
2022-07-04,Sonora,2,62,64
2022-07-04,Tlaxcala,2,10,12
2022-07-04,Yucatán,3,19,22
2022-07-04,Zacatecas,3,1,4
2022-07-05,Baja California,1,34,35
2022-07-05,Chiapas,3,13,16
2022-07-05,Chihuahua,1,46,47
2022-07-05,Colima,3,15,18
2022-07-05,Durango,1,28,29
2022-07-05,Guanajuato,4,35,39
2022-07-05,Guerrero,1,19,20
2022-07-05,Hidalgo,4,10,14
2022-07-05,Jalisco,1,34,35
2022-07-05,Michoacán de Ocampo,1,38,39
2022-07-05,México,1,39,40
2022-07-05,Nayarit,1,13,14
2022-07-05,Nuevo León,2,254,256
2022-07-05,Oaxaca,1,9,10
2022-07-05,Puebla,1,24,25
2022-07-05,Querétaro,1,26,27
2022-07-05,Quintana Roo,1,21,22
2022-07-05,San Luis Potosí,2,15,17
2022-07-05,Sinaloa,2,15,17
2022-07-05,Sonora,1,59,60
2022-07-05,Tabasco,2,6,8
2022-07-05,Veracruz de Ignacio de la Llave,1,19,20
2022-07-06,Aguascalientes,3,9,12
2022-07-06,Baja California,1,41,42
2022-07-06,Baja California Sur,1,17,18
2022-07-06,Campeche,2,8,10
2022-07-06,Chiapas,1,13,14
2022-07-06,Chihuahua,1,45,46
2022-07-06,Coahuila de Zaragoza,2,26,28
2022-07-06,Colima,3,18,21
2022-07-06,Durango,1,26,27
2022-07-06,Guerrero,3,17,20
2022-07-06,Hidalgo,3,9,12
2022-07-06,Michoacán de Ocampo,2,43,45
2022-07-06,México,2,50,52
2022-07-06,Nayarit,1,9,10
2022-07-06,Nuevo León,4,205,209
2022-07-06,Oaxaca,1,14,15
2022-07-06,Querétaro,1,25,26
2022-07-06,Quintana Roo,1,24,25
2022-07-06,San Luis Potosí,1,16,17
2022-07-06,Sinaloa,1,21,22
2022-07-06,Sonora,3,73,76
2022-07-06,Tabasco,2,6,8
2022-07-06,Tlaxcala,1,7,8
2022-07-06,Zacatecas,1,3,4
2022-07-07,Aguascalientes,4,4,8
2022-07-07,Baja California,3,39,42
2022-07-07,Baja California Sur,2,17,19
2022-07-07,Campeche,3,16,19
2022-07-07,Chihuahua,1,74,75
2022-07-07,Coahuila de Zaragoza,1,34,35
2022-07-07,Colima,1,16,17
2022-07-07,Durango,5,36,41
2022-07-07,Guanajuato,1,27,28
2022-07-07,Hidalgo,3,12,15
2022-07-07,Jalisco,1,40,41
2022-07-07,Morelos,3,20,23
2022-07-07,Oaxaca,1,18,19
2022-07-07,Puebla,2,26,28
2022-07-07,Quintana Roo,1,20,21
2022-07-07,Sinaloa,3,23,26
2022-07-07,Sonora,1,73,74
2022-07-07,Tabasco,1,3,4
2022-07-07,Tlaxcala,5,5,10
2022-07-07,Veracruz de Ignacio de la Llave,2,35,37
2022-07-07,Yucatán,3,18,21
2022-07-07,Zacatecas,4,6,10
2022-07-08,Aguascalientes,6,10,16
2022-07-08,Baja California,1,51,52
2022-07-08,Campeche,1,8,9
2022-07-08,Chiapas,3,11,14
2022-07-08,Chihuahua,1,76,77
2022-07-08,Colima,4,10,14
2022-07-08,Guanajuato,1,53,54
2022-07-08,Guerrero,1,15,16
2022-07-08,Hidalgo,3,7,10
2022-07-08,Jalisco,2,34,36
2022-07-08,Michoacán de Ocampo,3,52,55
2022-07-08,Morelos,1,22,23
2022-07-08,México,1,54,55
2022-07-08,Nuevo León,3,219,222
2022-07-08,Oaxaca,1,14,15
2022-07-08,Puebla,2,34,36
2022-07-08,Quintana Roo,5,20,25
2022-07-08,San Luis Potosí,2,29,31
2022-07-08,Tabasco,2,2,4
2022-07-08,Tamaulipas,2,32,34
2022-07-08,Tlaxcala,2,5,7
2022-07-08,Veracruz de Ignacio de la Llave,1,33,34
2022-07-08,Yucatán,1,28,29
2022-07-08,Zacatecas,1,7,8
2022-07-09,Aguascalientes,1,17,18
2022-07-09,Baja California,1,47,48
2022-07-09,Baja California Sur,1,18,19
2022-07-09,Campeche,3,10,13
2022-07-09,Chihuahua,2,73,75
2022-07-09,Colima,1,31,32
2022-07-09,Durango,2,27,29
2022-07-09,Jalisco,2,39,41
2022-07-09,Michoacán de Ocampo,1,54,55
2022-07-09,Morelos,2,29,31
2022-07-09,México,3,56,59
2022-07-09,Nayarit,2,11,13
2022-07-09,Nuevo León,1,228,229
2022-07-09,Oaxaca,3,17,20
2022-07-09,Querétaro,2,30,32
2022-07-09,Quintana Roo,4,23,27
2022-07-09,Sinaloa,1,32,33
2022-07-09,Sonora,1,80,81
2022-07-09,Tabasco,1,10,11
2022-07-09,Tlaxcala,6,5,11
2022-07-09,Veracruz de Ignacio de la Llave,1,23,24
2022-07-09,Zacatecas,1,8,9
2022-07-10,Aguascalientes,1,12,13
2022-07-10,Baja California,2,58,60
2022-07-10,Baja California Sur,3,23,26
2022-07-10,Campeche,2,7,9
2022-07-10,Chiapas,2,9,11
2022-07-10,Chihuahua,1,86,87
2022-07-10,Durango,2,28,30
2022-07-10,Guanajuato,1,49,50
2022-07-10,Hidalgo,2,5,7
2022-07-10,Jalisco,1,28,29
2022-07-10,Michoacán de Ocampo,2,49,51
2022-07-10,Morelos,3,34,37
2022-07-10,México,2,57,59
2022-07-10,Nayarit,3,4,7
2022-07-10,Querétaro,1,22,23
2022-07-10,Sinaloa,1,26,27
2022-07-10,Tamaulipas,2,43,45
2022-07-10,Veracruz de Ignacio de la Llave,4,18,22
2022-07-11,Aguascalientes,1,12,13
2022-07-11,Baja California,4,30,34
2022-07-11,Campeche,2,11,13
2022-07-11,Coahuila de Zaragoza,3,19,22
2022-07-11,Guanajuato,2,42,44
2022-07-11,Guerrero,2,15,17
2022-07-11,Jalisco,1,40,41
2022-07-11,Michoacán de Ocampo,2,52,54
2022-07-11,Morelos,3,17,20
2022-07-11,Nayarit,1,4,5
2022-07-11,Nuevo León,2,235,237
2022-07-11,Oaxaca,3,13,16
2022-07-11,San Luis Potosí,2,19,21
2022-07-11,Sinaloa,1,18,19
2022-07-11,Sonora,2,63,65
2022-07-11,Tamaulipas,1,37,38
2022-07-11,Tlaxcala,5,7,12
2022-07-11,Veracruz de Ignacio de la Llave,3,34,37
2022-07-11,Zacatecas,1,10,11
2022-07-12,Aguascalientes,3,10,13
2022-07-12,Baja California,2,34,36
2022-07-12,Baja California Sur,2,15,17
2022-07-12,Campeche,2,11,13
2022-07-12,Chiapas,2,12,14
2022-07-12,Chihuahua,4,45,49
2022-07-12,Coahuila de Zaragoza,3,21,24
2022-07-12,Colima,3,13,16
2022-07-12,Durango,1,31,32
2022-07-12,Guanajuato,2,40,42
2022-07-12,Jalisco,1,38,39
2022-07-12,Michoacán de Ocampo,1,43,44
2022-07-12,Nayarit,3,6,9
2022-07-12,Nuevo León,1,186,187
2022-07-12,Oaxaca,4,19,23
2022-07-12,Puebla,1,36,37
2022-07-12,Querétaro,1,30,31
2022-07-12,Quintana Roo,1,17,18
2022-07-12,San Luis Potosí,1,25,26
2022-07-12,Sinaloa,1,13,14
2022-07-12,Tabasco,1,9,10
2022-07-12,Tamaulipas,2,38,40
2022-07-12,Veracruz de Ignacio de la Llave,3,21,24
2022-07-12,Zacatecas,2,3,5
2022-07-13,Aguascalientes,2,10,12
2022-07-13,Campeche,1,8,9
2022-07-13,Chiapas,1,16,17
2022-07-13,Coahuila de Zaragoza,1,26,27
2022-07-13,Colima,2,13,15
2022-07-13,Durango,1,26,27
2022-07-13,Guanajuato,1,41,42
2022-07-13,Guerrero,1,11,12
2022-07-13,Jalisco,2,29,31
2022-07-13,Michoacán de Ocampo,3,36,39
2022-07-13,Morelos,1,21,22
2022-07-13,México,3,43,46
2022-07-13,Nayarit,1,8,9
2022-07-13,Nuevo León,2,217,219
2022-07-13,Oaxaca,1,11,12
2022-07-13,Puebla,1,31,32
2022-07-13,Quintana Roo,1,13,14
2022-07-13,Sinaloa,2,6,8
2022-07-13,Sonora,3,70,73
2022-07-13,Tabasco,1,8,9
2022-07-13,Tlaxcala,1,5,6
2022-07-13,Veracruz de Ignacio de la Llave,1,28,29
2022-07-13,Yucatán,3,21,24
2022-07-13,Zacatecas,1,6,7
2022-07-14,Baja California,3,26,29
2022-07-14,Baja California Sur,2,14,16
2022-07-14,Campeche,3,10,13
2022-07-14,Chiapas,1,9,10
2022-07-14,Chihuahua,2,43,45
2022-07-14,Colima,3,8,11
2022-07-14,Guanajuato,1,33,34
2022-07-14,Guerrero,1,20,21
2022-07-14,Hidalgo,1,8,9
2022-07-14,Jalisco,1,40,41
2022-07-14,Morelos,3,25,28
2022-07-14,Nayarit,2,9,11
2022-07-14,Nuevo León,5,196,201
2022-07-14,Oaxaca,2,15,17
2022-07-14,Puebla,2,29,31
2022-07-14,Querétaro,1,27,28
2022-07-14,Quintana Roo,4,23,27
2022-07-14,San Luis Potosí,2,27,29
2022-07-14,Sinaloa,4,13,17
2022-07-14,Tamaulipas,1,31,32
2022-07-14,Tlaxcala,4,6,10
2022-07-14,Veracruz de Ignacio de la Llave,2,31,33
2022-07-14,Yucatán,1,12,13
2022-07-14,Zacatecas,1,7,8
2022-07-15,Aguascalientes,1,5,6
2022-07-15,Baja California,4,45,49
2022-07-15,Baja California Sur,1,25,26
2022-07-15,Campeche,2,11,13
2022-07-15,Chiapas,2,13,15
2022-07-15,Chihuahua,1,58,59
2022-07-15,Coahuila de Zaragoza,3,36,39
2022-07-15,Colima,2,20,22
2022-07-15,Durango,3,29,32
2022-07-15,Guanajuato,2,36,38
2022-07-15,Guerrero,2,21,23
2022-07-15,Hidalgo,3,9,12
2022-07-15,Michoacán de Ocampo,1,47,48
2022-07-15,México,2,57,59
2022-07-15,Nayarit,2,9,11
2022-07-15,Nuevo León,2,257,259
2022-07-15,Oaxaca,3,11,14
2022-07-15,Puebla,2,34,36
2022-07-15,Querétaro,2,33,35
2022-07-15,San Luis Potosí,2,16,18
2022-07-15,Sinaloa,1,26,27
2022-07-15,Sonora,1,80,81
2022-07-15,Tabasco,3,7,10
2022-07-15,Tamaulipas,1,41,42
2022-07-15,Tlaxcala,3,2,5
2022-07-15,Veracruz de Ignacio de la Llave,2,44,46
2022-07-15,Yucatán,1,26,27
2022-07-15,Zacatecas,2,3,5
2022-07-16,Baja California,1,44,45
2022-07-16,Campeche,1,7,8
2022-07-16,Chiapas,2,16,18
2022-07-16,Durango,1,25,26
2022-07-16,Guanajuato,1,61,62
2022-07-16,Guerrero,1,26,27
2022-07-16,Michoacán de Ocampo,2,63,65
2022-07-16,Morelos,4,31,35
2022-07-16,México,1,57,58
2022-07-16,Nuevo León,1,208,209
2022-07-16,Oaxaca,3,17,20
2022-07-16,Puebla,3,42,45
2022-07-16,Quintana Roo,2,25,27
2022-07-16,Sinaloa,3,26,29
2022-07-16,Sonora,5,68,73
2022-07-16,Tabasco,1,4,5
2022-07-16,Tamaulipas,1,48,49
2022-07-16,Tlaxcala,2,5,7
2022-07-16,Veracruz de Ignacio de la Llave,1,38,39
2022-07-17,Aguascalientes,4,22,26
2022-07-17,Baja California,1,53,54
2022-07-17,Baja California Sur,1,23,24
2022-07-17,Campeche,5,10,15
2022-07-17,Chihuahua,2,72,74
2022-07-17,Coahuila de Zaragoza,1,30,31
2022-07-17,Colima,2,13,15
2022-07-17,Durango,2,29,31
2022-07-17,Guerrero,1,19,20
2022-07-17,Hidalgo,1,6,7
2022-07-17,Jalisco,2,52,54
2022-07-17,Michoacán de Ocampo,3,55,58
2022-07-17,Morelos,2,17,19
2022-07-17,México,2,45,47
2022-07-17,Nuevo León,1,198,199
2022-07-17,Oaxaca,1,12,13
2022-07-17,Puebla,3,37,40
2022-07-17,Querétaro,2,20,22
2022-07-17,Quintana Roo,1,26,27
2022-07-17,San Luis Potosí,1,23,24
2022-07-17,Sinaloa,1,32,33
2022-07-17,Sonora,1,67,68
2022-07-17,Tabasco,1,7,8
2022-07-17,Tamaulipas,1,46,47
2022-07-17,Tlaxcala,4,9,13
2022-07-17,Yucatán,1,28,29
2022-07-17,Zacatecas,3,5,8
2022-07-18,Baja California,3,37,40
2022-07-18,Chiapas,1,11,12
2022-07-18,Chihuahua,2,64,66
2022-07-18,Coahuila de Zaragoza,3,28,31
2022-07-18,Colima,3,7,10
2022-07-18,Durango,1,34,35
2022-07-18,Guanajuato,1,30,31
2022-07-18,Guerrero,2,31,33
2022-07-18,Jalisco,3,35,38
2022-07-18,Michoacán de Ocampo,2,41,43
2022-07-18,Morelos,1,28,29
2022-07-18,México,1,57,58
2022-07-18,Nuevo León,2,228,230
2022-07-18,Oaxaca,1,15,16
2022-07-18,Puebla,1,30,31
2022-07-18,Querétaro,4,30,34
2022-07-18,Quintana Roo,3,23,26
2022-07-18,San Luis Potosí,1,15,16
2022-07-18,Sinaloa,2,12,14
2022-07-18,Tabasco,1,1,2
2022-07-18,Tamaulipas,1,39,40
2022-07-18,Tlaxcala,1,2,3
2022-07-18,Veracruz de Ignacio de la Llave,1,32,33
2022-07-18,Yucatán,1,21,22
2022-07-18,Zacatecas,3,8,11
2022-07-19,Aguascalientes,1,13,14
2022-07-19,Baja California,1,37,38
2022-07-19,Campeche,3,15,18
2022-07-19,Chiapas,2,18,20
2022-07-19,Chihuahua,3,61,64
2022-07-19,Coahuila de Zaragoza,1,24,25
2022-07-19,Colima,1,23,24
2022-07-19,Durango,3,19,22
2022-07-19,Guanajuato,1,36,37
2022-07-19,Guerrero,3,22,25
2022-07-19,Michoacán de Ocampo,1,46,47
2022-07-19,Morelos,1,23,24
2022-07-19,México,1,50,51
2022-07-19,Nayarit,1,4,5
2022-07-19,Nuevo León,1,195,196
2022-07-19,Oaxaca,1,15,16
2022-07-19,Puebla,2,39,41
2022-07-19,San Luis Potosí,4,20,24
2022-07-19,Sinaloa,1,18,19
2022-07-19,Sonora,1,56,57
2022-07-19,Tabasco,2,4,6
2022-07-19,Tlaxcala,2,4,6
2022-07-19,Veracruz de Ignacio de la Llave,1,28,29
2022-07-19,Yucatán,3,25,28
2022-07-19,Zacatecas,2,5,7
2022-07-20,Aguascalientes,2,8,10
2022-07-20,Baja California,1,35,36
2022-07-20,Chiapas,2,9,11
2022-07-20,Chihuahua,3,45,48
2022-07-20,Coahuila de Zaragoza,1,25,26
2022-07-20,Colima,1,10,11
2022-07-20,Guanajuato,1,36,37
2022-07-20,Guerrero,2,16,18
2022-07-20,Hidalgo,1,10,11
2022-07-20,Jalisco,1,50,51
2022-07-20,Michoacán de Ocampo,1,44,45
2022-07-20,Morelos,1,17,18
2022-07-20,México,4,38,42
2022-07-20,Nayarit,3,6,9
2022-07-20,Oaxaca,3,16,19
2022-07-20,Puebla,2,36,38
2022-07-20,Querétaro,2,16,18
2022-07-20,Quintana Roo,2,14,16
2022-07-20,Tabasco,1,6,7
2022-07-20,Tamaulipas,1,31,32
2022-07-20,Veracruz de Ignacio de la Llave,2,32,34
2022-07-20,Yucatán,2,23,25
2022-07-20,Zacatecas,3,5,8
2022-07-21,Aguascalientes,3,7,10
2022-07-21,Baja California Sur,1,17,18
2022-07-21,Campeche,1,12,13
2022-07-21,Chiapas,1,12,13
2022-07-21,Chihuahua,5,48,53
2022-07-21,Coahuila de Zaragoza,2,23,25
2022-07-21,Colima,1,16,17
2022-07-21,Durango,4,24,28
2022-07-21,Guerrero,3,18,21
2022-07-21,Hidalgo,2,8,10
2022-07-21,Jalisco,3,45,48
2022-07-21,Morelos,2,25,27
2022-07-21,México,2,36,38
2022-07-21,Nayarit,2,2,4
2022-07-21,Oaxaca,3,17,20
2022-07-21,San Luis Potosí,2,19,21
2022-07-21,Sinaloa,2,19,21
2022-07-21,Sonora,1,60,61
2022-07-21,Tabasco,2,5,7
2022-07-21,Yucatán,2,23,25
2022-07-21,Zacatecas,2,4,6
2022-07-22,Aguascalientes,1,9,10
2022-07-22,Baja California,3,42,45
2022-07-22,Campeche,2,10,12
2022-07-22,Chiapas,1,8,9
2022-07-22,Chihuahua,3,69,72
2022-07-22,Durango,2,31,33
2022-07-22,Guanajuato,3,32,35
2022-07-22,Hidalgo,3,10,13
2022-07-22,Jalisco,1,39,40
2022-07-22,Michoacán de Ocampo,3,53,56
2022-07-22,México,1,48,49
2022-07-22,Nuevo León,1,267,268
2022-07-22,Oaxaca,1,14,15
2022-07-22,Querétaro,2,28,30
2022-07-22,San Luis Potosí,1,19,20
2022-07-22,Sonora,2,67,69
2022-07-22,Tabasco,1,8,9
2022-07-22,Tamaulipas,1,39,40
2022-07-22,Tlaxcala,3,3,6
2022-07-22,Veracruz de Ignacio de la Llave,2,23,25
2022-07-22,Yucatán,1,30,31
2022-07-23,Aguascalientes,1,16,17
2022-07-23,Baja California,2,52,54
2022-07-23,Baja California Sur,1,12,13
2022-07-23,Campeche,4,13,17
2022-07-23,Chiapas,1,17,18
2022-07-23,Colima,1,17,18
2022-07-23,Durango,1,22,23
2022-07-23,Guanajuato,1,48,49
2022-07-23,Guerrero,1,26,27
2022-07-23,Hidalgo,2,14,16
2022-07-23,Jalisco,3,34,37
2022-07-23,Michoacán de Ocampo,1,46,47
2022-07-23,Morelos,1,23,24
2022-07-23,Nayarit,3,9,12
2022-07-23,Oaxaca,1,17,18
2022-07-23,Puebla,1,45,46
2022-07-23,Querétaro,2,33,35
2022-07-23,Quintana Roo,1,25,26
2022-07-23,Sinaloa,2,20,22
2022-07-23,Sonora,1,60,61
2022-07-23,Tabasco,1,8,9
2022-07-23,Tamaulipas,2,46,48
2022-07-23,Veracruz de Ignacio de la Llave,1,46,47
2022-07-23,Yucatán,1,28,29
2022-07-23,Zacatecas,1,8,9
2022-07-24,Aguascalientes,3,15,18
2022-07-24,Baja California,1,41,42
2022-07-24,Baja California Sur,2,21,23
2022-07-24,Chiapas,3,15,18
2022-07-24,Chihuahua,1,68,69
2022-07-24,Coahuila de Zaragoza,1,40,41
2022-07-24,Colima,2,15,17
2022-07-24,Durango,1,20,21
2022-07-24,Guanajuato,1,43,44
2022-07-24,Guerrero,3,24,27
2022-07-24,Jalisco,4,41,45
2022-07-24,Michoacán de Ocampo,1,42,43
2022-07-24,Morelos,1,29,30
2022-07-24,Nayarit,1,10,11
2022-07-24,Oaxaca,1,12,13
2022-07-24,Querétaro,1,29,30
2022-07-24,Quintana Roo,1,16,17
2022-07-24,San Luis Potosí,1,24,25
2022-07-24,Tamaulipas,3,49,52
2022-07-24,Tlaxcala,4,4,8
2022-07-24,Veracruz de Ignacio de la Llave,1,22,23
2022-07-24,Yucatán,2,30,32
2022-07-24,Zacatecas,2,11,13
2022-07-25,Aguascalientes,4,11,15
2022-07-25,Baja California Sur,2,12,14
2022-07-25,Campeche,1,10,11
2022-07-25,Chiapas,3,11,14
2022-07-25,Chihuahua,1,66,67
2022-07-25,Coahuila de Zaragoza,1,35,36
2022-07-25,Durango,1,30,31
2022-07-25,Guanajuato,2,29,31
2022-07-25,Guerrero,2,18,20
2022-07-25,Michoacán de Ocampo,1,55,56
2022-07-25,Morelos,2,22,24
2022-07-25,México,3,30,33
2022-07-25,Nuevo León,1,196,197
2022-07-25,Oaxaca,2,19,21
2022-07-25,Puebla,5,28,33
2022-07-25,San Luis Potosí,2,25,27
2022-07-25,Sinaloa,4,13,17
2022-07-25,Sonora,1,64,65
2022-07-25,Tamaulipas,1,40,41
2022-07-25,Veracruz de Ignacio de la Llave,3,24,27
2022-07-25,Yucatán,3,19,22
2022-07-25,Zacatecas,4,7,11
2022-07-26,Aguascalientes,1,9,10
2022-07-26,Baja California,3,23,26
2022-07-26,Baja California Sur,2,8,10
2022-07-26,Campeche,1,10,11
2022-07-26,Chihuahua,1,43,44
2022-07-26,Coahuila de Zaragoza,2,19,21
2022-07-26,Colima,1,12,13
2022-07-26,Durango,3,23,26
2022-07-26,Guanajuato,2,52,54
2022-07-26,Guerrero,1,18,19
2022-07-26,Hidalgo,1,6,7
2022-07-26,Jalisco,2,28,30
2022-07-26,Michoacán de Ocampo,2,49,51
2022-07-26,Morelos,1,25,26
2022-07-26,México,1,39,40
2022-07-26,Nayarit,1,4,5
2022-07-26,Nuevo León,2,219,221
2022-07-26,Oaxaca,1,7,8
2022-07-26,Puebla,3,40,43
2022-07-26,Querétaro,3,21,24
2022-07-26,Quintana Roo,2,15,17
2022-07-26,San Luis Potosí,3,18,21
2022-07-26,Sinaloa,4,11,15
2022-07-26,Tamaulipas,3,35,38
2022-07-26,Tlaxcala,2,4,6
2022-07-26,Veracruz de Ignacio de la Llave,1,30,31
2022-07-27,Aguascalientes,6,11,17
2022-07-27,Chiapas,3,7,10
2022-07-27,Chihuahua,2,49,51
2022-07-27,Coahuila de Zaragoza,1,27,28
2022-07-27,Colima,2,16,18
2022-07-27,Durango,1,23,24
2022-07-27,Hidalgo,2,9,11
2022-07-27,Jalisco,1,35,36
2022-07-27,Michoacán de Ocampo,1,34,35
2022-07-27,Morelos,1,14,15
2022-07-27,Nayarit,1,5,6
2022-07-27,Nuevo León,4,194,198
2022-07-27,Oaxaca,3,14,17
2022-07-27,Puebla,2,28,30
2022-07-27,Sinaloa,1,7,8
2022-07-27,Sonora,2,54,56
2022-07-27,Tabasco,4,4,8
2022-07-27,Tamaulipas,1,24,25
2022-07-27,Tlaxcala,2,3,5
2022-07-27,Yucatán,1,27,28
2022-07-27,Zacatecas,3,2,5
2022-07-28,Baja California,1,34,35
2022-07-28,Baja California Sur,2,20,22
2022-07-28,Campeche,1,12,13
2022-07-28,Chiapas,3,102,105
2022-07-28,Chihuahua,2,63,65
2022-07-28,Coahuila de Zaragoza,3,43,46
2022-07-28,Colima,1,19,20
2022-07-28,Guerrero,2,54,56
2022-07-28,Hidalgo,2,74,76
2022-07-28,Jalisco,2,110,112
2022-07-28,México,1,41,42
2022-07-28,Oaxaca,2,536,538
2022-07-28,Puebla,1,188,189
2022-07-28,Querétaro,3,32,35
2022-07-28,Quintana Roo,2,16,18
2022-07-28,Sinaloa,3,14,17
2022-07-28,Tlaxcala,4,44,48
2022-07-28,Veracruz de Ignacio de la Llave,1,160,161
2022-07-28,Yucatán,3,40,43
2022-07-29,Aguascalientes,1,9,10
2022-07-29,Baja California,2,27,29
2022-07-29,Campeche,1,10,11
2022-07-29,Chiapas,3,7,10
2022-07-29,Chihuahua,4,61,65
2022-07-29,Coahuila de Zaragoza,2,25,27
2022-07-29,Colima,1,13,14
2022-07-29,Durango,1,31,32
2022-07-29,Guerrero,1,13,14
2022-07-29,Hidalgo,2,7,9
2022-07-29,Jalisco,2,54,56
2022-07-29,Michoacán de Ocampo,2,38,40
2022-07-29,Morelos,4,20,24
2022-07-29,México,1,36,37
2022-07-29,Nayarit,3,4,7
2022-07-29,Puebla,1,25,26
2022-07-29,Quintana Roo,1,14,15
2022-07-29,San Luis Potosí,3,21,24
2022-07-29,Sinaloa,1,17,18
2022-07-29,Sonora,2,63,65
2022-07-29,Tabasco,1,6,7
2022-07-29,Tlaxcala,4,1,5
2022-07-29,Zacatecas,1,2,3
2022-07-30,Aguascalientes,2,15,17
2022-07-30,Baja California Sur,2,16,18
2022-07-30,Campeche,1,13,14
2022-07-30,Chiapas,1,17,18
2022-07-30,Chihuahua,2,71,73
2022-07-30,Coahuila de Zaragoza,3,45,48
2022-07-30,Guanajuato,2,70,72
2022-07-30,Guerrero,2,16,18
2022-07-30,Hidalgo,3,8,11
2022-07-30,Jalisco,3,57,60
2022-07-30,Michoacán de Ocampo,1,39,40
2022-07-30,Morelos,2,23,25
2022-07-30,México,1,70,71
2022-07-30,Nayarit,2,13,15
2022-07-30,Oaxaca,2,9,11
2022-07-30,Quintana Roo,1,21,22
2022-07-30,San Luis Potosí,2,29,31
2022-07-30,Sinaloa,2,14,16
2022-07-30,Tabasco,2,14,16
2022-07-30,Tamaulipas,1,51,52
2022-07-30,Tlaxcala,1,4,5
2022-07-30,Veracruz de Ignacio de la Llave,1,22,23
2022-07-30,Yucatán,2,30,32
2022-07-30,Zacatecas,2,4,6
2022-07-31,Aguascalientes,2,20,22
2022-07-31,Baja California Sur,1,17,18
2022-07-31,Campeche,4,8,12
2022-07-31,Chiapas,3,16,19
2022-07-31,Chihuahua,1,86,87
2022-07-31,Coahuila de Zaragoza,1,35,36
2022-07-31,Durango,1,25,26
2022-07-31,Guanajuato,2,46,48
2022-07-31,Guerrero,1,19,20
2022-07-31,Hidalgo,1,2,3
2022-07-31,Michoacán de Ocampo,2,45,47
2022-07-31,Morelos,1,29,30
2022-07-31,Nayarit,4,12,16
2022-07-31,Oaxaca,2,18,20
2022-07-31,Puebla,1,41,42
2022-07-31,Querétaro,3,34,37
2022-07-31,Quintana Roo,1,28,29
2022-07-31,San Luis Potosí,2,25,27
2022-07-31,Sinaloa,2,20,22
2022-07-31,Sonora,3,47,50
2022-07-31,Tabasco,3,4,7
2022-07-31,Tlaxcala,1,5,6
2022-07-31,Veracruz de Ignacio de la Llave,2,26,28
2022-07-31,Yucatán,1,24,25
2022-08-01,Baja California,2,51,53
2022-08-01,Campeche,3,12,15
2022-08-01,Chiapas,3,14,17
2022-08-01,Chihuahua,4,76,80
2022-08-01,Colima,2,21,23
2022-08-01,Durango,1,20,21
2022-08-01,Guanajuato,1,54,55
2022-08-01,Guerrero,2,26,28
2022-08-01,Hidalgo,2,24,26
2022-08-01,Jalisco,2,58,60
2022-08-01,Michoacán de Ocampo,2,51,53
2022-08-01,Morelos,2,14,16
2022-08-01,México,1,69,70
2022-08-01,Nayarit,1,8,9
2022-08-01,Oaxaca,1,23,24
2022-08-01,Puebla,2,35,37
2022-08-01,Querétaro,1,35,36
2022-08-01,Quintana Roo,3,23,26
2022-08-01,San Luis Potosí,1,33,34
2022-08-01,Tabasco,1,7,8
2022-08-01,Tlaxcala,3,4,7
2022-08-01,Veracruz de Ignacio de la Llave,2,34,36
2022-08-01,Yucatán,3,29,32
2022-08-01,Zacatecas,2,12,14
2022-08-02,Aguascalientes,2,10,12
2022-08-02,Baja California,4,37,41
2022-08-02,Baja California Sur,2,3,5
2022-08-02,Campeche,2,12,14
2022-08-02,Chihuahua,1,63,64
2022-08-02,Coahuila de Zaragoza,4,31,35
2022-08-02,Durango,1,24,25
2022-08-02,Guanajuato,1,34,35
2022-08-02,Guerrero,2,12,14
2022-08-02,Hidalgo,2,3,5
2022-08-02,Jalisco,1,36,37
2022-08-02,Michoacán de Ocampo,2,39,41
2022-08-02,Morelos,1,23,24
2022-08-02,México,1,52,53
2022-08-02,Nayarit,2,4,6
2022-08-02,Puebla,3,31,34
2022-08-02,Querétaro,3,26,29
2022-08-02,San Luis Potosí,2,13,15
2022-08-02,Sinaloa,2,16,18
2022-08-02,Tabasco,1,5,6
2022-08-02,Tamaulipas,2,30,32
2022-08-02,Veracruz de Ignacio de la Llave,1,25,26
2022-08-03,Baja California,1,50,51
2022-08-03,Baja California Sur,2,9,11
2022-08-03,Campeche,3,10,13
2022-08-03,Chiapas,4,6,10
2022-08-03,Chihuahua,4,54,58
2022-08-03,Durango,4,25,29
2022-08-03,Guanajuato,2,42,44
2022-08-03,Jalisco,2,35,37
2022-08-03,Morelos,2,24,26
2022-08-03,México,1,46,47
2022-08-03,Nuevo León,2,216,218
2022-08-03,Oaxaca,3,9,12
2022-08-03,Puebla,3,35,38
2022-08-03,Querétaro,1,22,23
2022-08-03,San Luis Potosí,2,18,20
2022-08-03,Sonora,1,53,54
2022-08-03,Tabasco,1,10,11
2022-08-03,Tamaulipas,3,29,32
2022-08-03,Tlaxcala,1,4,5
2022-08-03,Veracruz de Ignacio de la Llave,1,27,28
2022-08-03,Yucatán,1,22,23
2022-08-04,Aguascalientes,3,8,11
2022-08-04,Baja California,2,34,36
2022-08-04,Baja California Sur,6,18,24
2022-08-04,Campeche,3,12,15
2022-08-04,Chiapas,2,13,15
2022-08-04,Chihuahua,2,53,55
2022-08-04,Guanajuato,1,37,38
2022-08-04,Hidalgo,1,7,8
2022-08-04,Michoacán de Ocampo,2,41,43
2022-08-04,Morelos,1,22,23
2022-08-04,México,2,46,48
2022-08-04,Nuevo León,2,229,231
2022-08-04,Puebla,1,25,26
2022-08-04,Querétaro,1,28,29
2022-08-04,Quintana Roo,2,20,22
2022-08-04,San Luis Potosí,1,15,16
2022-08-04,Sinaloa,2,22,24
2022-08-04,Sonora,1,63,64
2022-08-04,Tabasco,2,9,11
2022-08-04,Tamaulipas,1,40,41
2022-08-04,Veracruz de Ignacio de la Llave,1,33,34
2022-08-04,Yucatán,2,23,25
2022-08-05,Aguascalientes,3,14,17
2022-08-05,Baja California,2,35,37
2022-08-05,Campeche,2,8,10
2022-08-05,Chiapas,4,14,18
2022-08-05,Coahuila de Zaragoza,2,34,36
2022-08-05,Durango,3,25,28
2022-08-05,Guerrero,5,26,31
2022-08-05,Hidalgo,1,9,10
2022-08-05,Jalisco,1,39,40
2022-08-05,Michoacán de Ocampo,1,50,51
2022-08-05,Morelos,1,25,26
2022-08-05,México,2,57,59
2022-08-05,Nuevo León,1,264,265
2022-08-05,Oaxaca,2,14,16
2022-08-05,Puebla,4,26,30
2022-08-05,Querétaro,1,31,32
2022-08-05,Quintana Roo,3,21,24
2022-08-05,Sinaloa,1,10,11
2022-08-05,Sonora,1,85,86
2022-08-05,Tabasco,1,3,4
2022-08-05,Tamaulipas,3,44,47
2022-08-05,Tlaxcala,2,5,7
2022-08-05,Veracruz de Ignacio de la Llave,1,27,28
2022-08-05,Zacatecas,1,3,4
2022-08-06,Baja California,1,45,46
2022-08-06,Baja California Sur,2,24,26
2022-08-06,Campeche,2,10,12
2022-08-06,Chiapas,2,14,16
2022-08-06,Coahuila de Zaragoza,1,38,39
2022-08-06,Colima,1,27,28
2022-08-06,Durango,2,27,29
2022-08-06,Guanajuato,4,64,68
2022-08-06,Guerrero,2,26,28
2022-08-06,Hidalgo,1,9,10
2022-08-06,Michoacán de Ocampo,1,54,55
2022-08-06,Nayarit,1,17,18
2022-08-06,Nuevo León,4,193,197
2022-08-06,Oaxaca,3,17,20
2022-08-06,Puebla,1,39,40
2022-08-06,Querétaro,2,25,27
2022-08-06,Quintana Roo,1,18,19
2022-08-06,Sinaloa,1,14,15
2022-08-06,Tamaulipas,1,70,71
2022-08-06,Tlaxcala,2,5,7
2022-08-06,Zacatecas,1,3,4
2022-08-07,Aguascalientes,1,8,9
2022-08-07,Campeche,1,12,13
2022-08-07,Chiapas,1,6,7
2022-08-07,Chihuahua,4,69,73
2022-08-07,Coahuila de Zaragoza,3,34,37
2022-08-07,Colima,1,15,16
2022-08-07,Durango,1,26,27
2022-08-07,Guanajuato,1,46,47
2022-08-07,Guerrero,1,29,30
2022-08-07,Hidalgo,2,14,16
2022-08-07,Jalisco,1,43,44
2022-08-07,Morelos,2,36,38
2022-08-07,Nayarit,4,9,13
2022-08-07,Nuevo León,2,191,193
2022-08-07,Oaxaca,3,14,17
2022-08-07,Puebla,1,39,40
2022-08-07,Querétaro,2,29,31
2022-08-07,San Luis Potosí,2,27,29
2022-08-07,Sinaloa,3,31,34
2022-08-07,Tabasco,2,6,8
2022-08-07,Tamaulipas,1,48,49
2022-08-07,Tlaxcala,1,5,6
2022-08-07,Veracruz de Ignacio de la Llave,3,25,28
2022-08-07,Yucatán,1,24,25
2022-08-07,Zacatecas,3,8,11
2022-08-08,Aguascalientes,4,16,20
2022-08-08,Baja California,1,42,43
2022-08-08,Campeche,1,10,11
2022-08-08,Chiapas,2,11,13
2022-08-08,Chihuahua,2,66,68
2022-08-08,Coahuila de Zaragoza,3,32,35
2022-08-08,Colima,2,21,23
2022-08-08,Durango,1,33,34
2022-08-08,Guerrero,3,20,23
2022-08-08,Hidalgo,2,7,9
2022-08-08,Jalisco,2,46,48
2022-08-08,Michoacán de Ocampo,2,49,51
2022-08-08,Morelos,2,33,35
2022-08-08,México,2,34,36
2022-08-08,Nayarit,2,6,8
2022-08-08,Nuevo León,2,235,237
2022-08-08,Oaxaca,1,20,21
2022-08-08,Puebla,1,42,43
2022-08-08,Querétaro,4,19,23
2022-08-08,Quintana Roo,2,12,14
2022-08-08,San Luis Potosí,2,20,22
2022-08-08,Sinaloa,2,19,21
2022-08-08,Tabasco,2,1,3
2022-08-08,Tamaulipas,1,50,51
2022-08-08,Veracruz de Ignacio de la Llave,2,34,36
2022-08-08,Yucatán,2,27,29
2022-08-08,Zacatecas,2,7,9
2022-08-09,Aguascalientes,3,8,11
2022-08-09,Baja California Sur,2,10,12
2022-08-09,Campeche,4,9,13
2022-08-09,Chihuahua,3,35,38
2022-08-09,Coahuila de Zaragoza,1,26,27
2022-08-09,Colima,1,11,12
2022-08-09,Guanajuato,1,36,37
2022-08-09,Guerrero,1,17,18
2022-08-09,Hidalgo,1,8,9
2022-08-09,Jalisco,2,34,36
2022-08-09,Michoacán de Ocampo,1,41,42
2022-08-09,México,1,58,59
2022-08-09,Nayarit,1,5,6
2022-08-09,Nuevo León,1,215,216
2022-08-09,Oaxaca,3,11,14
2022-08-09,Puebla,1,34,35
2022-08-09,Querétaro,1,15,16
2022-08-09,San Luis Potosí,2,19,21
2022-08-09,Sinaloa,2,10,12
2022-08-09,Sonora,1,51,52
2022-08-09,Tabasco,1,8,9
2022-08-09,Tamaulipas,2,43,45
2022-08-09,Tlaxcala,2,6,8
2022-08-09,Veracruz de Ignacio de la Llave,1,30,31
2022-08-09,Zacatecas,4,2,6
2022-08-10,Baja California Sur,2,16,18
2022-08-10,Chiapas,1,9,10
2022-08-10,Chihuahua,2,70,72
2022-08-10,Durango,1,33,34
2022-08-10,Guanajuato,1,32,33
2022-08-10,Guerrero,2,12,14
2022-08-10,Hidalgo,2,6,8
2022-08-10,Morelos,3,14,17
2022-08-10,México,2,41,43
2022-08-10,Nayarit,2,5,7
2022-08-10,Nuevo León,1,237,238
2022-08-10,Oaxaca,3,20,23
2022-08-10,Puebla,1,27,28
2022-08-10,Querétaro,2,24,26
2022-08-10,Quintana Roo,1,23,24
2022-08-10,Sinaloa,3,6,9
2022-08-10,Sonora,3,52,55
2022-08-10,Tabasco,4,2,6
2022-08-10,Tlaxcala,3,2,5
2022-08-10,Veracruz de Ignacio de la Llave,1,37,38
2022-08-10,Zacatecas,1,6,7
2022-08-11,Baja California,1,41,42
2022-08-11,Baja California Sur,3,16,19
2022-08-11,Campeche,3,10,13
2022-08-11,Chiapas,1,12,13
2022-08-11,Chihuahua,1,61,62
2022-08-11,Coahuila de Zaragoza,3,23,26
2022-08-11,Colima,1,25,26
2022-08-11,Durango,3,26,29
2022-08-11,Guanajuato,2,34,36
2022-08-11,Guerrero,1,21,22
2022-08-11,Hidalgo,1,7,8
2022-08-11,Jalisco,1,37,38
2022-08-11,Michoacán de Ocampo,2,32,34
2022-08-11,Morelos,2,18,20
2022-08-11,México,1,50,51
2022-08-11,Nayarit,2,6,8
2022-08-11,Nuevo León,2,245,247
2022-08-11,Oaxaca,4,18,22
2022-08-11,Puebla,1,34,35
2022-08-11,Querétaro,1,23,24
2022-08-11,San Luis Potosí,1,19,20
2022-08-11,Sinaloa,2,13,15
2022-08-11,Tlaxcala,2,6,8
2022-08-11,Yucatán,1,22,23
2022-08-11,Zacatecas,1,5,6
2022-08-12,Aguascalientes,1,12,13
2022-08-12,Baja California,2,49,51
2022-08-12,Chihuahua,2,55,57
2022-08-12,Coahuila de Zaragoza,1,34,35
2022-08-12,Durango,1,35,36
2022-08-12,Guanajuato,2,45,47
2022-08-12,Hidalgo,3,5,8
2022-08-12,Jalisco,5,38,43
2022-08-12,Michoacán de Ocampo,2,45,47
2022-08-12,Morelos,4,30,34
2022-08-12,México,1,51,52
2022-08-12,Oaxaca,2,13,15
2022-08-12,Puebla,1,38,39
2022-08-12,Querétaro,1,25,26
2022-08-12,Quintana Roo,1,13,14
2022-08-12,San Luis Potosí,2,23,25
2022-08-12,Sinaloa,1,19,20
2022-08-12,Tamaulipas,4,45,49
2022-08-12,Tlaxcala,2,11,13
2022-08-12,Veracruz de Ignacio de la Llave,1,26,27
2022-08-12,Yucatán,2,27,29
2022-08-12,Zacatecas,2,10,12
2022-08-13,Aguascalientes,1,11,12
2022-08-13,Baja California Sur,3,14,17
2022-08-13,Chihuahua,1,74,75
2022-08-13,Coahuila de Zaragoza,1,42,43
2022-08-13,Colima,1,15,16
2022-08-13,Guerrero,3,26,29
2022-08-13,Hidalgo,2,6,8
2022-08-13,Michoacán de Ocampo,3,54,57
2022-08-13,Nayarit,1,6,7
2022-08-13,Nuevo León,3,195,198
2022-08-13,Oaxaca,2,17,19
2022-08-13,Querétaro,2,32,34
2022-08-13,Quintana Roo,1,27,28
2022-08-13,Sinaloa,2,16,18
2022-08-13,Sonora,3,73,76
2022-08-13,Tamaulipas,1,46,47
2022-08-13,Tlaxcala,2,11,13
2022-08-13,Veracruz de Ignacio de la Llave,3,24,27
2022-08-13,Yucatán,2,35,37
2022-08-13,Zacatecas,1,7,8
2022-08-14,Aguascalientes,1,16,17
2022-08-14,Baja California,1,33,34
2022-08-14,Baja California Sur,3,11,14
2022-08-14,Campeche,1,8,9
2022-08-14,Chihuahua,1,72,73
2022-08-14,Coahuila de Zaragoza,1,32,33
2022-08-14,Colima,1,22,23
2022-08-14,Guanajuato,1,58,59
2022-08-14,Guerrero,2,22,24
2022-08-14,Hidalgo,2,6,8
2022-08-14,Jalisco,1,36,37
2022-08-14,Michoacán de Ocampo,1,44,45
2022-08-14,Morelos,5,21,26
2022-08-14,México,2,49,51
2022-08-14,Nayarit,1,8,9
2022-08-14,Nuevo León,3,148,151
2022-08-14,Puebla,1,51,52
2022-08-14,Querétaro,1,34,35
2022-08-14,Quintana Roo,1,16,17
2022-08-14,San Luis Potosí,1,23,24
2022-08-14,Sinaloa,1,24,25
2022-08-14,Sonora,3,59,62
2022-08-14,Tamaulipas,2,47,49
2022-08-14,Veracruz de Ignacio de la Llave,1,24,25
2022-08-14,Yucatán,3,31,34
2022-08-14,Zacatecas,2,3,5
2022-08-15,Aguascalientes,2,11,13
2022-08-15,Baja California Sur,6,17,23
2022-08-15,Chiapas,1,8,9
2022-08-15,Chihuahua,2,69,71
2022-08-15,Coahuila de Zaragoza,3,23,26
2022-08-15,Colima,1,16,17
2022-08-15,Durango,1,33,34
2022-08-15,Guanajuato,2,45,47
2022-08-15,Guerrero,1,30,31
2022-08-15,Hidalgo,2,6,8
2022-08-15,Jalisco,1,41,42
2022-08-15,Michoacán de Ocampo,2,61,63
2022-08-15,Morelos,2,17,19
2022-08-15,Nuevo León,2,246,248
2022-08-15,Oaxaca,2,15,17
2022-08-15,Puebla,1,38,39
2022-08-15,Querétaro,1,27,28
2022-08-15,Quintana Roo,2,19,21
2022-08-15,Sinaloa,1,18,19
2022-08-15,Sonora,2,55,57
2022-08-15,Tabasco,4,6,10
2022-08-15,Tamaulipas,1,34,35
2022-08-15,Tlaxcala,3,6,9
2022-08-15,Veracruz de Ignacio de la Llave,3,30,33
2022-08-15,Yucatán,3,23,26
2022-08-15,Zacatecas,2,5,7
2022-08-16,Aguascalientes,3,10,13
2022-08-16,Baja California,1,33,34
2022-08-16,Baja California Sur,1,17,18
2022-08-16,Campeche,2,5,7
2022-08-16,Chiapas,5,7,12
2022-08-16,Chihuahua,2,58,60
2022-08-16,Coahuila de Zaragoza,2,19,21
2022-08-16,Colima,2,18,20
2022-08-16,Durango,2,28,30
2022-08-16,Guanajuato,1,35,36
2022-08-16,Hidalgo,1,7,8
2022-08-16,Jalisco,1,35,36
2022-08-16,Morelos,2,17,19
2022-08-16,México,1,52,53
2022-08-16,Nayarit,1,4,5
2022-08-16,Nuevo León,1,201,202
2022-08-16,Oaxaca,2,12,14
2022-08-16,Puebla,2,43,45
2022-08-16,Querétaro,1,29,30
2022-08-16,Quintana Roo,1,26,27
2022-08-16,San Luis Potosí,2,25,27
2022-08-16,Sinaloa,1,21,22
2022-08-16,Tabasco,3,2,5
2022-08-16,Tamaulipas,1,33,34
2022-08-16,Veracruz de Ignacio de la Llave,3,36,39
2022-08-16,Yucatán,1,15,16
2022-08-17,Baja California,3,32,35
2022-08-17,Baja California Sur,1,9,10
2022-08-17,Campeche,3,9,12
2022-08-17,Guanajuato,2,51,53
2022-08-17,Guerrero,1,23,24
2022-08-17,Hidalgo,1,7,8
2022-08-17,Jalisco,2,29,31
2022-08-17,Michoacán de Ocampo,5,39,44
2022-08-17,Morelos,5,20,25
2022-08-17,Nayarit,2,2,4
2022-08-17,Nuevo León,1,229,230
2022-08-17,Oaxaca,2,15,17
2022-08-17,Puebla,3,33,36
2022-08-17,Querétaro,3,21,24
2022-08-17,Quintana Roo,3,13,16
2022-08-17,Sinaloa,1,12,13
2022-08-17,Sonora,1,54,55
2022-08-17,Tabasco,2,3,5
2022-08-17,Tamaulipas,1,29,30
2022-08-17,Tlaxcala,2,4,6
2022-08-17,Veracruz de Ignacio de la Llave,2,33,35
2022-08-17,Yucatán,2,25,27
2022-08-17,Zacatecas,3,4,7
2022-08-18,Aguascalientes,2,8,10
2022-08-18,Baja California,1,34,35
2022-08-18,Baja California Sur,2,8,10
2022-08-18,Campeche,2,8,10
2022-08-18,Chihuahua,2,70,72
2022-08-18,Colima,2,19,21
2022-08-18,Guanajuato,1,22,23
2022-08-18,Guerrero,2,17,19
2022-08-18,Hidalgo,1,3,4
2022-08-18,Jalisco,3,34,37
2022-08-18,Michoacán de Ocampo,1,47,48
2022-08-18,Morelos,2,17,19
2022-08-18,México,3,30,33
2022-08-18,Nuevo León,2,239,241
2022-08-18,Querétaro,3,21,24
2022-08-18,Quintana Roo,1,14,15
2022-08-18,San Luis Potosí,3,24,27
2022-08-18,Sinaloa,1,15,16
2022-08-18,Sonora,4,56,60
2022-08-18,Tamaulipas,2,44,46
2022-08-18,Veracruz de Ignacio de la Llave,2,28,30
2022-08-18,Zacatecas,1,6,7
2022-08-19,Aguascalientes,1,9,10
2022-08-19,Baja California,3,45,48
2022-08-19,Campeche,2,7,9
2022-08-19,Chiapas,1,11,12
2022-08-19,Coahuila de Zaragoza,3,30,33
2022-08-19,Colima,3,13,16
2022-08-19,Hidalgo,3,7,10
2022-08-19,Jalisco,1,46,47
2022-08-19,Michoacán de Ocampo,1,49,50
2022-08-19,México,1,63,64
2022-08-19,Puebla,2,37,39
2022-08-19,San Luis Potosí,3,14,17
2022-08-19,Sonora,1,64,65
2022-08-19,Tabasco,1,8,9
2022-08-19,Tamaulipas,1,48,49
2022-08-19,Tlaxcala,2,6,8
2022-08-19,Yucatán,4,28,32
2022-08-19,Zacatecas,2,11,13
2022-08-20,Baja California,1,50,51
2022-08-20,Baja California Sur,2,21,23
2022-08-20,Campeche,1,13,14
2022-08-20,Chihuahua,2,90,92
2022-08-20,Coahuila de Zaragoza,1,36,37
2022-08-20,Colima,3,24,27
2022-08-20,Guanajuato,1,39,40
2022-08-20,Guerrero,4,26,30
2022-08-20,Hidalgo,1,8,9
2022-08-20,Jalisco,2,42,44
2022-08-20,Michoacán de Ocampo,1,55,56
2022-08-20,Morelos,1,23,24
2022-08-20,México,1,42,43
2022-08-20,Oaxaca,3,14,17
2022-08-20,Puebla,1,35,36
2022-08-20,Querétaro,1,35,36
2022-08-20,Quintana Roo,1,20,21
2022-08-20,Sinaloa,2,13,15
2022-08-20,Sonora,2,62,64
2022-08-20,Tamaulipas,4,48,52
2022-08-20,Veracruz de Ignacio de la Llave,1,32,33
2022-08-20,Yucatán,2,33,35
2022-08-20,Zacatecas,1,8,9
2022-08-21,Aguascalientes,1,24,25
2022-08-21,Baja California,4,49,53
2022-08-21,Campeche,2,9,11
2022-08-21,Chiapas,3,14,17
2022-08-21,Chihuahua,3,65,68
2022-08-21,Colima,2,22,24
2022-08-21,Guanajuato,4,55,59
2022-08-21,Jalisco,3,49,52
2022-08-21,Michoacán de Ocampo,1,50,51
2022-08-21,Morelos,1,29,30
2022-08-21,México,3,52,55
2022-08-21,Nayarit,3,13,16
2022-08-21,Nuevo León,3,199,202
2022-08-21,Puebla,1,34,35
2022-08-21,Querétaro,2,32,34
2022-08-21,Quintana Roo,1,16,17
2022-08-21,San Luis Potosí,2,19,21
2022-08-21,Tabasco,1,6,7
2022-08-21,Tamaulipas,2,52,54
2022-08-21,Yucatán,1,31,32
2022-08-21,Zacatecas,1,8,9
2022-08-22,Aguascalientes,1,10,11
2022-08-22,Baja California,3,41,44
2022-08-22,Baja California Sur,3,13,16
2022-08-22,Campeche,3,10,13
2022-08-22,Chiapas,1,12,13
2022-08-22,Coahuila de Zaragoza,2,24,26
2022-08-22,Durango,1,29,30
2022-08-22,Guerrero,2,22,24
2022-08-22,Jalisco,3,37,40
2022-08-22,Michoacán de Ocampo,2,39,41
2022-08-22,Morelos,3,29,32
2022-08-22,México,1,46,47
2022-08-22,Oaxaca,1,13,14
2022-08-22,Puebla,2,30,32
2022-08-22,Quintana Roo,2,23,25
2022-08-22,San Luis Potosí,1,19,20
2022-08-22,Sinaloa,3,16,19
2022-08-22,Sonora,2,71,73
2022-08-22,Tamaulipas,3,40,43
2022-08-22,Tlaxcala,2,3,5
2022-08-22,Yucatán,1,24,25
2022-08-22,Zacatecas,1,8,9
2022-08-23,Aguascalientes,2,7,9
2022-08-23,Baja California Sur,2,13,15
2022-08-23,Campeche,2,15,17
2022-08-23,Chiapas,2,12,14
2022-08-23,Coahuila de Zaragoza,1,17,18
2022-08-23,Colima,1,12,13
2022-08-23,Durango,3,22,25
2022-08-23,Guanajuato,3,21,24
2022-08-23,Guerrero,1,21,22
2022-08-23,México,1,46,47
2022-08-23,Nayarit,3,3,6
2022-08-23,Nuevo León,1,195,196
2022-08-23,Oaxaca,1,13,14
2022-08-23,Puebla,2,32,34
2022-08-23,Querétaro,1,22,23
2022-08-23,Quintana Roo,2,20,22
2022-08-23,Sinaloa,2,12,14
2022-08-23,Sonora,3,64,67
2022-08-23,Tabasco,1,5,6
2022-08-23,Tamaulipas,3,35,38
2022-08-23,Tlaxcala,3,5,8
2022-08-23,Veracruz de Ignacio de la Llave,1,30,31
2022-08-23,Zacatecas,2,5,7
2022-08-24,Baja California,2,29,31
2022-08-24,Baja California Sur,3,8,11
2022-08-24,Campeche,1,7,8
2022-08-24,Chiapas,2,10,12
2022-08-24,Chihuahua,2,60,62
2022-08-24,Colima,2,25,27
2022-08-24,Guanajuato,2,39,41
2022-08-24,Guerrero,1,19,20
2022-08-24,Hidalgo,1,6,7
2022-08-24,Jalisco,3,42,45
2022-08-24,Michoacán de Ocampo,2,36,38
2022-08-24,Morelos,1,24,25
2022-08-24,México,2,49,51
2022-08-24,Nuevo León,4,239,243
2022-08-24,Oaxaca,1,12,13
2022-08-24,Puebla,4,38,42
2022-08-24,Querétaro,3,28,31
2022-08-24,Quintana Roo,1,15,16
2022-08-24,San Luis Potosí,1,24,25
2022-08-24,Sinaloa,2,20,22
2022-08-24,Sonora,4,50,54
2022-08-24,Tabasco,1,8,9
2022-08-24,Tamaulipas,1,34,35
2022-08-24,Tlaxcala,4,5,9
2022-08-24,Veracruz de Ignacio de la Llave,1,22,23
2022-08-24,Zacatecas,4,8,12
2022-08-25,Aguascalientes,1,3,4
2022-08-25,Baja California,2,51,53
2022-08-25,Baja California Sur,1,10,11
2022-08-25,Chiapas,1,12,13
2022-08-25,Chihuahua,1,65,66
2022-08-25,Coahuila de Zaragoza,1,23,24
2022-08-25,Colima,3,12,15
2022-08-25,Guanajuato,3,39,42
2022-08-25,Guerrero,2,12,14
2022-08-25,Hidalgo,1,8,9
2022-08-25,Jalisco,2,25,27
2022-08-25,Michoacán de Ocampo,1,37,38
2022-08-25,Morelos,2,24,26
2022-08-25,Nayarit,1,3,4
2022-08-25,Nuevo León,4,196,200
2022-08-25,Oaxaca,2,17,19
2022-08-25,Puebla,1,23,24
2022-08-25,Querétaro,1,22,23
2022-08-25,Quintana Roo,2,22,24
2022-08-25,Sinaloa,2,16,18
2022-08-25,Sonora,1,69,70
2022-08-25,Tabasco,1,1,2
2022-08-25,Tlaxcala,1,8,9
2022-08-25,Veracruz de Ignacio de la Llave,2,33,35
2022-08-25,Yucatán,1,16,17
2022-08-25,Zacatecas,1,2,3
2022-08-26,Aguascalientes,1,11,12
2022-08-26,Baja California,2,42,44
2022-08-26,Baja California Sur,1,16,17
2022-08-26,Campeche,1,6,7
2022-08-26,Chiapas,2,18,20
2022-08-26,Chihuahua,2,80,82
2022-08-26,Coahuila de Zaragoza,5,38,43
2022-08-26,Durango,1,26,27
2022-08-26,Guanajuato,4,47,51
2022-08-26,Morelos,1,24,25
2022-08-26,México,1,50,51
2022-08-26,Nayarit,4,8,12
2022-08-26,Nuevo León,1,246,247
2022-08-26,Oaxaca,2,18,20
2022-08-26,Puebla,1,35,36
2022-08-26,Querétaro,1,23,24
2022-08-26,Quintana Roo,1,35,36
2022-08-26,Sinaloa,1,12,13
2022-08-26,Sonora,2,82,84
2022-08-26,Tamaulipas,1,41,42
2022-08-26,Tlaxcala,1,5,6
2022-08-26,Veracruz de Ignacio de la Llave,2,27,29
2022-08-26,Zacatecas,1,7,8
2022-08-27,Baja California,3,40,43
2022-08-27,Baja California Sur,2,13,15
2022-08-27,Campeche,1,10,11
2022-08-27,Chiapas,1,10,11
2022-08-27,Colima,3,26,29
2022-08-27,Durango,1,17,18
2022-08-27,Guerrero,1,25,26
2022-08-27,Hidalgo,3,9,12
2022-08-27,Morelos,4,29,33
2022-08-27,México,1,61,62
2022-08-27,Nayarit,1,6,7
2022-08-27,Nuevo León,1,189,190
2022-08-27,Quintana Roo,1,18,19
2022-08-27,San Luis Potosí,3,22,25
2022-08-27,Sinaloa,1,21,22
2022-08-27,Sonora,1,72,73
2022-08-27,Tabasco,3,11,14
2022-08-27,Veracruz de Ignacio de la Llave,3,31,34
2022-08-27,Zacatecas,2,4,6
2022-08-28,Baja California,2,45,47
2022-08-28,Campeche,1,17,18
2022-08-28,Chiapas,5,115,120
2022-08-28,Chihuahua,1,91,92
2022-08-28,Coahuila de Zaragoza,1,34,35
2022-08-28,Colima,1,20,21
2022-08-28,Durango,1,32,33
2022-08-28,Guanajuato,2,66,68
2022-08-28,Guerrero,1,64,65
2022-08-28,Hidalgo,4,75,79
2022-08-28,Michoacán de Ocampo,2,73,75
2022-08-28,México,2,49,51
2022-08-28,Nuevo León,4,165,169
2022-08-28,Oaxaca,3,524,527
2022-08-28,Puebla,2,186,188
2022-08-28,Querétaro,3,37,40
2022-08-28,San Luis Potosí,3,61,64
2022-08-28,Sinaloa,1,26,27
2022-08-28,Sonora,1,115,116
2022-08-28,Tabasco,4,4,8
2022-08-28,Tamaulipas,2,68,70
2022-08-28,Tlaxcala,2,42,44
2022-08-28,Veracruz de Ignacio de la Llave,1,142,143
2022-08-28,Yucatán,3,41,44
2022-08-29,Aguascalientes,1,11,12
2022-08-29,Baja California,3,47,50
2022-08-29,Baja California Sur,2,8,10
2022-08-29,Campeche,2,7,9
2022-08-29,Chihuahua,3,80,83
2022-08-29,Coahuila de Zaragoza,1,27,28
2022-08-29,Colima,1,12,13
2022-08-29,Durango,1,29,30
2022-08-29,Guanajuato,1,42,43
2022-08-29,Guerrero,1,19,20
2022-08-29,Jalisco,1,34,35
2022-08-29,Michoacán de Ocampo,1,47,48
2022-08-29,Morelos,2,25,27
2022-08-29,México,1,65,66
2022-08-29,Nayarit,1,3,4
2022-08-29,Oaxaca,2,15,17
2022-08-29,Puebla,1,43,44
2022-08-29,Querétaro,2,32,34
2022-08-29,San Luis Potosí,1,28,29
2022-08-29,Sinaloa,2,20,22
2022-08-29,Sonora,3,71,74
2022-08-29,Tamaulipas,3,37,40
2022-08-29,Tlaxcala,4,3,7
2022-08-29,Veracruz de Ignacio de la Llave,1,24,25
2022-08-29,Zacatecas,1,6,7
2022-08-30,Aguascalientes,1,2,3
2022-08-30,Baja California,7,35,42
2022-08-30,Baja California Sur,2,16,18
2022-08-30,Campeche,3,11,14
2022-08-30,Chiapas,1,9,10
2022-08-30,Chihuahua,2,69,71
2022-08-30,Coahuila de Zaragoza,2,19,21
2022-08-30,Durango,1,25,26
2022-08-30,Guerrero,1,15,16
2022-08-30,Hidalgo,2,6,8
2022-08-30,Jalisco,2,36,38
2022-08-30,Michoacán de Ocampo,3,47,50
2022-08-30,Morelos,4,18,22
2022-08-30,México,1,45,46
2022-08-30,Nayarit,1,3,4
2022-08-30,Nuevo León,2,207,209
2022-08-30,Puebla,1,29,30
2022-08-30,Querétaro,1,27,28
2022-08-30,San Luis Potosí,1,19,20
2022-08-30,Sonora,1,82,83
2022-08-30,Tabasco,1,3,4
2022-08-30,Tlaxcala,1,1,2
2022-08-30,Yucatán,1,16,17
2022-08-30,Zacatecas,3,5,8
2022-08-31,Baja California Sur,1,19,20
2022-08-31,Campeche,2,5,7
2022-08-31,Chiapas,1,6,7
2022-08-31,Chihuahua,4,77,81
2022-08-31,Coahuila de Zaragoza,1,20,21
2022-08-31,Colima,1,12,13
2022-08-31,Durango,2,14,16
2022-08-31,Guanajuato,1,37,38
2022-08-31,Hidalgo,1,6,7
2022-08-31,Morelos,2,17,19
2022-08-31,México,4,45,49
2022-08-31,Nayarit,3,2,5
2022-08-31,Oaxaca,1,5,6
2022-08-31,Puebla,1,31,32
2022-08-31,Querétaro,2,31,33
2022-08-31,Quintana Roo,3,23,26
2022-08-31,Sonora,4,65,69
2022-08-31,Tabasco,2,4,6
2022-08-31,Tamaulipas,1,45,46
2022-08-31,Veracruz de Ignacio de la Llave,1,30,31
2022-08-31,Yucatán,1,14,15
2022-08-31,Zacatecas,2,2,4
2022-09-01,Baja California,1,51,52
2022-09-01,Baja California Sur,2,17,19
2022-09-01,Campeche,2,17,19
2022-09-01,Chiapas,2,15,17
2022-09-01,Chihuahua,2,103,105
2022-09-01,Coahuila de Zaragoza,3,38,41
2022-09-01,Colima,1,20,21
2022-09-01,Durango,1,33,34
2022-09-01,Guanajuato,1,58,59
2022-09-01,Hidalgo,2,21,23
2022-09-01,Jalisco,1,34,35
2022-09-01,Michoacán de Ocampo,2,54,56
2022-09-01,Morelos,1,30,31
2022-09-01,México,2,85,87
2022-09-01,Nayarit,1,14,15
2022-09-01,Nuevo León,3,244,247
2022-09-01,Oaxaca,1,38,39
2022-09-01,Puebla,4,34,38
2022-09-01,Querétaro,6,26,32
2022-09-01,Quintana Roo,3,25,28
2022-09-01,San Luis Potosí,1,30,31
2022-09-01,Sinaloa,3,36,39
2022-09-01,Sonora,1,77,78
2022-09-01,Tabasco,4,6,10
2022-09-01,Tamaulipas,1,54,55
2022-09-01,Tlaxcala,3,12,15
2022-09-01,Veracruz de Ignacio de la Llave,2,27,29
2022-09-01,Yucatán,1,24,25
2022-09-01,Zacatecas,1,11,12
2022-09-02,Aguascalientes,3,15,18
2022-09-02,Chiapas,3,12,15
2022-09-02,Coahuila de Zaragoza,2,22,24
2022-09-02,Colima,3,27,30
2022-09-02,Durango,4,33,37
2022-09-02,Guanajuato,1,46,47
2022-09-02,Guerrero,1,30,31
2022-09-02,Hidalgo,2,7,9
2022-09-02,Jalisco,5,48,53
2022-09-02,Michoacán de Ocampo,1,49,50
2022-09-02,Morelos,1,27,28
2022-09-02,México,2,65,67
2022-09-02,Nayarit,1,13,14
2022-09-02,Nuevo León,1,260,261
2022-09-02,Oaxaca,3,20,23
2022-09-02,Puebla,2,32,34
2022-09-02,Querétaro,1,26,27
2022-09-02,Quintana Roo,3,25,28
2022-09-02,San Luis Potosí,1,22,23
2022-09-02,Sinaloa,1,25,26
2022-09-02,Tamaulipas,1,58,59
2022-09-02,Tlaxcala,1,7,8
2022-09-02,Veracruz de Ignacio de la Llave,1,24,25
2022-09-02,Yucatán,2,22,24
2022-09-02,Zacatecas,1,9,10
2022-09-03,Aguascalientes,2,18,20
2022-09-03,Baja California,1,54,55
2022-09-03,Baja California Sur,2,16,18
2022-09-03,Campeche,1,15,16
2022-09-03,Chiapas,2,19,21
2022-09-03,Chihuahua,1,111,112
2022-09-03,Coahuila de Zaragoza,1,27,28
2022-09-03,Colima,2,18,20
2022-09-03,Durango,1,39,40
2022-09-03,Guerrero,1,27,28
2022-09-03,Hidalgo,1,19,20
2022-09-03,Morelos,2,30,32
2022-09-03,México,2,50,52
2022-09-03,Nayarit,2,8,10
2022-09-03,Nuevo León,2,204,206
2022-09-03,Puebla,1,38,39
2022-09-03,Querétaro,1,35,36
2022-09-03,Quintana Roo,2,26,28
2022-09-03,San Luis Potosí,2,27,29
2022-09-03,Sinaloa,2,25,27
2022-09-03,Sonora,2,70,72
2022-09-03,Tabasco,4,10,14
2022-09-03,Tamaulipas,3,54,57
2022-09-03,Tlaxcala,2,5,7
2022-09-03,Veracruz de Ignacio de la Llave,3,24,27
2022-09-03,Zacatecas,5,9,14
2022-09-04,Aguascalientes,6,22,28
2022-09-04,Baja California,1,43,44
2022-09-04,Baja California Sur,1,18,19
2022-09-04,Campeche,1,9,10
2022-09-04,Chiapas,1,12,13
2022-09-04,Chihuahua,2,120,122
2022-09-04,Colima,1,21,22
2022-09-04,Durango,2,36,38
2022-09-04,Guanajuato,2,58,60
2022-09-04,Guerrero,3,20,23
2022-09-04,Hidalgo,2,10,12
2022-09-04,Jalisco,1,33,34
2022-09-04,Michoacán de Ocampo,1,52,53
2022-09-04,Nayarit,3,8,11
2022-09-04,Nuevo León,1,120,121
2022-09-04,Puebla,1,32,33
2022-09-04,Querétaro,1,26,27
2022-09-04,Quintana Roo,1,18,19
2022-09-04,San Luis Potosí,1,15,16
2022-09-04,Sonora,3,71,74
2022-09-04,Tabasco,3,4,7
2022-09-04,Tamaulipas,1,51,52
2022-09-04,Tlaxcala,3,2,5
2022-09-04,Veracruz de Ignacio de la Llave,3,28,31
2022-09-04,Yucatán,2,32,34
2022-09-04,Zacatecas,3,8,11
2022-09-05,Baja California Sur,4,16,20
2022-09-05,Campeche,1,10,11
2022-09-05,Chiapas,1,11,12
2022-09-05,Durango,2,29,31
2022-09-05,Guanajuato,2,41,43
2022-09-05,Hidalgo,1,12,13
2022-09-05,Jalisco,1,40,41
2022-09-05,Michoacán de Ocampo,3,57,60
2022-09-05,Morelos,4,31,35
2022-09-05,México,1,51,52
2022-09-05,Nuevo León,1,125,126
2022-09-05,Puebla,1,43,44
2022-09-05,Querétaro,1,22,23
2022-09-05,Quintana Roo,2,19,21
2022-09-05,San Luis Potosí,2,24,26
2022-09-05,Sonora,1,89,90
2022-09-05,Tamaulipas,1,46,47
2022-09-05,Veracruz de Ignacio de la Llave,1,35,36
2022-09-05,Yucatán,4,21,25
2022-09-05,Zacatecas,2,5,7
2022-09-06,Aguascalientes,6,7,13
2022-09-06,Baja California,3,50,53
2022-09-06,Baja California Sur,3,10,13
2022-09-06,Campeche,1,7,8
2022-09-06,Chihuahua,1,64,65
2022-09-06,Coahuila de Zaragoza,1,13,14
2022-09-06,Colima,2,12,14
2022-09-06,Durango,1,31,32
2022-09-06,Guanajuato,5,39,44
2022-09-06,Guerrero,4,16,20
2022-09-06,Hidalgo,1,5,6
2022-09-06,Michoacán de Ocampo,2,53,55
2022-09-06,Morelos,3,18,21
2022-09-06,México,2,68,70
2022-09-06,Nayarit,2,6,8
2022-09-06,Oaxaca,3,20,23
2022-09-06,Puebla,2,37,39
2022-09-06,Querétaro,2,24,26
2022-09-06,Quintana Roo,1,16,17
2022-09-06,San Luis Potosí,1,17,18
2022-09-06,Sinaloa,2,9,11
2022-09-06,Sonora,2,89,91
2022-09-06,Tabasco,3,12,15
2022-09-06,Tamaulipas,1,37,38
2022-09-06,Veracruz de Ignacio de la Llave,1,32,33
2022-09-06,Yucatán,2,15,17
2022-09-06,Zacatecas,1,3,4
2022-09-07,Aguascalientes,1,15,16
2022-09-07,Baja California,2,44,46
2022-09-07,Campeche,5,5,10
2022-09-07,Chiapas,2,10,12
2022-09-07,Chihuahua,3,51,54
2022-09-07,Colima,3,17,20
2022-09-07,Durango,2,21,23
2022-09-07,Guerrero,2,8,10
2022-09-07,Hidalgo,1,11,12
2022-09-07,Jalisco,3,35,38
2022-09-07,Michoacán de Ocampo,5,48,53
2022-09-07,Morelos,1,26,27
2022-09-07,México,3,41,44
2022-09-07,Nayarit,2,12,14
2022-09-07,Nuevo León,2,228,230
2022-09-07,Oaxaca,1,10,11
2022-09-07,Puebla,3,32,35
2022-09-07,San Luis Potosí,1,15,16
2022-09-07,Sinaloa,1,9,10
2022-09-07,Sonora,1,73,74
2022-09-07,Tabasco,5,6,11
2022-09-07,Tamaulipas,1,39,40
2022-09-07,Veracruz de Ignacio de la Llave,2,35,37
2022-09-07,Yucatán,2,25,27
2022-09-07,Zacatecas,1,2,3
2022-09-08,Baja California,2,31,33
2022-09-08,Baja California Sur,4,2,6
2022-09-08,Campeche,2,11,13
2022-09-08,Chiapas,2,10,12
2022-09-08,Coahuila de Zaragoza,1,26,27
2022-09-08,Colima,1,19,20
2022-09-08,Guanajuato,1,41,42
2022-09-08,Guerrero,1,20,21
2022-09-08,Hidalgo,1,7,8
2022-09-08,Jalisco,1,57,58
2022-09-08,Michoacán de Ocampo,3,58,61
2022-09-08,Morelos,3,18,21
2022-09-08,México,1,48,49
2022-09-08,Nayarit,2,4,6
2022-09-08,Nuevo León,2,213,215
2022-09-08,Oaxaca,1,16,17
2022-09-08,Puebla,2,43,45
2022-09-08,Querétaro,1,25,26
2022-09-08,Quintana Roo,1,14,15
2022-09-08,Sinaloa,2,12,14
2022-09-08,Sonora,4,70,74
2022-09-08,Tamaulipas,1,48,49
2022-09-08,Tlaxcala,1,4,5
2022-09-08,Veracruz de Ignacio de la Llave,1,30,31
2022-09-08,Yucatán,1,16,17
2022-09-08,Zacatecas,1,5,6
2022-09-09,Aguascalientes,2,8,10
2022-09-09,Baja California,4,42,46
2022-09-09,Baja California Sur,2,16,18
2022-09-09,Campeche,2,11,13
2022-09-09,Chiapas,2,7,9
2022-09-09,Chihuahua,1,75,76
2022-09-09,Coahuila de Zaragoza,2,23,25
2022-09-09,Colima,1,18,19
2022-09-09,Durango,1,36,37
2022-09-09,Guanajuato,3,45,48
2022-09-09,Guerrero,1,18,19
2022-09-09,Jalisco,1,49,50
2022-09-09,Michoacán de Ocampo,1,57,58
2022-09-09,Morelos,1,27,28
2022-09-09,México,1,57,58
2022-09-09,Nayarit,2,7,9
2022-09-09,Nuevo León,1,247,248
2022-09-09,Oaxaca,2,17,19
2022-09-09,Puebla,1,27,28
2022-09-09,Querétaro,1,20,21
2022-09-09,Quintana Roo,3,21,24
2022-09-09,San Luis Potosí,1,19,20
2022-09-09,Sinaloa,3,28,31
2022-09-09,Tabasco,1,9,10
2022-09-09,Tamaulipas,2,56,58
2022-09-09,Tlaxcala,4,5,9
2022-09-09,Zacatecas,3,4,7
2022-09-10,Aguascalientes,1,21,22
2022-09-10,Baja California,1,47,48
2022-09-10,Campeche,1,9,10
2022-09-10,Chiapas,1,18,19
2022-09-10,Chihuahua,1,72,73
2022-09-10,Colima,2,13,15
2022-09-10,Durango,4,39,43
2022-09-10,Guerrero,4,27,31
2022-09-10,Michoacán de Ocampo,2,57,59
2022-09-10,Morelos,3,26,29
2022-09-10,México,3,46,49
2022-09-10,Nuevo León,1,212,213
2022-09-10,Oaxaca,1,12,13
2022-09-10,Puebla,1,36,37
2022-09-10,Querétaro,1,33,34
2022-09-10,San Luis Potosí,2,20,22
2022-09-10,Sinaloa,1,22,23
2022-09-10,Sonora,3,75,78
2022-09-10,Tabasco,1,9,10
2022-09-10,Tamaulipas,2,44,46
2022-09-10,Veracruz de Ignacio de la Llave,1,32,33
2022-09-10,Yucatán,1,29,30
2022-09-11,Aguascalientes,3,23,26
2022-09-11,Baja California,1,38,39
2022-09-11,Baja California Sur,1,11,12
2022-09-11,Campeche,1,10,11
2022-09-11,Chiapas,2,8,10
2022-09-11,Chihuahua,1,95,96
2022-09-11,Coahuila de Zaragoza,4,31,35
2022-09-11,Colima,3,18,21
2022-09-11,Durango,1,32,33
2022-09-11,Guanajuato,1,46,47
2022-09-11,Hidalgo,2,7,9
2022-09-11,Jalisco,1,31,32
2022-09-11,Michoacán de Ocampo,2,48,50
2022-09-11,Morelos,1,23,24
2022-09-11,México,1,43,44
2022-09-11,Nayarit,1,8,9
2022-09-11,Oaxaca,2,15,17
2022-09-11,Puebla,3,41,44
2022-09-11,Quintana Roo,3,14,17
2022-09-11,San Luis Potosí,2,11,13
2022-09-11,Sinaloa,2,30,32
2022-09-11,Sonora,3,78,81
2022-09-11,Tamaulipas,1,49,50
2022-09-11,Tlaxcala,2,9,11
2022-09-11,Veracruz de Ignacio de la Llave,1,26,27
2022-09-11,Zacatecas,1,5,6
2022-09-12,Aguascalientes,4,11,15
2022-09-12,Baja California,1,44,45
2022-09-12,Baja California Sur,1,15,16
2022-09-12,Campeche,2,10,12
2022-09-12,Chiapas,2,12,14
2022-09-12,Coahuila de Zaragoza,3,28,31
2022-09-12,Colima,1,17,18
2022-09-12,Durango,1,28,29
2022-09-12,Guanajuato,2,46,48
2022-09-12,Hidalgo,1,10,11
2022-09-12,Michoacán de Ocampo,2,51,53
2022-09-12,Morelos,2,23,25
2022-09-12,México,7,47,54
2022-09-12,Nayarit,3,4,7
2022-09-12,Nuevo León,1,223,224
2022-09-12,Oaxaca,2,25,27
2022-09-12,Puebla,3,40,43
2022-09-12,Sinaloa,2,15,17
2022-09-12,Sonora,3,81,84
2022-09-12,Tabasco,4,4,8
2022-09-12,Tamaulipas,2,40,42
2022-09-12,Tlaxcala,1,4,5
2022-09-12,Veracruz de Ignacio de la Llave,2,36,38
2022-09-12,Yucatán,1,23,24
2022-09-12,Zacatecas,2,4,6
2022-09-13,Aguascalientes,1,8,9
2022-09-13,Campeche,2,5,7
2022-09-13,Chiapas,3,8,11
2022-09-13,Coahuila de Zaragoza,2,32,34
2022-09-13,Colima,1,27,28
2022-09-13,Durango,1,29,30
2022-09-13,Guerrero,3,19,22
2022-09-13,Hidalgo,1,9,10
2022-09-13,Jalisco,4,43,47
2022-09-13,Michoacán de Ocampo,4,35,39
2022-09-13,Morelos,2,16,18
2022-09-13,México,2,61,63
2022-09-13,Nayarit,1,5,6
2022-09-13,Oaxaca,1,11,12
2022-09-13,Puebla,3,42,45
2022-09-13,San Luis Potosí,3,17,20
2022-09-13,Sinaloa,2,16,18
2022-09-13,Sonora,3,70,73
2022-09-13,Tabasco,1,4,5
2022-09-13,Tamaulipas,3,35,38
2022-09-13,Veracruz de Ignacio de la Llave,3,32,35
2022-09-13,Yucatán,2,19,21
2022-09-13,Zacatecas,2,8,10
2022-09-14,Aguascalientes,1,14,15
2022-09-14,Chiapas,3,7,10
2022-09-14,Chihuahua,1,72,73
2022-09-14,Coahuila de Zaragoza,2,28,30
2022-09-14,Durango,2,32,34
2022-09-14,Guanajuato,1,43,44
2022-09-14,Guerrero,1,27,28
2022-09-14,Hidalgo,4,10,14
2022-09-14,Michoacán de Ocampo,1,47,48
2022-09-14,Morelos,2,27,29
2022-09-14,México,2,54,56
2022-09-14,Nuevo León,4,229,233
2022-09-14,Oaxaca,1,13,14
2022-09-14,Querétaro,1,21,22
2022-09-14,Quintana Roo,1,21,22
2022-09-14,San Luis Potosí,1,28,29
2022-09-14,Sonora,2,76,78
2022-09-14,Tabasco,1,3,4
2022-09-14,Tamaulipas,4,41,45
2022-09-14,Veracruz de Ignacio de la Llave,2,39,41
2022-09-14,Yucatán,1,24,25
2022-09-14,Zacatecas,2,8,10
2022-09-15,Aguascalientes,2,20,22
2022-09-15,Chiapas,2,16,18
2022-09-15,Chihuahua,2,67,69
2022-09-15,Coahuila de Zaragoza,3,28,31
2022-09-15,Colima,2,22,24
2022-09-15,Durango,3,36,39
2022-09-15,Guanajuato,2,51,53
2022-09-15,Guerrero,1,21,22
2022-09-15,Hidalgo,3,14,17
2022-09-15,Jalisco,4,41,45
2022-09-15,Michoacán de Ocampo,2,53,55
2022-09-15,Morelos,1,36,37
2022-09-15,México,2,52,54
2022-09-15,Nayarit,2,4,6
2022-09-15,Nuevo León,2,229,231
2022-09-15,Puebla,2,25,27
2022-09-15,Quintana Roo,5,19,24
2022-09-15,San Luis Potosí,2,16,18
2022-09-15,Tabasco,3,8,11
2022-09-15,Tamaulipas,2,48,50
2022-09-15,Tlaxcala,1,5,6
2022-09-15,Veracruz de Ignacio de la Llave,3,33,36
2022-09-15,Yucatán,1,40,41
2022-09-15,Zacatecas,2,8,10
2022-09-16,Aguascalientes,3,17,20
2022-09-16,Baja California Sur,2,23,25
2022-09-16,Campeche,2,11,13
2022-09-16,Chiapas,1,6,7
2022-09-16,Coahuila de Zaragoza,2,30,32
2022-09-16,Colima,1,22,23
2022-09-16,Durango,1,23,24
2022-09-16,Guanajuato,1,45,46
2022-09-16,Guerrero,1,32,33
2022-09-16,Hidalgo,2,9,11
2022-09-16,Jalisco,3,32,35
2022-09-16,Michoacán de Ocampo,2,40,42
2022-09-16,Morelos,1,24,25
2022-09-16,México,1,67,68
2022-09-16,Nayarit,4,9,13
2022-09-16,Nuevo León,1,127,128
2022-09-16,Puebla,1,34,35
2022-09-16,Querétaro,2,41,43
2022-09-16,Tlaxcala,3,5,8
2022-09-16,Yucatán,1,20,21
2022-09-16,Zacatecas,3,10,13
2022-09-17,Aguascalientes,1,16,17
2022-09-17,Baja California,1,32,33
2022-09-17,Baja California Sur,1,14,15
2022-09-17,Campeche,2,9,11
2022-09-17,Chiapas,1,12,13
2022-09-17,Chihuahua,2,72,74
2022-09-17,Coahuila de Zaragoza,2,32,34
2022-09-17,Durango,2,33,35
2022-09-17,Hidalgo,5,5,10
2022-09-17,Jalisco,3,34,37
2022-09-17,Michoacán de Ocampo,2,49,51
2022-09-17,Morelos,1,30,31
2022-09-17,Nayarit,2,8,10
2022-09-17,Oaxaca,1,16,17
2022-09-17,Puebla,1,41,42
2022-09-17,Querétaro,2,22,24
2022-09-17,San Luis Potosí,1,20,21
2022-09-17,Sinaloa,1,20,21
2022-09-17,Sonora,1,73,74
2022-09-17,Tabasco,1,7,8
2022-09-17,Tamaulipas,2,36,38
2022-09-17,Veracruz de Ignacio de la Llave,1,25,26
2022-09-17,Yucatán,1,24,25
2022-09-17,Zacatecas,1,5,6
2022-09-18,Baja California,1,38,39
2022-09-18,Baja California Sur,3,13,16
2022-09-18,Campeche,1,12,13
2022-09-18,Chihuahua,1,85,86
2022-09-18,Coahuila de Zaragoza,2,20,22
2022-09-18,Colima,1,16,17
2022-09-18,Durango,1,25,26
2022-09-18,Guanajuato,2,58,60
2022-09-18,Michoacán de Ocampo,2,40,42
2022-09-18,Morelos,3,33,36
2022-09-18,México,1,33,34
2022-09-18,Oaxaca,4,11,15
2022-09-18,Puebla,3,33,36
2022-09-18,Querétaro,2,25,27
2022-09-18,Quintana Roo,2,18,20
2022-09-18,Sonora,1,59,60
2022-09-18,Tamaulipas,1,45,46
2022-09-18,Tlaxcala,2,4,6
2022-09-18,Veracruz de Ignacio de la Llave,2,25,27
2022-09-18,Yucatán,2,23,25
2022-09-18,Zacatecas,1,11,12
2022-09-19,Baja California,3,28,31
2022-09-19,Baja California Sur,1,12,13
2022-09-19,Campeche,1,11,12
2022-09-19,Chiapas,2,10,12
2022-09-19,Chihuahua,1,62,63
2022-09-19,Coahuila de Zaragoza,2,27,29
2022-09-19,Colima,2,14,16
2022-09-19,Guanajuato,1,48,49
2022-09-19,Guerrero,2,22,24
2022-09-19,Hidalgo,2,10,12
2022-09-19,Jalisco,1,42,43
2022-09-19,México,4,44,48
2022-09-19,Nayarit,1,6,7
2022-09-19,Oaxaca,1,13,14
2022-09-19,Puebla,2,32,34
2022-09-19,Querétaro,1,25,26
2022-09-19,Quintana Roo,1,23,24
2022-09-19,Sonora,1,66,67
2022-09-19,Tamaulipas,2,37,39
2022-09-19,Yucatán,1,29,30
2022-09-19,Zacatecas,1,8,9
2022-09-20,Aguascalientes,1,5,6
2022-09-20,Baja California,1,34,35
2022-09-20,Campeche,1,8,9
2022-09-20,Chiapas,3,7,10
2022-09-20,Chihuahua,1,78,79
2022-09-20,Coahuila de Zaragoza,2,22,24
2022-09-20,Durango,1,35,36
2022-09-20,Guanajuato,3,39,42
2022-09-20,Guerrero,2,20,22
2022-09-20,Hidalgo,2,11,13
2022-09-20,Jalisco,2,32,34
2022-09-20,Michoacán de Ocampo,3,30,33
2022-09-20,Morelos,1,15,16
2022-09-20,Nayarit,1,6,7
2022-09-20,Oaxaca,3,15,18
2022-09-20,Querétaro,3,21,24
2022-09-20,Quintana Roo,1,25,26
2022-09-20,San Luis Potosí,1,20,21
2022-09-20,Sonora,4,53,57
2022-09-20,Tamaulipas,4,29,33
2022-09-20,Yucatán,2,22,24
2022-09-20,Zacatecas,2,8,10
2022-09-21,Aguascalientes,1,14,15
2022-09-21,Baja California,2,31,33
2022-09-21,Baja California Sur,3,15,18
2022-09-21,Campeche,2,8,10
2022-09-21,Chiapas,2,12,14
2022-09-21,Chihuahua,1,66,67
2022-09-21,Coahuila de Zaragoza,2,32,34
2022-09-21,Colima,2,10,12
2022-09-21,Guanajuato,2,42,44
2022-09-21,Hidalgo,3,8,11
2022-09-21,Jalisco,2,25,27
2022-09-21,Michoacán de Ocampo,1,36,37
2022-09-21,Morelos,2,21,23
2022-09-21,México,4,48,52
2022-09-21,Nuevo León,4,190,194
2022-09-21,Oaxaca,1,15,16
2022-09-21,Puebla,3,34,37
2022-09-21,Quintana Roo,1,17,18
2022-09-21,San Luis Potosí,2,12,14
2022-09-21,Sinaloa,1,12,13
2022-09-21,Sonora,2,69,71
2022-09-21,Tabasco,1,3,4
2022-09-21,Tamaulipas,2,33,35
2022-09-21,Tlaxcala,2,4,6
2022-09-21,Veracruz de Ignacio de la Llave,2,45,47
2022-09-22,Baja California,1,40,41
2022-09-22,Baja California Sur,2,20,22
2022-09-22,Campeche,3,5,8
2022-09-22,Chiapas,1,7,8
2022-09-22,Chihuahua,3,61,64
2022-09-22,Coahuila de Zaragoza,1,25,26
2022-09-22,Colima,3,12,15
2022-09-22,Guanajuato,1,36,37
2022-09-22,Hidalgo,1,9,10
2022-09-22,Jalisco,1,45,46
2022-09-22,Michoacán de Ocampo,2,49,51
2022-09-22,Morelos,1,23,24
2022-09-22,México,1,45,46
2022-09-22,Nayarit,2,7,9
2022-09-22,Nuevo León,2,211,213
2022-09-22,Puebla,1,25,26
2022-09-22,Querétaro,2,23,25
2022-09-22,San Luis Potosí,1,22,23
2022-09-22,Sinaloa,1,14,15
2022-09-22,Tabasco,3,7,10
2022-09-22,Tamaulipas,1,42,43
2022-09-22,Tlaxcala,3,2,5
2022-09-22,Veracruz de Ignacio de la Llave,1,34,35
2022-09-22,Zacatecas,1,2,3
2022-09-23,Aguascalientes,2,9,11
2022-09-23,Baja California,1,37,38
2022-09-23,Baja California Sur,2,18,20
2022-09-23,Campeche,3,10,13
2022-09-23,Chiapas,1,9,10
2022-09-23,Chihuahua,1,71,72
2022-09-23,Coahuila de Zaragoza,2,22,24
2022-09-23,Colima,3,15,18
2022-09-23,Durango,1,31,32
2022-09-23,Guerrero,2,28,30
2022-09-23,Hidalgo,1,4,5
2022-09-23,Jalisco,1,47,48
2022-09-23,Michoacán de Ocampo,2,46,48
2022-09-23,Morelos,3,31,34
2022-09-23,México,1,56,57
2022-09-23,Nayarit,1,3,4
2022-09-23,Nuevo León,1,204,205
2022-09-23,Oaxaca,1,17,18
2022-09-23,Puebla,3,40,43
2022-09-23,Quintana Roo,1,18,19
2022-09-23,San Luis Potosí,3,28,31
2022-09-23,Sinaloa,1,32,33
2022-09-23,Tamaulipas,2,47,49
2022-09-23,Tlaxcala,1,8,9
2022-09-23,Veracruz de Ignacio de la Llave,2,39,41
2022-09-23,Zacatecas,1,9,10
2022-09-24,Aguascalientes,1,21,22
2022-09-24,Baja California,1,57,58
2022-09-24,Baja California Sur,6,19,25
2022-09-24,Chiapas,2,15,17
2022-09-24,Chihuahua,2,63,65
2022-09-24,Colima,1,15,16
2022-09-24,Durango,2,38,40
2022-09-24,Guanajuato,1,59,60
2022-09-24,Guerrero,1,22,23
2022-09-24,Hidalgo,2,9,11
2022-09-24,Jalisco,2,39,41
2022-09-24,Michoacán de Ocampo,1,48,49
2022-09-24,Morelos,1,37,38
2022-09-24,México,1,71,72
2022-09-24,Nayarit,1,6,7
2022-09-24,Nuevo León,2,206,208
2022-09-24,Puebla,1,39,40
2022-09-24,Quintana Roo,1,20,21
2022-09-24,Sinaloa,2,12,14
2022-09-24,Sonora,3,65,68
2022-09-24,Tabasco,1,8,9
2022-09-24,Tamaulipas,1,43,44
2022-09-24,Yucatán,2,25,27
2022-09-24,Zacatecas,1,7,8
2022-09-25,Aguascalientes,1,21,22
2022-09-25,Baja California,1,41,42
2022-09-25,Baja California Sur,1,21,22
2022-09-25,Campeche,1,8,9
2022-09-25,Chiapas,2,6,8
2022-09-25,Chihuahua,3,73,76
2022-09-25,Colima,2,12,14
2022-09-25,Durango,2,31,33
2022-09-25,Guerrero,2,29,31
2022-09-25,Hidalgo,5,10,15
2022-09-25,Jalisco,3,32,35
2022-09-25,Morelos,1,29,30
2022-09-25,México,1,60,61
2022-09-25,Nayarit,1,4,5
2022-09-25,Nuevo León,3,178,181
2022-09-25,Querétaro,4,31,35
2022-09-25,Quintana Roo,2,17,19
2022-09-25,San Luis Potosí,3,19,22
2022-09-25,Sinaloa,2,24,26
2022-09-25,Sonora,1,65,66
2022-09-25,Tamaulipas,2,34,36
2022-09-25,Tlaxcala,1,3,4
2022-09-25,Veracruz de Ignacio de la Llave,2,16,18
2022-09-25,Yucatán,1,26,27
2022-09-26,Aguascalientes,3,12,15
2022-09-26,Baja California,2,27,29
2022-09-26,Baja California Sur,2,11,13
2022-09-26,Campeche,3,9,12
2022-09-26,Chiapas,2,7,9
2022-09-26,Colima,1,13,14
2022-09-26,Durango,1,31,32
2022-09-26,Guanajuato,7,54,61
2022-09-26,Jalisco,4,35,39
2022-09-26,Michoacán de Ocampo,1,57,58
2022-09-26,Morelos,1,28,29
2022-09-26,México,2,58,60
2022-09-26,Nuevo León,1,254,255
2022-09-26,Oaxaca,1,12,13
2022-09-26,Puebla,1,44,45
2022-09-26,Querétaro,1,24,25
2022-09-26,Quintana Roo,1,26,27
2022-09-26,San Luis Potosí,1,20,21
2022-09-26,Tabasco,1,7,8
2022-09-26,Tamaulipas,1,40,41
2022-09-26,Veracruz de Ignacio de la Llave,1,28,29
2022-09-26,Yucatán,2,26,28
2022-09-26,Zacatecas,1,10,11
2022-09-27,Aguascalientes,1,6,7
2022-09-27,Baja California,3,32,35
2022-09-27,Campeche,2,8,10
2022-09-27,Chiapas,2,6,8
2022-09-27,Chihuahua,6,62,68
2022-09-27,Coahuila de Zaragoza,2,25,27
2022-09-27,Colima,1,13,14
2022-09-27,Durango,1,37,38
2022-09-27,Guerrero,2,18,20
2022-09-27,Hidalgo,2,6,8
2022-09-27,Jalisco,4,34,38
2022-09-27,Michoacán de Ocampo,5,38,43
2022-09-27,Morelos,2,25,27
2022-09-27,México,5,52,57
2022-09-27,Nayarit,2,7,9
2022-09-27,Nuevo León,2,219,221
2022-09-27,Oaxaca,2,13,15
2022-09-27,Puebla,2,28,30
2022-09-27,Querétaro,2,14,16
2022-09-27,Quintana Roo,1,8,9
2022-09-27,Sinaloa,1,14,15
2022-09-27,Sonora,2,65,67
2022-09-27,Tabasco,1,6,7
2022-09-27,Tamaulipas,4,39,43
2022-09-27,Tlaxcala,1,4,5
2022-09-27,Veracruz de Ignacio de la Llave,1,28,29
2022-09-27,Yucatán,1,22,23
2022-09-27,Zacatecas,1,11,12
2022-09-28,Baja California Sur,2,11,13
2022-09-28,Campeche,1,14,15
2022-09-28,Chiapas,1,107,108
2022-09-28,Chihuahua,4,80,84
2022-09-28,Coahuila de Zaragoza,1,31,32
2022-09-28,Guanajuato,2,51,53
2022-09-28,Guerrero,3,55,58
2022-09-28,Hidalgo,1,79,80
2022-09-28,Jalisco,2,97,99
2022-09-28,Michoacán de Ocampo,1,61,62
2022-09-28,Nayarit,2,9,11
2022-09-28,Nuevo León,1,215,216
2022-09-28,Oaxaca,1,532,533
2022-09-28,Puebla,1,199,200
2022-09-28,Querétaro,1,28,29
2022-09-28,Quintana Roo,2,17,19
2022-09-28,San Luis Potosí,2,58,60
2022-09-28,Sinaloa,1,11,12
2022-09-28,Sonora,1,103,104
2022-09-28,Tabasco,1,6,7
2022-09-28,Tamaulipas,2,62,64
2022-09-28,Tlaxcala,1,32,33
2022-09-28,Veracruz de Ignacio de la Llave,1,147,148
2022-09-28,Yucatán,1,28,29
2022-09-28,Zacatecas,2,17,19
2022-09-29,Aguascalientes,1,6,7
2022-09-29,Baja California,2,27,29
2022-09-29,Baja California Sur,1,20,21
2022-09-29,Campeche,2,11,13
2022-09-29,Chihuahua,2,68,70
2022-09-29,Colima,1,12,13
2022-09-29,Durango,1,40,41
2022-09-29,Guerrero,1,20,21
2022-09-29,Hidalgo,2,8,10
2022-09-29,Jalisco,1,33,34
2022-09-29,Morelos,1,27,28
2022-09-29,Nayarit,3,10,13
2022-09-29,Puebla,1,28,29
2022-09-29,Querétaro,2,21,23
2022-09-29,Quintana Roo,4,18,22
2022-09-29,San Luis Potosí,1,14,15
2022-09-29,Sinaloa,2,12,14
2022-09-29,Sonora,1,61,62
2022-09-29,Tabasco,3,7,10
2022-09-29,Tlaxcala,2,3,5
2022-09-29,Veracruz de Ignacio de la Llave,2,31,33
2022-09-29,Yucatán,2,21,23
2022-09-29,Zacatecas,1,5,6
2022-09-30,Baja California,1,30,31
2022-09-30,Baja California Sur,2,11,13
2022-09-30,Campeche,2,8,10
2022-09-30,Chiapas,2,16,18
2022-09-30,Coahuila de Zaragoza,2,37,39
2022-09-30,Colima,1,20,21
2022-09-30,Durango,2,42,44
2022-09-30,Guerrero,1,32,33
2022-09-30,Jalisco,2,39,41
2022-09-30,Michoacán de Ocampo,1,53,54
2022-09-30,Morelos,3,16,19
2022-09-30,México,1,54,55
2022-09-30,Nayarit,4,2,6
2022-09-30,Oaxaca,1,13,14
2022-09-30,Puebla,1,24,25
2022-09-30,Querétaro,3,31,34
2022-09-30,Sinaloa,5,19,24
2022-09-30,Tamaulipas,3,53,56
2022-09-30,Veracruz de Ignacio de la Llave,1,23,24
2022-09-30,Yucatán,3,15,18
2022-09-30,Zacatecas,2,4,6
2022-10-01,Aguascalientes,1,17,18
2022-10-01,Baja California Sur,1,21,22
2022-10-01,Campeche,2,14,16
2022-10-01,Coahuila de Zaragoza,1,38,39
2022-10-01,Colima,1,20,21
2022-10-01,Durango,1,38,39
2022-10-01,Guanajuato,2,88,90
2022-10-01,Guerrero,1,29,30
2022-10-01,Hidalgo,2,20,22
2022-10-01,Jalisco,3,50,53
2022-10-01,Michoacán de Ocampo,1,76,77
2022-10-01,Morelos,2,42,44
2022-10-01,Nayarit,1,13,14
2022-10-01,Nuevo León,2,248,250
2022-10-01,Oaxaca,2,23,25
2022-10-01,Puebla,1,49,50
2022-10-01,Quintana Roo,1,22,23
2022-10-01,San Luis Potosí,1,25,26
2022-10-01,Sinaloa,1,29,30
2022-10-01,Sonora,3,87,90
2022-10-01,Tamaulipas,1,72,73
2022-10-01,Veracruz de Ignacio de la Llave,1,35,36
2022-10-01,Yucatán,2,28,30
2022-10-01,Zacatecas,4,13,17
2022-10-02,Aguascalientes,4,24,28
2022-10-02,Campeche,3,4,7
2022-10-02,Chiapas,1,9,10
2022-10-02,Chihuahua,2,77,79
2022-10-02,Coahuila de Zaragoza,1,44,45
2022-10-02,Colima,1,17,18
2022-10-02,Guanajuato,2,60,62
2022-10-02,Hidalgo,4,14,18
2022-10-02,Jalisco,1,36,37
2022-10-02,Michoacán de Ocampo,1,53,54
2022-10-02,Morelos,1,36,37
2022-10-02,Nuevo León,2,177,179
2022-10-02,Oaxaca,3,18,21
2022-10-02,Querétaro,3,31,34
2022-10-02,Quintana Roo,4,14,18
2022-10-02,San Luis Potosí,2,17,19
2022-10-02,Sonora,1,70,71
2022-10-02,Tabasco,2,5,7
2022-10-02,Tamaulipas,2,50,52
2022-10-02,Tlaxcala,4,5,9
2022-10-02,Veracruz de Ignacio de la Llave,1,18,19
2022-10-02,Yucatán,4,24,28
2022-10-02,Zacatecas,2,6,8
2022-10-03,Aguascalientes,1,12,13
2022-10-03,Baja California,3,37,40
2022-10-03,Baja California Sur,2,14,16
2022-10-03,Campeche,4,11,15
2022-10-03,Chiapas,1,13,14
2022-10-03,Chihuahua,2,69,71
2022-10-03,Colima,1,23,24
2022-10-03,Guanajuato,3,44,47
2022-10-03,Guerrero,1,21,22
2022-10-03,Hidalgo,2,12,14
2022-10-03,Jalisco,2,26,28
2022-10-03,Michoacán de Ocampo,2,49,51
2022-10-03,México,1,50,51
2022-10-03,Nayarit,2,5,7
2022-10-03,Nuevo León,3,204,207
2022-10-03,Oaxaca,1,20,21
2022-10-03,Puebla,1,46,47
2022-10-03,Querétaro,1,19,20
2022-10-03,Quintana Roo,3,16,19
2022-10-03,San Luis Potosí,3,8,11
2022-10-03,Sonora,3,88,91
2022-10-03,Tabasco,2,3,5
2022-10-03,Tlaxcala,2,3,5
2022-10-04,Aguascalientes,1,11,12
2022-10-04,Baja California,4,27,31
2022-10-04,Baja California Sur,1,12,13
2022-10-04,Campeche,4,12,16
2022-10-04,Chiapas,1,7,8
2022-10-04,Chihuahua,3,70,73
2022-10-04,Coahuila de Zaragoza,3,29,32
2022-10-04,Colima,2,16,18
2022-10-04,Guerrero,1,15,16
2022-10-04,Hidalgo,3,8,11
2022-10-04,Jalisco,4,28,32
2022-10-04,Michoacán de Ocampo,2,50,52
2022-10-04,Morelos,2,19,21
2022-10-04,México,1,53,54
2022-10-04,Nayarit,4,12,16
2022-10-04,Nuevo León,2,211,213
2022-10-04,Oaxaca,1,11,12
2022-10-04,Puebla,2,27,29
2022-10-04,Querétaro,3,24,27
2022-10-04,Sinaloa,1,23,24
2022-10-04,Sonora,2,73,75
2022-10-04,Tabasco,1,8,9
2022-10-04,Tlaxcala,2,3,5
2022-10-04,Veracruz de Ignacio de la Llave,2,36,38
2022-10-04,Yucatán,1,30,31
2022-10-04,Zacatecas,1,4,5
2022-10-05,Aguascalientes,3,9,12
2022-10-05,Baja California,1,42,43
2022-10-05,Campeche,1,8,9
2022-10-05,Chiapas,1,18,19
2022-10-05,Coahuila de Zaragoza,3,29,32
2022-10-05,Colima,1,20,21
2022-10-05,Guanajuato,3,49,52
2022-10-05,Hidalgo,4,11,15
2022-10-05,Jalisco,2,36,38
2022-10-05,Michoacán de Ocampo,1,42,43
2022-10-05,Nuevo León,3,212,215
2022-10-05,Oaxaca,1,16,17
2022-10-05,Puebla,1,44,45
2022-10-05,Querétaro,1,19,20
2022-10-05,San Luis Potosí,3,15,18
2022-10-05,Sinaloa,1,15,16
2022-10-05,Sonora,1,60,61
2022-10-05,Tabasco,2,7,9
2022-10-05,Tlaxcala,1,6,7
2022-10-05,Veracruz de Ignacio de la Llave,4,24,28
2022-10-05,Yucatán,1,22,23
2022-10-05,Zacatecas,2,4,6
2022-10-06,Aguascalientes,2,13,15
2022-10-06,Campeche,1,10,11
2022-10-06,Chiapas,2,13,15
2022-10-06,Chihuahua,1,73,74
2022-10-06,Coahuila de Zaragoza,1,21,22
2022-10-06,Durango,3,28,31
2022-10-06,Hidalgo,2,9,11
2022-10-06,Jalisco,1,32,33
2022-10-06,Michoacán de Ocampo,2,45,47
2022-10-06,Morelos,1,18,19
2022-10-06,México,1,61,62
2022-10-06,Nayarit,3,9,12
2022-10-06,Oaxaca,3,14,17
2022-10-06,Puebla,1,35,36
2022-10-06,Querétaro,1,33,34
2022-10-06,Quintana Roo,2,21,23
2022-10-06,San Luis Potosí,2,13,15
2022-10-06,Sinaloa,3,29,32
2022-10-06,Sonora,3,50,53
2022-10-06,Tabasco,1,10,11
2022-10-06,Tlaxcala,1,2,3
2022-10-06,Veracruz de Ignacio de la Llave,1,21,22
2022-10-06,Yucatán,1,21,22
2022-10-06,Zacatecas,1,8,9
2022-10-07,Aguascalientes,3,15,18
2022-10-07,Baja California,3,39,42
2022-10-07,Baja California Sur,1,14,15
2022-10-07,Campeche,2,9,11
2022-10-07,Chiapas,3,13,16
2022-10-07,Chihuahua,3,68,71
2022-10-07,Coahuila de Zaragoza,1,21,22
2022-10-07,Colima,2,22,24
2022-10-07,Durango,2,38,40
2022-10-07,Guanajuato,4,37,41
2022-10-07,Guerrero,3,21,24
2022-10-07,Hidalgo,1,7,8
2022-10-07,Morelos,2,27,29
2022-10-07,México,2,67,69
2022-10-07,Nayarit,1,10,11
2022-10-07,Nuevo León,3,210,213
2022-10-07,Oaxaca,2,15,17
2022-10-07,Puebla,1,48,49
2022-10-07,Sinaloa,2,17,19
2022-10-07,Sonora,1,62,63
2022-10-07,Tabasco,2,13,15
2022-10-07,Tamaulipas,2,34,36
2022-10-07,Tlaxcala,3,3,6
2022-10-07,Veracruz de Ignacio de la Llave,1,33,34
2022-10-07,Yucatán,1,20,21
2022-10-07,Zacatecas,2,10,12
2022-10-08,Baja California,2,53,55
2022-10-08,Chiapas,1,10,11
2022-10-08,Chihuahua,2,71,73
2022-10-08,Coahuila de Zaragoza,2,32,34
2022-10-08,Guerrero,2,18,20
2022-10-08,Hidalgo,3,19,22
2022-10-08,Jalisco,3,38,41
2022-10-08,Michoacán de Ocampo,4,51,55
2022-10-08,Nayarit,1,11,12
2022-10-08,Nuevo León,1,189,190
2022-10-08,Oaxaca,1,18,19
2022-10-08,Quintana Roo,1,23,24
2022-10-08,San Luis Potosí,1,20,21
2022-10-08,Sinaloa,2,25,27
2022-10-08,Sonora,2,71,73
2022-10-08,Tabasco,1,9,10
2022-10-08,Tamaulipas,3,34,37
2022-10-08,Tlaxcala,2,7,9
2022-10-08,Yucatán,1,36,37
2022-10-08,Zacatecas,3,4,7
2022-10-09,Aguascalientes,2,18,20
2022-10-09,Baja California Sur,1,14,15
2022-10-09,Campeche,2,10,12
2022-10-09,Chiapas,2,16,18
2022-10-09,Colima,2,19,21
2022-10-09,Durango,1,33,34
2022-10-09,Guanajuato,3,49,52
2022-10-09,Hidalgo,4,15,19
2022-10-09,Michoacán de Ocampo,1,48,49
2022-10-09,Morelos,1,27,28
2022-10-09,México,2,58,60
2022-10-09,Nayarit,1,9,10
2022-10-09,Nuevo León,2,142,144
2022-10-09,Oaxaca,1,11,12
2022-10-09,Puebla,1,49,50
2022-10-09,Querétaro,1,26,27
2022-10-09,San Luis Potosí,1,18,19
2022-10-09,Sinaloa,1,21,22
2022-10-09,Tabasco,2,7,9
2022-10-09,Tamaulipas,1,46,47
2022-10-09,Tlaxcala,1,3,4
2022-10-09,Veracruz de Ignacio de la Llave,1,28,29
2022-10-09,Yucatán,2,31,33
2022-10-10,Aguascalientes,2,11,13
2022-10-10,Baja California,1,29,30
2022-10-10,Baja California Sur,3,19,22
2022-10-10,Campeche,1,9,10
2022-10-10,Chiapas,1,14,15
2022-10-10,Chihuahua,3,90,93
2022-10-10,Colima,1,19,20
2022-10-10,Durango,2,43,45
2022-10-10,Guanajuato,3,56,59
2022-10-10,Guerrero,2,25,27
2022-10-10,Hidalgo,1,9,10
2022-10-10,Jalisco,2,46,48
2022-10-10,Michoacán de Ocampo,2,49,51
2022-10-10,México,3,48,51
2022-10-10,Nuevo León,1,199,200
2022-10-10,Puebla,1,25,26
2022-10-10,Querétaro,2,24,26
2022-10-10,San Luis Potosí,2,14,16
2022-10-10,Sinaloa,2,23,25
2022-10-10,Sonora,4,71,75
2022-10-10,Tabasco,2,7,9
2022-10-10,Tlaxcala,1,4,5
2022-10-10,Veracruz de Ignacio de la Llave,3,28,31
2022-10-10,Yucatán,2,20,22
2022-10-10,Zacatecas,1,9,10
2022-10-11,Aguascalientes,1,12,13
2022-10-11,Baja California,1,32,33
2022-10-11,Campeche,2,11,13
2022-10-11,Chiapas,2,8,10
2022-10-11,Chihuahua,4,83,87
2022-10-11,Coahuila de Zaragoza,1,30,31
2022-10-11,Colima,2,14,16
2022-10-11,Guanajuato,1,55,56
2022-10-11,Guerrero,2,16,18
2022-10-11,Hidalgo,1,15,16
2022-10-11,Michoacán de Ocampo,1,41,42
2022-10-11,Nayarit,2,3,5
2022-10-11,Nuevo León,2,183,185
2022-10-11,Oaxaca,2,18,20
2022-10-11,Puebla,1,31,32
2022-10-11,Querétaro,2,23,25
2022-10-11,Quintana Roo,2,8,10
2022-10-11,Tabasco,1,1,2
2022-10-11,Tamaulipas,1,44,45
2022-10-11,Tlaxcala,6,6,12
2022-10-11,Veracruz de Ignacio de la Llave,1,28,29
2022-10-11,Yucatán,3,20,23
2022-10-11,Zacatecas,3,4,7
2022-10-12,Baja California,1,40,41
2022-10-12,Chiapas,1,8,9
2022-10-12,Coahuila de Zaragoza,3,30,33
2022-10-12,Colima,1,12,13
2022-10-12,Guerrero,2,12,14
2022-10-12,Hidalgo,2,11,13
2022-10-12,Michoacán de Ocampo,2,34,36
2022-10-12,Morelos,3,21,24
2022-10-12,México,2,57,59
2022-10-12,Nayarit,1,10,11
2022-10-12,Nuevo León,1,229,230
2022-10-12,Oaxaca,4,21,25
2022-10-12,Querétaro,1,24,25
2022-10-12,Quintana Roo,2,15,17
2022-10-12,San Luis Potosí,2,25,27
2022-10-12,Sinaloa,1,12,13
2022-10-12,Tabasco,1,5,6
2022-10-12,Tamaulipas,1,48,49
2022-10-12,Yucatán,1,18,19
2022-10-12,Zacatecas,2,5,7
2022-10-13,Aguascalientes,1,13,14
2022-10-13,Baja California,3,41,44
2022-10-13,Campeche,5,13,18
2022-10-13,Chihuahua,1,79,80
2022-10-13,Coahuila de Zaragoza,1,31,32
2022-10-13,Colima,3,18,21
2022-10-13,Durango,1,32,33
2022-10-13,Guanajuato,2,36,38
2022-10-13,Guerrero,2,22,24
2022-10-13,Jalisco,1,35,36
2022-10-13,Michoacán de Ocampo,1,36,37
2022-10-13,Morelos,2,21,23
2022-10-13,México,1,44,45
2022-10-13,Nuevo León,1,220,221
2022-10-13,Oaxaca,1,15,16
2022-10-13,Puebla,1,38,39
2022-10-13,Querétaro,2,27,29
2022-10-13,Quintana Roo,2,21,23
2022-10-13,San Luis Potosí,1,13,14
2022-10-13,Sinaloa,1,22,23
2022-10-13,Sonora,1,71,72
2022-10-13,Tabasco,3,7,10
2022-10-13,Tamaulipas,1,46,47
2022-10-13,Veracruz de Ignacio de la Llave,1,25,26
2022-10-13,Yucatán,2,27,29
2022-10-13,Zacatecas,3,5,8
2022-10-14,Aguascalientes,1,9,10
2022-10-14,Baja California,2,40,42
2022-10-14,Baja California Sur,3,21,24
2022-10-14,Chiapas,2,10,12
2022-10-14,Coahuila de Zaragoza,1,29,30
2022-10-14,Durango,3,41,44
2022-10-14,Guanajuato,6,40,46
2022-10-14,Guerrero,1,27,28
2022-10-14,Jalisco,1,37,38
2022-10-14,Michoacán de Ocampo,1,51,52
2022-10-14,México,1,60,61
2022-10-14,Nayarit,1,5,6
2022-10-14,Nuevo León,1,261,262
2022-10-14,Oaxaca,1,18,19
2022-10-14,Querétaro,3,33,36
2022-10-14,Quintana Roo,2,15,17
2022-10-14,Sinaloa,2,11,13
2022-10-14,Sonora,2,78,80
2022-10-14,Tabasco,1,7,8
2022-10-14,Tamaulipas,1,51,52
2022-10-14,Tlaxcala,1,6,7
2022-10-14,Yucatán,4,30,34
2022-10-14,Zacatecas,2,5,7
2022-10-15,Aguascalientes,1,24,25
2022-10-15,Baja California,3,40,43
2022-10-15,Baja California Sur,2,21,23
2022-10-15,Campeche,1,11,12
2022-10-15,Chihuahua,1,76,77
2022-10-15,Coahuila de Zaragoza,3,31,34
2022-10-15,Colima,2,25,27
2022-10-15,Durango,1,28,29
2022-10-15,Guerrero,1,28,29
2022-10-15,Jalisco,4,35,39
2022-10-15,Michoacán de Ocampo,1,56,57
2022-10-15,Morelos,1,34,35
2022-10-15,Nayarit,3,13,16
2022-10-15,Oaxaca,2,17,19
2022-10-15,Puebla,2,46,48
2022-10-15,Querétaro,1,33,34
2022-10-15,Quintana Roo,2,17,19
2022-10-15,San Luis Potosí,1,34,35
2022-10-15,Sinaloa,2,13,15
2022-10-15,Sonora,1,71,72
2022-10-15,Tabasco,3,14,17
2022-10-15,Tlaxcala,1,2,3
2022-10-15,Veracruz de Ignacio de la Llave,3,41,44
2022-10-15,Yucatán,1,22,23
2022-10-15,Zacatecas,2,5,7
2022-10-16,Aguascalientes,4,20,24
2022-10-16,Baja California,2,31,33
2022-10-16,Baja California Sur,1,15,16
2022-10-16,Campeche,2,15,17
2022-10-16,Chiapas,3,17,20
2022-10-16,Coahuila de Zaragoza,2,29,31
2022-10-16,Colima,4,27,31
2022-10-16,Guanajuato,2,74,76
2022-10-16,Guerrero,2,20,22
2022-10-16,Hidalgo,3,11,14
2022-10-16,Jalisco,1,42,43
2022-10-16,Michoacán de Ocampo,4,55,59
2022-10-16,Morelos,3,38,41
2022-10-16,México,2,48,50
2022-10-16,Nayarit,2,9,11
2022-10-16,Nuevo León,3,145,148
2022-10-16,Puebla,2,40,42
2022-10-16,Querétaro,2,28,30
2022-10-16,Quintana Roo,1,20,21
2022-10-16,Sinaloa,2,18,20
2022-10-16,Sonora,1,62,63
2022-10-16,Tabasco,1,3,4
2022-10-16,Veracruz de Ignacio de la Llave,2,21,23
2022-10-16,Yucatán,1,33,34
2022-10-16,Zacatecas,1,7,8
2022-10-17,Aguascalientes,1,11,12
2022-10-17,Baja California Sur,2,13,15
2022-10-17,Campeche,1,7,8
2022-10-17,Chiapas,1,13,14
2022-10-17,Coahuila de Zaragoza,5,30,35
2022-10-17,Colima,1,17,18
2022-10-17,Durango,1,35,36
2022-10-17,Guanajuato,3,59,62
2022-10-17,Guerrero,2,31,33
2022-10-17,Hidalgo,1,8,9
2022-10-17,Jalisco,1,38,39
2022-10-17,Michoacán de Ocampo,2,43,45
2022-10-17,Morelos,1,26,27
2022-10-17,México,3,68,71
2022-10-17,Oaxaca,1,11,12
2022-10-17,Puebla,2,37,39
2022-10-17,Querétaro,2,25,27
2022-10-17,Sinaloa,1,16,17
2022-10-17,Sonora,4,86,90
2022-10-17,Tamaulipas,1,46,47
2022-10-17,Veracruz de Ignacio de la Llave,2,34,36
2022-10-17,Yucatán,2,30,32
2022-10-17,Zacatecas,3,9,12
2022-10-18,Aguascalientes,2,9,11
2022-10-18,Baja California,2,39,41
2022-10-18,Baja California Sur,1,13,14
2022-10-18,Chiapas,1,16,17
2022-10-18,Chihuahua,1,49,50
2022-10-18,Coahuila de Zaragoza,2,20,22
2022-10-18,Durango,2,23,25
2022-10-18,Hidalgo,2,8,10
2022-10-18,Jalisco,3,36,39
2022-10-18,Michoacán de Ocampo,2,33,35
2022-10-18,Morelos,2,18,20
2022-10-18,México,1,75,76
2022-10-18,Nuevo León,1,243,244
2022-10-18,Puebla,2,31,33
2022-10-18,Querétaro,4,25,29
2022-10-18,Quintana Roo,3,20,23
2022-10-18,San Luis Potosí,4,20,24
2022-10-18,Sinaloa,1,15,16
2022-10-18,Sonora,3,76,79
2022-10-18,Tamaulipas,4,31,35
2022-10-18,Yucatán,1,14,15
2022-10-19,Aguascalientes,2,13,15
2022-10-19,Campeche,1,9,10
2022-10-19,Chihuahua,1,54,55
2022-10-19,Coahuila de Zaragoza,1,26,27
2022-10-19,Durango,4,22,26
2022-10-19,Guerrero,1,10,11
2022-10-19,Hidalgo,1,11,12
2022-10-19,Michoacán de Ocampo,3,34,37
2022-10-19,Morelos,1,21,22
2022-10-19,México,2,47,49
2022-10-19,Nayarit,5,6,11
2022-10-19,Oaxaca,1,10,11
2022-10-19,Puebla,1,38,39
2022-10-19,Quintana Roo,2,14,16
2022-10-19,San Luis Potosí,2,23,25
2022-10-19,Sinaloa,2,14,16
2022-10-19,Tlaxcala,1,3,4
2022-10-19,Veracruz de Ignacio de la Llave,2,31,33
2022-10-19,Yucatán,2,18,20
2022-10-19,Zacatecas,1,7,8
2022-10-20,Baja California,4,36,40
2022-10-20,Baja California Sur,1,13,14
2022-10-20,Chihuahua,1,62,63
2022-10-20,Coahuila de Zaragoza,2,28,30
2022-10-20,Colima,5,12,17
2022-10-20,Guanajuato,1,43,44
2022-10-20,Guerrero,1,20,21
2022-10-20,Hidalgo,1,8,9
2022-10-20,Jalisco,1,50,51
2022-10-20,Michoacán de Ocampo,1,37,38
2022-10-20,Morelos,1,22,23
2022-10-20,México,2,50,52
2022-10-20,Nuevo León,2,238,240
2022-10-20,Oaxaca,4,19,23
2022-10-20,Puebla,3,33,36
2022-10-20,Querétaro,1,21,22
2022-10-20,Quintana Roo,2,16,18
2022-10-20,Sinaloa,2,17,19
2022-10-20,Tabasco,2,5,7
2022-10-20,Tlaxcala,1,9,10
2022-10-20,Veracruz de Ignacio de la Llave,1,26,27
2022-10-20,Zacatecas,1,4,5
2022-10-21,Aguascalientes,1,10,11
2022-10-21,Baja California,2,41,43
2022-10-21,Baja California Sur,4,13,17
2022-10-21,Campeche,1,10,11
2022-10-21,Chiapas,3,7,10
2022-10-21,Chihuahua,4,64,68
2022-10-21,Coahuila de Zaragoza,1,31,32
2022-10-21,Colima,2,19,21
2022-10-21,Durango,1,34,35
2022-10-21,Hidalgo,2,13,15
2022-10-21,Jalisco,1,42,43
2022-10-21,Morelos,2,32,34
2022-10-21,México,3,50,53
2022-10-21,Nayarit,1,8,9
2022-10-21,Nuevo León,2,273,275
2022-10-21,Oaxaca,2,14,16
2022-10-21,Querétaro,1,30,31
2022-10-21,Quintana Roo,4,12,16
2022-10-21,San Luis Potosí,2,25,27
2022-10-21,Sinaloa,2,19,21
2022-10-21,Sonora,1,76,77
2022-10-21,Tamaulipas,2,39,41
2022-10-21,Veracruz de Ignacio de la Llave,3,34,37
2022-10-21,Yucatán,1,25,26
2022-10-21,Zacatecas,2,10,12
2022-10-22,Aguascalientes,4,25,29
2022-10-22,Baja California Sur,1,19,20
2022-10-22,Campeche,3,10,13
2022-10-22,Chiapas,3,9,12
2022-10-22,Chihuahua,1,72,73
2022-10-22,Coahuila de Zaragoza,2,34,36
2022-10-22,Colima,1,21,22
2022-10-22,Durango,3,35,38
2022-10-22,Guanajuato,1,70,71
2022-10-22,Guerrero,1,22,23
2022-10-22,Hidalgo,1,13,14
2022-10-22,Jalisco,2,42,44
2022-10-22,Morelos,3,22,25
2022-10-22,México,1,74,75
2022-10-22,Nayarit,1,8,9
2022-10-22,Nuevo León,1,187,188
2022-10-22,Oaxaca,2,14,16
2022-10-22,Puebla,2,43,45
2022-10-22,Querétaro,1,30,31
2022-10-22,Sinaloa,4,15,19
2022-10-22,Sonora,2,59,61
2022-10-22,Tamaulipas,2,37,39
2022-10-22,Tlaxcala,3,2,5
2022-10-22,Veracruz de Ignacio de la Llave,2,30,32
2022-10-22,Yucatán,2,29,31
2022-10-22,Zacatecas,3,12,15
2022-10-23,Aguascalientes,1,24,25
2022-10-23,Baja California Sur,3,15,18
2022-10-23,Campeche,4,7,11
2022-10-23,Chiapas,1,5,6
2022-10-23,Chihuahua,2,65,67
2022-10-23,Coahuila de Zaragoza,1,31,32
2022-10-23,Colima,3,22,25
2022-10-23,Guanajuato,1,53,54
2022-10-23,Guerrero,2,20,22
2022-10-23,Hidalgo,2,13,15
2022-10-23,Jalisco,1,42,43
2022-10-23,Michoacán de Ocampo,4,61,65
2022-10-23,Nayarit,2,4,6
2022-10-23,Nuevo León,2,145,147
2022-10-23,Oaxaca,4,9,13
2022-10-23,Puebla,1,42,43
2022-10-23,Querétaro,1,24,25
2022-10-23,Quintana Roo,2,22,24
2022-10-23,San Luis Potosí,2,24,26
2022-10-23,Sinaloa,3,22,25
2022-10-23,Sonora,2,68,70
2022-10-23,Tamaulipas,1,55,56
2022-10-23,Tlaxcala,2,2,4
2022-10-23,Veracruz de Ignacio de la Llave,1,25,26
2022-10-23,Yucatán,1,24,25
2022-10-23,Zacatecas,2,7,9
2022-10-24,Baja California Sur,3,18,21
2022-10-24,Campeche,1,5,6
2022-10-24,Chiapas,2,6,8
2022-10-24,Chihuahua,2,83,85
2022-10-24,Coahuila de Zaragoza,1,36,37
2022-10-24,Colima,3,13,16
2022-10-24,Durango,1,38,39
2022-10-24,Guanajuato,1,45,46
2022-10-24,Guerrero,2,16,18
2022-10-24,Jalisco,2,28,30
2022-10-24,Michoacán de Ocampo,4,47,51
2022-10-24,Morelos,4,22,26
2022-10-24,México,1,47,48
2022-10-24,Nuevo León,1,220,221
2022-10-24,Oaxaca,1,9,10
2022-10-24,Puebla,4,38,42
2022-10-24,Querétaro,3,16,19
2022-10-24,San Luis Potosí,1,32,33
2022-10-24,Sinaloa,1,17,18
2022-10-24,Sonora,2,71,73
2022-10-24,Tabasco,2,5,7
2022-10-24,Zacatecas,2,6,8
2022-10-25,Aguascalientes,3,11,14
2022-10-25,Baja California,2,22,24
2022-10-25,Baja California Sur,1,12,13
2022-10-25,Campeche,4,10,14
2022-10-25,Chiapas,1,7,8
2022-10-25,Chihuahua,2,74,76
2022-10-25,Coahuila de Zaragoza,4,28,32
2022-10-25,Colima,2,17,19
2022-10-25,Guanajuato,1,50,51
2022-10-25,Guerrero,2,17,19
2022-10-25,Hidalgo,1,9,10
2022-10-25,Jalisco,2,38,40
2022-10-25,Morelos,1,22,23
2022-10-25,Nayarit,3,3,6
2022-10-25,Nuevo León,2,242,244
2022-10-25,Puebla,1,48,49
2022-10-25,Querétaro,2,17,19
2022-10-25,San Luis Potosí,1,23,24
2022-10-25,Sonora,1,63,64
2022-10-25,Tabasco,3,4,7
2022-10-25,Tamaulipas,1,38,39
2022-10-25,Tlaxcala,1,3,4
2022-10-25,Veracruz de Ignacio de la Llave,1,24,25
2022-10-25,Yucatán,1,26,27
2022-10-25,Zacatecas,2,4,6
2022-10-26,Aguascalientes,2,9,11
2022-10-26,Baja California,2,26,28
2022-10-26,Baja California Sur,1,10,11
2022-10-26,Chiapas,3,6,9
2022-10-26,Chihuahua,1,76,77
2022-10-26,Coahuila de Zaragoza,4,23,27
2022-10-26,Colima,2,25,27
2022-10-26,Durango,2,31,33
2022-10-26,Guanajuato,1,53,54
2022-10-26,Guerrero,1,22,23
2022-10-26,Hidalgo,2,8,10
2022-10-26,Morelos,1,43,44
2022-10-26,México,1,56,57
2022-10-26,Nuevo León,1,213,214
2022-10-26,Oaxaca,1,17,18
2022-10-26,Querétaro,1,25,26
2022-10-26,Quintana Roo,3,16,19
2022-10-26,San Luis Potosí,1,21,22
2022-10-26,Sinaloa,1,13,14
2022-10-26,Sonora,1,71,72
2022-10-26,Tamaulipas,3,40,43
2022-10-26,Tlaxcala,1,3,4
2022-10-26,Veracruz de Ignacio de la Llave,1,35,36
2022-10-26,Yucatán,1,22,23
2022-10-26,Zacatecas,1,7,8
2022-10-27,Aguascalientes,3,12,15
2022-10-27,Baja California,3,28,31
2022-10-27,Baja California Sur,1,16,17
2022-10-27,Campeche,2,14,16
2022-10-27,Chihuahua,1,86,87
2022-10-27,Coahuila de Zaragoza,2,30,32
2022-10-27,Colima,5,16,21
2022-10-27,Durango,2,38,40
2022-10-27,Guanajuato,2,51,53
2022-10-27,Guerrero,1,23,24
2022-10-27,Hidalgo,1,6,7
2022-10-27,Jalisco,2,45,47
2022-10-27,Michoacán de Ocampo,1,37,38
2022-10-27,México,2,41,43
2022-10-27,Nuevo León,1,238,239
2022-10-27,Oaxaca,1,14,15
2022-10-27,Quintana Roo,2,20,22
2022-10-27,San Luis Potosí,2,21,23
2022-10-27,Sinaloa,1,15,16
2022-10-27,Sonora,1,60,61
2022-10-27,Tabasco,3,6,9
2022-10-27,Tlaxcala,3,4,7
2022-10-27,Veracruz de Ignacio de la Llave,3,41,44
2022-10-27,Yucatán,1,25,26
2022-10-28,Aguascalientes,1,7,8
2022-10-28,Baja California,1,37,38
2022-10-28,Baja California Sur,1,9,10
2022-10-28,Chihuahua,3,92,95
2022-10-28,Coahuila de Zaragoza,1,43,44
2022-10-28,Colima,1,18,19
2022-10-28,Durango,2,41,43
2022-10-28,Michoacán de Ocampo,1,77,78
2022-10-28,Morelos,2,25,27
2022-10-28,Nayarit,1,16,17
2022-10-28,Oaxaca,1,529,530
2022-10-28,Puebla,3,190,193
2022-10-28,Querétaro,1,30,31
2022-10-28,Quintana Roo,2,16,18
2022-10-28,San Luis Potosí,4,64,68
2022-10-28,Sinaloa,1,22,23
2022-10-28,Sonora,1,110,111
2022-10-28,Tabasco,2,7,9
2022-10-28,Tlaxcala,2,43,45
2022-10-28,Yucatán,4,40,44
2022-10-29,Aguascalientes,1,16,17
2022-10-29,Baja California,2,48,50
2022-10-29,Campeche,1,17,18
2022-10-29,Chihuahua,1,70,71
2022-10-29,Colima,2,30,32
2022-10-29,Guerrero,4,26,30
2022-10-29,Hidalgo,3,21,24
2022-10-29,Jalisco,2,35,37
2022-10-29,Morelos,1,32,33
2022-10-29,México,1,43,44
2022-10-29,Nayarit,3,4,7
2022-10-29,Nuevo León,1,236,237
2022-10-29,Oaxaca,2,15,17
2022-10-29,Puebla,2,39,41
2022-10-29,Quintana Roo,5,23,28
2022-10-29,San Luis Potosí,1,24,25
2022-10-29,Sinaloa,3,18,21
2022-10-29,Sonora,3,76,79
2022-10-29,Tabasco,1,8,9
2022-10-29,Tamaulipas,2,59,61
2022-10-29,Tlaxcala,1,4,5
2022-10-29,Veracruz de Ignacio de la Llave,1,28,29
2022-10-30,Aguascalientes,1,17,18
2022-10-30,Baja California,4,60,64
2022-10-30,Baja California Sur,1,31,32
2022-10-30,Campeche,2,8,10
2022-10-30,Chihuahua,4,73,77
2022-10-30,Colima,1,17,18
2022-10-30,Durango,1,41,42
2022-10-30,Guanajuato,2,61,63
2022-10-30,Jalisco,2,33,35
2022-10-30,Michoacán de Ocampo,2,69,71
2022-10-30,Morelos,1,30,31
2022-10-30,México,1,49,50
2022-10-30,Nayarit,1,9,10
2022-10-30,Nuevo León,2,163,165
2022-10-30,Oaxaca,3,8,11
2022-10-30,Puebla,1,37,38
2022-10-30,Querétaro,1,32,33
2022-10-30,San Luis Potosí,2,28,30
2022-10-30,Sinaloa,1,24,25
2022-10-30,Sonora,3,68,71
2022-10-30,Tabasco,1,10,11
2022-10-30,Tamaulipas,1,60,61
2022-10-30,Tlaxcala,2,2,4
2022-10-30,Veracruz de Ignacio de la Llave,1,17,18
2022-10-30,Yucatán,1,32,33
2022-10-31,Aguascalientes,1,13,14
2022-10-31,Baja California,2,42,44
2022-10-31,Baja California Sur,1,17,18
2022-10-31,Campeche,2,8,10
2022-10-31,Chiapas,1,10,11
2022-10-31,Chihuahua,2,91,93
2022-10-31,Coahuila de Zaragoza,1,32,33
2022-10-31,Colima,4,20,24
2022-10-31,Guanajuato,2,55,57
2022-10-31,Hidalgo,1,12,13
2022-10-31,Michoacán de Ocampo,1,47,48
2022-10-31,Morelos,2,31,33
2022-10-31,Nayarit,1,3,4
2022-10-31,Nuevo León,1,268,269
2022-10-31,Puebla,1,46,47
2022-10-31,Querétaro,1,33,34
2022-10-31,Quintana Roo,1,19,20
2022-10-31,Sinaloa,1,17,18
2022-10-31,Tabasco,3,4,7
2022-10-31,Tamaulipas,2,48,50
2022-10-31,Tlaxcala,1,3,4
2022-10-31,Zacatecas,1,7,8
2022-11-01,Aguascalientes,2,17,19
2022-11-01,Baja California,1,40,41
2022-11-01,Baja California Sur,1,30,31
2022-11-01,Campeche,4,16,20
2022-11-01,Chiapas,2,7,9
2022-11-01,Coahuila de Zaragoza,1,34,35
2022-11-01,Colima,3,23,26
2022-11-01,Guanajuato,4,64,68
2022-11-01,Guerrero,5,26,31
2022-11-01,Hidalgo,1,17,18
2022-11-01,Jalisco,1,33,34
2022-11-01,Michoacán de Ocampo,1,35,36
2022-11-01,México,2,68,70
2022-11-01,Oaxaca,2,23,25
2022-11-01,Puebla,1,29,30
2022-11-01,Querétaro,6,34,40
2022-11-01,Quintana Roo,1,18,19
2022-11-01,San Luis Potosí,4,19,23
2022-11-01,Sinaloa,2,33,35
2022-11-01,Sonora,1,90,91
2022-11-01,Tabasco,1,5,6
2022-11-01,Tamaulipas,4,47,51
2022-11-01,Yucatán,3,26,29
2022-11-01,Zacatecas,2,12,14
2022-11-02,Aguascalientes,1,10,11
2022-11-02,Baja California,2,35,37
2022-11-02,Baja California Sur,1,5,6
2022-11-02,Campeche,1,11,12
2022-11-02,Chiapas,1,8,9
2022-11-02,Chihuahua,1,45,46
2022-11-02,Coahuila de Zaragoza,1,29,30
2022-11-02,Colima,3,17,20
2022-11-02,Guanajuato,1,44,45
2022-11-02,Jalisco,1,30,31
2022-11-02,Michoacán de Ocampo,1,39,40
2022-11-02,México,2,39,41
2022-11-02,Nayarit,2,7,9
2022-11-02,Nuevo León,4,154,158
2022-11-02,Oaxaca,1,13,14
2022-11-02,Puebla,1,23,24
2022-11-02,Querétaro,1,29,30
2022-11-02,San Luis Potosí,1,10,11
2022-11-02,Sinaloa,1,10,11
2022-11-02,Sonora,2,39,41
2022-11-02,Tabasco,1,3,4
2022-11-02,Tamaulipas,1,30,31
2022-11-02,Tlaxcala,2,6,8
2022-11-02,Veracruz de Ignacio de la Llave,4,17,21
2022-11-02,Yucatán,2,26,28
2022-11-02,Zacatecas,2,9,11
2022-11-03,Aguascalientes,1,3,4
2022-11-03,Baja California,1,43,44
2022-11-03,Campeche,1,4,5
2022-11-03,Durango,2,33,35
2022-11-03,Guanajuato,5,48,53
2022-11-03,Guerrero,2,15,17
2022-11-03,Hidalgo,3,13,16
2022-11-03,Jalisco,2,27,29
2022-11-03,Michoacán de Ocampo,2,49,51
2022-11-03,Morelos,1,20,21
2022-11-03,México,3,56,59
2022-11-03,Nuevo León,3,227,230
2022-11-03,Oaxaca,2,20,22
2022-11-03,Puebla,1,41,42
2022-11-03,Quintana Roo,1,17,18
2022-11-03,San Luis Potosí,1,19,20
2022-11-03,Sinaloa,4,16,20
2022-11-03,Sonora,5,76,81
2022-11-03,Tabasco,5,7,12
2022-11-03,Tamaulipas,3,32,35
2022-11-03,Tlaxcala,2,6,8
2022-11-03,Veracruz de Ignacio de la Llave,1,32,33
2022-11-03,Yucatán,1,18,19
2022-11-03,Zacatecas,2,5,7
2022-11-04,Baja California,2,42,44
2022-11-04,Baja California Sur,2,15,17
2022-11-04,Campeche,2,13,15
2022-11-04,Chihuahua,1,71,72
2022-11-04,Coahuila de Zaragoza,4,37,41
2022-11-04,Colima,2,16,18
2022-11-04,Durango,2,40,42
2022-11-04,Guanajuato,1,47,48
2022-11-04,Guerrero,1,29,30
2022-11-04,Hidalgo,2,7,9
2022-11-04,Michoacán de Ocampo,2,49,51
2022-11-04,Morelos,2,23,25
2022-11-04,Nayarit,2,7,9
2022-11-04,Oaxaca,2,18,20
2022-11-04,Querétaro,1,19,20
2022-11-04,Quintana Roo,1,14,15
2022-11-04,San Luis Potosí,1,24,25
2022-11-04,Sinaloa,1,18,19
2022-11-04,Sonora,2,72,74
2022-11-04,Tamaulipas,2,41,43
2022-11-04,Tlaxcala,1,1,2
2022-11-04,Veracruz de Ignacio de la Llave,1,23,24
2022-11-04,Zacatecas,2,7,9
2022-11-05,Aguascalientes,2,18,20
2022-11-05,Baja California,2,48,50
2022-11-05,Baja California Sur,2,13,15
2022-11-05,Chiapas,3,11,14
2022-11-05,Chihuahua,1,60,61
2022-11-05,Durango,2,37,39
2022-11-05,Guanajuato,2,49,51
2022-11-05,Guerrero,4,19,23
2022-11-05,Hidalgo,1,16,17
2022-11-05,Jalisco,2,51,53
2022-11-05,Michoacán de Ocampo,1,66,67
2022-11-05,Morelos,1,35,36
2022-11-05,Nayarit,1,5,6
2022-11-05,Oaxaca,3,16,19
2022-11-05,Querétaro,1,36,37
2022-11-05,Quintana Roo,1,15,16
2022-11-05,Sinaloa,4,24,28
2022-11-05,Tabasco,2,7,9
2022-11-05,Tamaulipas,4,46,50
2022-11-05,Yucatán,1,31,32
2022-11-06,Aguascalientes,3,22,25
2022-11-06,Baja California,3,47,50
2022-11-06,Baja California Sur,2,19,21
2022-11-06,Campeche,1,6,7
2022-11-06,Chiapas,3,12,15
2022-11-06,Colima,3,16,19
2022-11-06,Durango,1,26,27
2022-11-06,Guanajuato,1,53,54
2022-11-06,Guerrero,1,33,34
2022-11-06,Hidalgo,4,11,15
2022-11-06,Jalisco,2,41,43
2022-11-06,Michoacán de Ocampo,2,46,48
2022-11-06,Morelos,3,34,37
2022-11-06,México,2,42,44
2022-11-06,Nuevo León,4,151,155
2022-11-06,Oaxaca,2,11,13
2022-11-06,Puebla,4,28,32
2022-11-06,Querétaro,4,29,33
2022-11-06,Quintana Roo,1,15,16
2022-11-06,Sinaloa,2,20,22
2022-11-06,Sonora,1,56,57
2022-11-06,Tabasco,1,5,6
2022-11-06,Tlaxcala,1,5,6
2022-11-06,Veracruz de Ignacio de la Llave,1,24,25
2022-11-06,Zacatecas,4,12,16
2022-11-07,Baja California,2,32,34
2022-11-07,Baja California Sur,3,14,17
2022-11-07,Campeche,4,12,16
2022-11-07,Chihuahua,1,77,78
2022-11-07,Coahuila de Zaragoza,4,32,36
2022-11-07,Colima,1,12,13
2022-11-07,Durango,2,31,33
2022-11-07,Guerrero,2,19,21
2022-11-07,Hidalgo,1,15,16
2022-11-07,Michoacán de Ocampo,4,49,53
2022-11-07,Morelos,2,32,34
2022-11-07,Nayarit,1,6,7
2022-11-07,Nuevo León,4,238,242
2022-11-07,Oaxaca,2,15,17
2022-11-07,Puebla,1,36,37
2022-11-07,Querétaro,2,28,30
2022-11-07,Quintana Roo,1,17,18
2022-11-07,San Luis Potosí,1,22,23
2022-11-07,Sinaloa,2,17,19
2022-11-07,Sonora,1,63,64
2022-11-07,Tabasco,1,5,6
2022-11-07,Tamaulipas,1,44,45
2022-11-07,Veracruz de Ignacio de la Llave,2,24,26
2022-11-07,Yucatán,2,20,22
2022-11-08,Aguascalientes,4,8,12
2022-11-08,Baja California,2,34,36
2022-11-08,Baja California Sur,2,13,15
2022-11-08,Campeche,1,5,6
2022-11-08,Chiapas,2,7,9
2022-11-08,Chihuahua,3,79,82
2022-11-08,Coahuila de Zaragoza,1,28,29
2022-11-08,Colima,3,7,10
2022-11-08,Durango,1,29,30
2022-11-08,Guanajuato,2,44,46
2022-11-08,Guerrero,1,22,23
2022-11-08,Hidalgo,2,9,11
2022-11-08,Jalisco,4,21,25
2022-11-08,Michoacán de Ocampo,4,48,52
2022-11-08,Morelos,2,19,21
2022-11-08,México,2,44,46
2022-11-08,Nayarit,1,6,7
2022-11-08,Nuevo León,1,223,224
2022-11-08,Oaxaca,4,10,14
2022-11-08,Puebla,3,31,34
2022-11-08,Querétaro,3,23,26
2022-11-08,Sinaloa,1,15,16
2022-11-08,Tabasco,2,9,11
2022-11-08,Tamaulipas,3,33,36
2022-11-08,Tlaxcala,2,2,4
2022-11-08,Veracruz de Ignacio de la Llave,3,23,26
2022-11-08,Yucatán,1,26,27
2022-11-08,Zacatecas,1,4,5
2022-11-09,Aguascalientes,4,7,11
2022-11-09,Baja California,3,38,41
2022-11-09,Baja California Sur,2,7,9
2022-11-09,Campeche,2,13,15
2022-11-09,Chiapas,1,9,10
2022-11-09,Chihuahua,1,67,68
2022-11-09,Coahuila de Zaragoza,1,31,32
2022-11-09,Colima,3,15,18
2022-11-09,Guanajuato,2,45,47
2022-11-09,Guerrero,5,14,19
2022-11-09,Hidalgo,3,13,16
2022-11-09,Jalisco,3,35,38
2022-11-09,Michoacán de Ocampo,1,41,42
2022-11-09,Morelos,1,24,25
2022-11-09,México,2,83,85
2022-11-09,Nayarit,1,6,7
2022-11-09,Puebla,2,43,45
2022-11-09,Quintana Roo,2,21,23
2022-11-09,Sinaloa,4,18,22
2022-11-09,Sonora,2,94,96
2022-11-09,Tamaulipas,3,33,36
2022-11-09,Veracruz de Ignacio de la Llave,1,40,41
2022-11-09,Yucatán,2,19,21
2022-11-09,Zacatecas,1,4,5
2022-11-10,Baja California,5,42,47
2022-11-10,Baja California Sur,1,15,16
2022-11-10,Campeche,1,8,9
2022-11-10,Chiapas,1,10,11
2022-11-10,Chihuahua,2,79,81
2022-11-10,Guanajuato,3,35,38
2022-11-10,Jalisco,3,43,46
2022-11-10,Michoacán de Ocampo,2,39,41
2022-11-10,Morelos,1,22,23
2022-11-10,México,2,55,57
2022-11-10,Nuevo León,5,213,218
2022-11-10,Oaxaca,1,17,18
2022-11-10,Puebla,3,28,31
2022-11-10,Querétaro,1,29,30
2022-11-10,Sonora,1,60,61
2022-11-10,Tabasco,4,4,8
2022-11-10,Tamaulipas,1,37,38
2022-11-10,Tlaxcala,2,3,5
2022-11-10,Veracruz de Ignacio de la Llave,3,37,40
2022-11-10,Yucatán,1,23,24
2022-11-11,Aguascalientes,2,17,19
2022-11-11,Baja California,1,48,49
2022-11-11,Baja California Sur,2,18,20
2022-11-11,Chihuahua,3,77,80
2022-11-11,Coahuila de Zaragoza,1,38,39
2022-11-11,Colima,3,14,17
2022-11-11,Guanajuato,1,49,50
2022-11-11,Guerrero,2,21,23
2022-11-11,Hidalgo,1,12,13
2022-11-11,Jalisco,1,59,60
2022-11-11,Michoacán de Ocampo,3,61,64
2022-11-11,Morelos,2,29,31
2022-11-11,México,2,76,78
2022-11-11,Nayarit,3,7,10
2022-11-11,Nuevo León,1,236,237
2022-11-11,Oaxaca,2,12,14
2022-11-11,Puebla,1,41,42
2022-11-11,Querétaro,1,25,26
2022-11-11,Quintana Roo,2,27,29
2022-11-11,San Luis Potosí,2,28,30
2022-11-11,Sinaloa,2,22,24
2022-11-11,Sonora,4,86,90
2022-11-11,Tabasco,2,6,8
2022-11-11,Tamaulipas,1,31,32
2022-11-11,Veracruz de Ignacio de la Llave,1,30,31
2022-11-11,Yucatán,3,27,30
2022-11-12,Aguascalientes,1,17,18
2022-11-12,Baja California,2,58,60
2022-11-12,Baja California Sur,1,21,22
2022-11-12,Campeche,1,21,22
2022-11-12,Chiapas,1,13,14
2022-11-12,Chihuahua,1,76,77
2022-11-12,Colima,4,21,25
2022-11-12,Durango,2,34,36
2022-11-12,Guanajuato,1,59,60
2022-11-12,Guerrero,2,23,25
2022-11-12,Hidalgo,3,11,14
2022-11-12,Jalisco,1,44,45
2022-11-12,Michoacán de Ocampo,3,59,62
2022-11-12,México,1,45,46
2022-11-12,Nayarit,1,6,7
2022-11-12,Oaxaca,1,18,19
2022-11-12,Puebla,2,48,50
2022-11-12,Quintana Roo,2,17,19
2022-11-12,San Luis Potosí,2,20,22
2022-11-12,Sinaloa,1,23,24
2022-11-12,Sonora,3,73,76
2022-11-12,Veracruz de Ignacio de la Llave,1,29,30
2022-11-12,Yucatán,3,24,27
2022-11-12,Zacatecas,2,9,11
2022-11-13,Aguascalientes,2,14,16
2022-11-13,Baja California Sur,4,11,15
2022-11-13,Chihuahua,2,87,89
2022-11-13,Coahuila de Zaragoza,4,37,41
2022-11-13,Colima,1,13,14
2022-11-13,Durango,1,28,29
2022-11-13,Guanajuato,2,43,45
2022-11-13,Guerrero,1,20,21
2022-11-13,Hidalgo,1,13,14
2022-11-13,Jalisco,2,45,47
2022-11-13,Michoacán de Ocampo,2,53,55
2022-11-13,Morelos,1,21,22
2022-11-13,México,1,47,48
2022-11-13,Nuevo León,2,132,134
2022-11-13,Oaxaca,2,6,8
2022-11-13,Querétaro,1,26,27
2022-11-13,Quintana Roo,1,17,18
2022-11-13,San Luis Potosí,3,15,18
2022-11-13,Sinaloa,1,32,33
2022-11-13,Sonora,1,64,65
2022-11-13,Tamaulipas,1,49,50
2022-11-13,Tlaxcala,2,5,7
2022-11-13,Veracruz de Ignacio de la Llave,2,34,36
2022-11-13,Yucatán,1,38,39
2022-11-13,Zacatecas,2,14,16
2022-11-14,Aguascalientes,2,16,18
2022-11-14,Baja California,1,38,39
2022-11-14,Baja California Sur,2,22,24
2022-11-14,Chiapas,1,10,11
2022-11-14,Coahuila de Zaragoza,1,26,27
2022-11-14,Colima,2,22,24
2022-11-14,Guanajuato,2,43,45
2022-11-14,Guerrero,5,25,30
2022-11-14,Hidalgo,1,11,12
2022-11-14,Jalisco,2,39,41
2022-11-14,Michoacán de Ocampo,2,46,48
2022-11-14,Morelos,2,18,20
2022-11-14,Nayarit,5,5,10
2022-11-14,Nuevo León,1,251,252
2022-11-14,Oaxaca,2,10,12
2022-11-14,Puebla,1,44,45
2022-11-14,Querétaro,3,26,29
2022-11-14,Quintana Roo,2,17,19
2022-11-14,Sonora,2,88,90
2022-11-14,Tabasco,1,5,6
2022-11-14,Tamaulipas,2,47,49
2022-11-14,Tlaxcala,8,4,12
2022-11-14,Veracruz de Ignacio de la Llave,2,34,36
2022-11-14,Zacatecas,4,12,16
2022-11-15,Baja California Sur,3,18,21
2022-11-15,Chiapas,3,6,9
2022-11-15,Chihuahua,1,73,74
2022-11-15,Coahuila de Zaragoza,2,29,31
2022-11-15,Colima,1,19,20
2022-11-15,Durango,1,36,37
2022-11-15,Guanajuato,2,38,40
2022-11-15,Guerrero,3,23,26
2022-11-15,Michoacán de Ocampo,2,43,45
2022-11-15,Morelos,1,27,28
2022-11-15,México,2,50,52
2022-11-15,Oaxaca,3,11,14
2022-11-15,Puebla,2,33,35
2022-11-15,Querétaro,1,26,27
2022-11-15,Quintana Roo,3,21,24
2022-11-15,Sonora,1,80,81
2022-11-15,Tamaulipas,3,44,47
2022-11-15,Tlaxcala,1,4,5
2022-11-15,Veracruz de Ignacio de la Llave,2,17,19
2022-11-15,Yucatán,2,20,22
2022-11-16,Aguascalientes,1,8,9
2022-11-16,Baja California,3,31,34
2022-11-16,Baja California Sur,2,16,18
2022-11-16,Campeche,1,8,9
2022-11-16,Chiapas,2,10,12
2022-11-16,Chihuahua,1,63,64
2022-11-16,Coahuila de Zaragoza,1,26,27
2022-11-16,Colima,2,22,24
2022-11-16,Durango,1,37,38
2022-11-16,Guanajuato,1,52,53
2022-11-16,Guerrero,3,21,24
2022-11-16,Hidalgo,2,11,13
2022-11-16,Michoacán de Ocampo,1,46,47
2022-11-16,Morelos,1,32,33
2022-11-16,México,2,46,48
2022-11-16,Nayarit,1,4,5
2022-11-16,Nuevo León,2,202,204
2022-11-16,Oaxaca,1,12,13
2022-11-16,Querétaro,1,21,22
2022-11-16,Quintana Roo,1,21,22
2022-11-16,San Luis Potosí,1,19,20
2022-11-16,Sinaloa,2,30,32
2022-11-16,Sonora,2,69,71
2022-11-16,Tlaxcala,2,3,5
2022-11-16,Veracruz de Ignacio de la Llave,1,39,40
2022-11-16,Zacatecas,2,9,11
2022-11-17,Aguascalientes,3,6,9
2022-11-17,Baja California,1,47,48
2022-11-17,Baja California Sur,2,18,20
2022-11-17,Campeche,2,6,8
2022-11-17,Chiapas,1,10,11
2022-11-17,Chihuahua,1,74,75
2022-11-17,Colima,1,15,16
2022-11-17,Durango,1,31,32
2022-11-17,Guanajuato,1,49,50
2022-11-17,Guerrero,2,26,28
2022-11-17,Hidalgo,1,18,19
2022-11-17,Jalisco,1,35,36
2022-11-17,Michoacán de Ocampo,2,44,46
2022-11-17,Morelos,2,26,28
2022-11-17,México,2,49,51
2022-11-17,Nayarit,2,3,5
2022-11-17,Puebla,1,41,42
2022-11-17,Querétaro,1,29,30
2022-11-17,Quintana Roo,4,21,25
2022-11-17,San Luis Potosí,2,15,17
2022-11-17,Sinaloa,2,19,21
2022-11-17,Sonora,2,66,68
2022-11-17,Tabasco,1,5,6
2022-11-17,Tamaulipas,1,26,27
2022-11-17,Tlaxcala,3,3,6
2022-11-17,Veracruz de Ignacio de la Llave,5,28,33
2022-11-17,Yucatán,1,22,23
2022-11-17,Zacatecas,1,6,7
2022-11-18,Aguascalientes,2,9,11
2022-11-18,Baja California,1,44,45
2022-11-18,Baja California Sur,4,22,26
2022-11-18,Campeche,3,12,15
2022-11-18,Chiapas,2,11,13
2022-11-18,Chihuahua,3,85,88
2022-11-18,Coahuila de Zaragoza,5,33,38
2022-11-18,Colima,1,17,18
2022-11-18,Durango,1,32,33
2022-11-18,Guanajuato,1,52,53
2022-11-18,Guerrero,3,28,31
2022-11-18,Jalisco,1,52,53
2022-11-18,Michoacán de Ocampo,1,54,55
2022-11-18,Morelos,3,22,25
2022-11-18,México,1,55,56
2022-11-18,Nayarit,3,4,7
2022-11-18,Nuevo León,4,308,312
2022-11-18,Oaxaca,3,18,21
2022-11-18,Puebla,1,37,38
2022-11-18,Querétaro,2,26,28
2022-11-18,Quintana Roo,2,15,17
2022-11-18,Sinaloa,2,15,17
2022-11-18,Sonora,3,70,73
2022-11-18,Tabasco,1,7,8
2022-11-18,Tamaulipas,1,49,50
2022-11-18,Tlaxcala,2,4,6
2022-11-18,Veracruz de Ignacio de la Llave,1,38,39
2022-11-18,Yucatán,1,27,28
2022-11-19,Baja California,1,34,35
2022-11-19,Campeche,3,11,14
2022-11-19,Chiapas,2,12,14
2022-11-19,Chihuahua,1,60,61
2022-11-19,Colima,2,24,26
2022-11-19,Durango,1,34,35
2022-11-19,Guerrero,1,18,19
2022-11-19,Hidalgo,2,12,14
2022-11-19,Jalisco,1,34,35
2022-11-19,Michoacán de Ocampo,2,59,61
2022-11-19,México,2,54,56
2022-11-19,Nuevo León,1,215,216
2022-11-19,Oaxaca,2,17,19
2022-11-19,Puebla,3,38,41
2022-11-19,Querétaro,2,35,37
2022-11-19,Quintana Roo,2,20,22
2022-11-19,San Luis Potosí,2,23,25
2022-11-19,Sinaloa,4,17,21
2022-11-19,Tamaulipas,1,39,40
2022-11-19,Tlaxcala,1,2,3
2022-11-19,Veracruz de Ignacio de la Llave,1,39,40
2022-11-19,Yucatán,2,34,36
2022-11-19,Zacatecas,1,5,6
2022-11-20,Aguascalientes,2,14,16
2022-11-20,Baja California,3,34,37
2022-11-20,Baja California Sur,1,13,14
2022-11-20,Campeche,2,10,12
2022-11-20,Chihuahua,1,59,60
2022-11-20,Coahuila de Zaragoza,1,37,38
2022-11-20,Colima,1,21,22
2022-11-20,Durango,4,33,37
2022-11-20,Guanajuato,3,53,56
2022-11-20,Guerrero,1,21,22
2022-11-20,Hidalgo,4,13,17
2022-11-20,Jalisco,3,38,41
2022-11-20,Michoacán de Ocampo,2,56,58
2022-11-20,Morelos,1,34,35
2022-11-20,México,1,44,45
2022-11-20,Nayarit,1,6,7
2022-11-20,Nuevo León,1,185,186
2022-11-20,Oaxaca,1,10,11
2022-11-20,Querétaro,1,32,33
2022-11-20,San Luis Potosí,1,14,15
2022-11-20,Sonora,2,56,58
2022-11-20,Tabasco,2,7,9
2022-11-20,Tamaulipas,2,39,41
2022-11-20,Veracruz de Ignacio de la Llave,2,22,24
2022-11-20,Yucatán,2,32,34
2022-11-20,Zacatecas,4,6,10
2022-11-21,Aguascalientes,3,15,18
2022-11-21,Campeche,4,7,11
2022-11-21,Chihuahua,4,44,48
2022-11-21,Coahuila de Zaragoza,3,20,23
2022-11-21,Durango,1,31,32
2022-11-21,Guanajuato,3,44,47
2022-11-21,Guerrero,1,26,27
2022-11-21,Jalisco,4,32,36
2022-11-21,Morelos,2,24,26
2022-11-21,México,3,44,47
2022-11-21,Nayarit,2,3,5
2022-11-21,Querétaro,3,18,21
2022-11-21,Quintana Roo,3,14,17
2022-11-21,San Luis Potosí,2,22,24
2022-11-21,Sinaloa,3,15,18
2022-11-21,Tabasco,2,7,9
2022-11-21,Tamaulipas,2,26,28
2022-11-21,Tlaxcala,2,1,3
2022-11-21,Veracruz de Ignacio de la Llave,1,31,32
2022-11-21,Yucatán,2,29,31
2022-11-21,Zacatecas,1,6,7
2022-11-22,Aguascalientes,2,12,14
2022-11-22,Baja California,1,42,43
2022-11-22,Baja California Sur,3,19,22
2022-11-22,Chiapas,1,18,19
2022-11-22,Coahuila de Zaragoza,2,27,29
2022-11-22,Colima,2,20,22
2022-11-22,Durango,1,40,41
2022-11-22,Guerrero,3,18,21
2022-11-22,Hidalgo,2,8,10
2022-11-22,Michoacán de Ocampo,1,56,57
2022-11-22,Morelos,2,22,24
2022-11-22,México,2,34,36
2022-11-22,Nayarit,4,6,10
2022-11-22,Nuevo León,1,234,235
2022-11-22,San Luis Potosí,2,20,22
2022-11-22,Sinaloa,2,25,27
2022-11-22,Sonora,4,75,79
2022-11-22,Tamaulipas,1,38,39
2022-11-22,Tlaxcala,2,1,3
2022-11-22,Yucatán,1,28,29
2022-11-22,Zacatecas,3,4,7
2022-11-23,Aguascalientes,3,7,10
2022-11-23,Baja California,1,53,54
2022-11-23,Campeche,1,4,5
2022-11-23,Chiapas,1,10,11
2022-11-23,Chihuahua,1,71,72
2022-11-23,Colima,2,15,17
2022-11-23,Durango,2,41,43
2022-11-23,Guanajuato,1,38,39
2022-11-23,Guerrero,3,16,19
2022-11-23,Hidalgo,3,13,16
2022-11-23,México,2,51,53
2022-11-23,Nuevo León,1,226,227
2022-11-23,Oaxaca,3,15,18
2022-11-23,Querétaro,2,26,28
2022-11-23,Quintana Roo,3,19,22
2022-11-23,San Luis Potosí,2,13,15
2022-11-23,Sinaloa,2,25,27
2022-11-23,Sonora,2,66,68
2022-11-23,Tabasco,1,5,6
2022-11-23,Tamaulipas,2,33,35
2022-11-23,Veracruz de Ignacio de la Llave,3,26,29
2022-11-23,Yucatán,1,18,19
2022-11-23,Zacatecas,1,3,4
2022-11-24,Aguascalientes,2,9,11
2022-11-24,Baja California Sur,3,11,14
2022-11-24,Chiapas,1,17,18
2022-11-24,Colima,1,12,13
2022-11-24,Durango,2,41,43
2022-11-24,Guerrero,2,17,19
2022-11-24,Hidalgo,1,5,6
2022-11-24,Jalisco,1,44,45
2022-11-24,Nuevo León,1,226,227
2022-11-24,Oaxaca,2,16,18
2022-11-24,Puebla,1,34,35
2022-11-24,Querétaro,1,28,29
2022-11-24,Quintana Roo,1,31,32
2022-11-24,San Luis Potosí,2,20,22
2022-11-24,Sinaloa,2,11,13
2022-11-24,Sonora,2,49,51
2022-11-24,Tabasco,1,6,7
2022-11-24,Tamaulipas,2,34,36
2022-11-24,Tlaxcala,2,2,4
2022-11-24,Zacatecas,2,6,8
2022-11-25,Aguascalientes,2,11,13
2022-11-25,Baja California,3,43,46
2022-11-25,Baja California Sur,3,19,22
2022-11-25,Campeche,1,9,10
2022-11-25,Chiapas,1,10,11
2022-11-25,Chihuahua,3,89,92
2022-11-25,Coahuila de Zaragoza,2,30,32
2022-11-25,Colima,2,25,27
2022-11-25,Durango,3,34,37
2022-11-25,Guanajuato,1,55,56
2022-11-25,Guerrero,1,22,23
2022-11-25,Hidalgo,2,18,20
2022-11-25,Michoacán de Ocampo,2,49,51
2022-11-25,Morelos,5,35,40
2022-11-25,México,1,52,53
2022-11-25,Nayarit,1,9,10
2022-11-25,Nuevo León,3,225,228
2022-11-25,Oaxaca,3,20,23
2022-11-25,Puebla,1,36,37
2022-11-25,Querétaro,2,33,35
2022-11-25,Quintana Roo,1,21,22
2022-11-25,San Luis Potosí,3,19,22
2022-11-25,Sinaloa,1,16,17
2022-11-25,Sonora,1,63,64
2022-11-25,Tabasco,2,7,9
2022-11-25,Tamaulipas,1,41,42
2022-11-25,Tlaxcala,2,4,6
2022-11-25,Veracruz de Ignacio de la Llave,3,31,34
2022-11-25,Yucatán,1,23,24
2022-11-26,Aguascalientes,1,16,17
2022-11-26,Baja California,4,50,54
2022-11-26,Campeche,2,12,14
2022-11-26,Coahuila de Zaragoza,1,38,39
2022-11-26,Colima,3,20,23
2022-11-26,Durango,1,34,35
2022-11-26,Guanajuato,1,65,66
2022-11-26,Guerrero,2,33,35
2022-11-26,Hidalgo,1,10,11
2022-11-26,México,1,62,63
2022-11-26,Nayarit,1,5,6
2022-11-26,Nuevo León,2,228,230
2022-11-26,Oaxaca,2,18,20
2022-11-26,Puebla,2,47,49
2022-11-26,Quintana Roo,3,24,27
2022-11-26,San Luis Potosí,3,22,25
2022-11-26,Sonora,1,75,76
2022-11-26,Tabasco,1,7,8
2022-11-26,Tlaxcala,2,5,7
2022-11-26,Yucatán,1,38,39
2022-11-26,Zacatecas,3,10,13
2022-11-27,Baja California,2,38,40
2022-11-27,Campeche,1,8,9
2022-11-27,Chiapas,1,10,11
2022-11-27,Chihuahua,2,70,72
2022-11-27,Coahuila de Zaragoza,1,33,34
2022-11-27,Colima,2,17,19
2022-11-27,Durango,6,38,44
2022-11-27,Guerrero,2,12,14
2022-11-27,Hidalgo,3,16,19
2022-11-27,Jalisco,1,42,43
2022-11-27,Michoacán de Ocampo,1,52,53
2022-11-27,Morelos,1,47,48
2022-11-27,México,3,50,53
2022-11-27,Nayarit,1,6,7
2022-11-27,Nuevo León,2,134,136
2022-11-27,Puebla,1,25,26
2022-11-27,Querétaro,2,17,19
2022-11-27,San Luis Potosí,3,14,17
2022-11-27,Sinaloa,3,28,31
2022-11-27,Sonora,1,67,68
2022-11-27,Tamaulipas,4,47,51
2022-11-27,Tlaxcala,1,2,3
2022-11-27,Veracruz de Ignacio de la Llave,1,22,23
2022-11-27,Zacatecas,1,5,6
2022-11-28,Baja California,1,35,36
2022-11-28,Baja California Sur,2,13,15
2022-11-28,Campeche,4,11,15
2022-11-28,Chihuahua,4,90,94
2022-11-28,Coahuila de Zaragoza,1,51,52
2022-11-28,Colima,1,14,15
2022-11-28,Durango,2,45,47
2022-11-28,Guerrero,2,55,57
2022-11-28,Hidalgo,1,73,74
2022-11-28,Morelos,3,34,37
2022-11-28,México,1,34,35
2022-11-28,Nayarit,2,11,13
2022-11-28,Oaxaca,2,536,538
2022-11-28,Puebla,1,175,176
2022-11-28,Querétaro,1,20,21
2022-11-28,Quintana Roo,1,26,27
2022-11-28,San Luis Potosí,2,62,64
2022-11-28,Sinaloa,1,21,22
2022-11-28,Sonora,1,102,103
2022-11-28,Tabasco,2,6,8
2022-11-28,Tamaulipas,4,58,62
2022-11-28,Veracruz de Ignacio de la Llave,1,163,164
2022-11-28,Yucatán,1,30,31
2022-11-28,Zacatecas,1,18,19
2022-11-29,Aguascalientes,1,11,12
2022-11-29,Baja California,1,45,46
2022-11-29,Campeche,1,10,11
2022-11-29,Chihuahua,1,71,72
2022-11-29,Coahuila de Zaragoza,2,29,31
2022-11-29,Colima,3,18,21
2022-11-29,Durango,1,38,39
2022-11-29,Guanajuato,1,39,40
2022-11-29,Michoacán de Ocampo,2,44,46
2022-11-29,Morelos,4,27,31
2022-11-29,México,2,41,43
2022-11-29,Nayarit,1,7,8
2022-11-29,Nuevo León,1,227,228
2022-11-29,Oaxaca,1,9,10
2022-11-29,Puebla,1,33,34
2022-11-29,Querétaro,2,19,21
2022-11-29,Quintana Roo,3,19,22
2022-11-29,Sinaloa,3,21,24
2022-11-29,Tabasco,1,5,6
2022-11-29,Tamaulipas,1,44,45
2022-11-29,Yucatán,3,19,22
2022-11-29,Zacatecas,2,5,7
2022-11-30,Aguascalientes,3,8,11
2022-11-30,Baja California,1,31,32
2022-11-30,Baja California Sur,1,19,20
2022-11-30,Campeche,3,11,14
2022-11-30,Coahuila de Zaragoza,2,24,26
2022-11-30,Colima,3,23,26
2022-11-30,Durango,2,42,44
2022-11-30,Guanajuato,1,41,42
2022-11-30,Guerrero,1,17,18
2022-11-30,Hidalgo,3,10,13
2022-11-30,Morelos,1,24,25
2022-11-30,México,1,46,47
2022-11-30,Nuevo León,1,219,220
2022-11-30,Oaxaca,1,18,19
2022-11-30,Querétaro,1,24,25
2022-11-30,Quintana Roo,1,12,13
2022-11-30,San Luis Potosí,2,18,20
2022-11-30,Sinaloa,3,15,18
2022-11-30,Sonora,1,70,71
2022-11-30,Tabasco,1,7,8
2022-11-30,Tamaulipas,2,34,36
2022-11-30,Tlaxcala,2,4,6
2022-11-30,Zacatecas,2,5,7
2022-12-01,Aguascalientes,1,17,18
2022-12-01,Baja California Sur,2,24,26
2022-12-01,Chiapas,1,16,17
2022-12-01,Chihuahua,2,90,92
2022-12-01,Guanajuato,1,44,45
2022-12-01,Guerrero,3,34,37
2022-12-01,Hidalgo,1,14,15
2022-12-01,Jalisco,2,52,54
2022-12-01,Michoacán de Ocampo,1,63,64
2022-12-01,México,1,74,75
2022-12-01,Nayarit,1,7,8
2022-12-01,Nuevo León,3,272,275
2022-12-01,Oaxaca,1,28,29
2022-12-01,Puebla,2,35,37
2022-12-01,Querétaro,2,28,30
2022-12-01,Quintana Roo,2,23,25
2022-12-01,San Luis Potosí,2,33,35
2022-12-01,Sonora,1,90,91
2022-12-01,Tamaulipas,3,55,58
2022-12-01,Tlaxcala,1,5,6
2022-12-01,Veracruz de Ignacio de la Llave,1,22,23
2022-12-02,Aguascalientes,2,12,14
2022-12-02,Baja California,1,43,44
2022-12-02,Baja California Sur,1,15,16
2022-12-02,Campeche,1,17,18
2022-12-02,Chihuahua,2,109,111
2022-12-02,Durango,3,34,37
2022-12-02,Guanajuato,2,44,46
2022-12-02,Hidalgo,2,5,7
2022-12-02,Jalisco,2,54,56
2022-12-02,Michoacán de Ocampo,1,62,63
2022-12-02,México,1,64,65
2022-12-02,Nayarit,1,6,7
2022-12-02,Nuevo León,3,235,238
2022-12-02,Oaxaca,1,13,14
2022-12-02,Querétaro,1,30,31
2022-12-02,Quintana Roo,4,17,21
2022-12-02,San Luis Potosí,2,23,25
2022-12-02,Sinaloa,2,12,14
2022-12-02,Sonora,3,89,92
2022-12-02,Tabasco,3,11,14
2022-12-02,Tamaulipas,2,46,48
2022-12-02,Veracruz de Ignacio de la Llave,1,31,32
2022-12-02,Yucatán,1,49,50
2022-12-03,Aguascalientes,2,25,27
2022-12-03,Baja California,2,44,46
2022-12-03,Baja California Sur,1,24,25
2022-12-03,Chiapas,1,13,14
2022-12-03,Chihuahua,2,94,96
2022-12-03,Coahuila de Zaragoza,1,35,36
2022-12-03,Guerrero,1,20,21
2022-12-03,Hidalgo,1,19,20
2022-12-03,Jalisco,2,47,49
2022-12-03,Michoacán de Ocampo,1,63,64
2022-12-03,Morelos,2,30,32
2022-12-03,Nuevo León,4,214,218
2022-12-03,Oaxaca,1,15,16
2022-12-03,Puebla,2,35,37
2022-12-03,Querétaro,1,33,34
2022-12-03,Quintana Roo,1,25,26
2022-12-03,Sinaloa,1,19,20
2022-12-03,Sonora,1,68,69
2022-12-03,Tabasco,2,10,12
2022-12-03,Tamaulipas,2,52,54
2022-12-03,Tlaxcala,1,11,12
2022-12-03,Veracruz de Ignacio de la Llave,1,33,34
2022-12-03,Yucatán,2,41,43
2022-12-04,Baja California,1,49,50
2022-12-04,Baja California Sur,4,18,22
2022-12-04,Campeche,1,10,11
2022-12-04,Chiapas,3,18,21
2022-12-04,Chihuahua,1,106,107
2022-12-04,Coahuila de Zaragoza,1,34,35
2022-12-04,Durango,1,41,42
2022-12-04,Hidalgo,2,7,9
2022-12-04,Jalisco,3,42,45
2022-12-04,Morelos,2,24,26
2022-12-04,Nuevo León,1,185,186
2022-12-04,Oaxaca,2,11,13
2022-12-04,Querétaro,3,34,37
2022-12-04,Quintana Roo,1,24,25
2022-12-04,San Luis Potosí,2,30,32
2022-12-04,Sinaloa,2,24,26
2022-12-04,Sonora,3,94,97
2022-12-04,Tabasco,2,14,16
2022-12-04,Tamaulipas,2,59,61
2022-12-04,Yucatán,1,27,28
2022-12-05,Aguascalientes,1,13,14
2022-12-05,Campeche,3,8,11
2022-12-05,Chiapas,2,14,16
2022-12-05,Chihuahua,2,69,71
2022-12-05,Coahuila de Zaragoza,1,26,27
2022-12-05,Durango,1,49,50
2022-12-05,Guanajuato,2,46,48
2022-12-05,Guerrero,3,18,21
2022-12-05,Hidalgo,1,13,14
2022-12-05,Michoacán de Ocampo,2,48,50
2022-12-05,Morelos,2,14,16
2022-12-05,México,1,54,55
2022-12-05,Nuevo León,5,208,213
2022-12-05,Oaxaca,4,22,26
2022-12-05,Querétaro,2,24,26
2022-12-05,Quintana Roo,1,17,18
2022-12-05,San Luis Potosí,3,24,27
2022-12-05,Sinaloa,2,16,18
2022-12-05,Sonora,1,58,59
2022-12-05,Tabasco,1,5,6
2022-12-05,Tamaulipas,4,47,51
2022-12-05,Tlaxcala,1,5,6
2022-12-05,Veracruz de Ignacio de la Llave,3,26,29
2022-12-05,Zacatecas,2,10,12
2022-12-06,Aguascalientes,3,7,10
2022-12-06,Baja California Sur,1,13,14
2022-12-06,Campeche,1,9,10
2022-12-06,Chihuahua,4,76,80
2022-12-06,Coahuila de Zaragoza,2,23,25
2022-12-06,Colima,1,22,23
2022-12-06,Durango,1,38,39
2022-12-06,Guanajuato,2,50,52
2022-12-06,Guerrero,4,24,28
2022-12-06,Hidalgo,1,12,13
2022-12-06,Jalisco,1,33,34
2022-12-06,Michoacán de Ocampo,1,25,26
2022-12-06,México,2,41,43
2022-12-06,Nayarit,3,10,13
2022-12-06,Nuevo León,4,251,255
2022-12-06,Oaxaca,2,17,19
2022-12-06,Puebla,2,43,45
2022-12-06,Querétaro,3,31,34
2022-12-06,Quintana Roo,2,17,19
2022-12-06,San Luis Potosí,1,21,22
2022-12-06,Sonora,1,69,70
2022-12-06,Tabasco,2,11,13
2022-12-06,Tamaulipas,1,28,29
2022-12-06,Tlaxcala,1,5,6
2022-12-06,Veracruz de Ignacio de la Llave,2,27,29
2022-12-06,Yucatán,1,24,25
2022-12-06,Zacatecas,2,7,9
2022-12-07,Aguascalientes,1,11,12
2022-12-07,Baja California,1,42,43
2022-12-07,Baja California Sur,2,14,16
2022-12-07,Chiapas,3,7,10
2022-12-07,Chihuahua,3,29,32
2022-12-07,Coahuila de Zaragoza,2,24,26
2022-12-07,Colima,2,25,27
2022-12-07,Durango,2,48,50
2022-12-07,Guanajuato,3,42,45
2022-12-07,Guerrero,2,18,20
2022-12-07,Hidalgo,4,9,13
2022-12-07,Jalisco,1,39,40
2022-12-07,México,4,48,52
2022-12-07,Nayarit,1,11,12
2022-12-07,Nuevo León,1,225,226
2022-12-07,Oaxaca,2,16,18
2022-12-07,Puebla,2,35,37
2022-12-07,Querétaro,1,21,22
2022-12-07,San Luis Potosí,5,26,31
2022-12-07,Sinaloa,2,16,18
2022-12-07,Sonora,3,63,66
2022-12-07,Tabasco,4,7,11
2022-12-07,Tamaulipas,1,30,31
2022-12-07,Tlaxcala,1,8,9
2022-12-08,Aguascalientes,1,11,12
2022-12-08,Baja California,1,31,32
2022-12-08,Baja California Sur,2,20,22
2022-12-08,Campeche,2,10,12
2022-12-08,Chiapas,3,11,14
2022-12-08,Chihuahua,1,72,73
2022-12-08,Coahuila de Zaragoza,1,23,24
2022-12-08,Colima,2,14,16
2022-12-08,Guanajuato,2,49,51
2022-12-08,Guerrero,1,19,20
2022-12-08,Hidalgo,2,9,11
2022-12-08,Jalisco,4,49,53
2022-12-08,Michoacán de Ocampo,2,49,51
2022-12-08,Morelos,1,26,27
2022-12-08,México,3,36,39
2022-12-08,Nayarit,2,5,7
2022-12-08,Puebla,1,45,46
2022-12-08,Querétaro,3,27,30
2022-12-08,Quintana Roo,3,18,21
2022-12-08,San Luis Potosí,2,21,23
2022-12-08,Tabasco,1,5,6
2022-12-08,Tamaulipas,3,40,43
2022-12-08,Tlaxcala,2,6,8
2022-12-08,Veracruz de Ignacio de la Llave,1,38,39
2022-12-08,Yucatán,3,25,28
2022-12-08,Zacatecas,1,5,6
2022-12-09,Aguascalientes,2,17,19
2022-12-09,Baja California Sur,1,16,17
2022-12-09,Chiapas,2,10,12
2022-12-09,Chihuahua,2,96,98
2022-12-09,Coahuila de Zaragoza,2,29,31
2022-12-09,Colima,1,11,12
2022-12-09,Durango,1,50,51
2022-12-09,Guanajuato,1,60,61
2022-12-09,Guerrero,2,30,32
2022-12-09,Hidalgo,2,14,16
2022-12-09,Morelos,1,29,30
2022-12-09,Nayarit,2,3,5
2022-12-09,Oaxaca,1,10,11
2022-12-09,Puebla,1,38,39
2022-12-09,Quintana Roo,2,21,23
2022-12-09,San Luis Potosí,2,19,21
2022-12-09,Sinaloa,2,23,25
2022-12-09,Sonora,2,79,81
2022-12-09,Tabasco,4,9,13
2022-12-09,Tamaulipas,2,56,58
2022-12-09,Veracruz de Ignacio de la Llave,1,35,36
2022-12-09,Zacatecas,3,6,9
2022-12-10,Aguascalientes,2,14,16
2022-12-10,Baja California,1,52,53
2022-12-10,Baja California Sur,2,18,20
2022-12-10,Campeche,1,13,14
2022-12-10,Chiapas,2,22,24
2022-12-10,Chihuahua,2,82,84
2022-12-10,Durango,2,43,45
2022-12-10,Guanajuato,1,53,54
2022-12-10,Guerrero,3,21,24
2022-12-10,Hidalgo,2,10,12
2022-12-10,Jalisco,2,57,59
2022-12-10,México,1,59,60
2022-12-10,Nayarit,3,9,12
2022-12-10,Oaxaca,1,16,17
2022-12-10,Puebla,2,55,57
2022-12-10,Querétaro,1,49,50
2022-12-10,Quintana Roo,3,17,20
2022-12-10,San Luis Potosí,3,33,36
2022-12-10,Sinaloa,4,22,26
2022-12-10,Sonora,4,101,105
2022-12-10,Tamaulipas,3,50,53
2022-12-10,Tlaxcala,3,4,7
2022-12-10,Veracruz de Ignacio de la Llave,2,34,36
2022-12-11,Baja California,2,43,45
2022-12-11,Baja California Sur,1,19,20
2022-12-11,Campeche,1,6,7
2022-12-11,Chiapas,1,13,14
2022-12-11,Coahuila de Zaragoza,4,26,30
2022-12-11,Colima,3,19,22
2022-12-11,Durango,2,31,33
2022-12-11,Guanajuato,1,55,56
2022-12-11,Guerrero,1,34,35
2022-12-11,Hidalgo,2,10,12
2022-12-11,Jalisco,3,44,47
2022-12-11,Michoacán de Ocampo,2,50,52
2022-12-11,Morelos,2,31,33
2022-12-11,México,3,59,62
2022-12-11,Nayarit,4,10,14
2022-12-11,Nuevo León,2,145,147
2022-12-11,Oaxaca,2,7,9
2022-12-11,Puebla,2,26,28
2022-12-11,Sinaloa,1,24,25
2022-12-11,Sonora,4,67,71
2022-12-11,Tabasco,1,7,8
2022-12-11,Tamaulipas,2,55,57
2022-12-11,Veracruz de Ignacio de la Llave,2,21,23
2022-12-11,Yucatán,1,25,26
2022-12-11,Zacatecas,1,8,9
2022-12-12,Aguascalientes,2,12,14
2022-12-12,Baja California,1,35,36
2022-12-12,Baja California Sur,1,15,16
2022-12-12,Campeche,2,6,8
2022-12-12,Chiapas,1,14,15
2022-12-12,Chihuahua,2,63,65
2022-12-12,Coahuila de Zaragoza,1,40,41
2022-12-12,Colima,1,15,16
2022-12-12,Durango,4,37,41
2022-12-12,Guanajuato,5,60,65
2022-12-12,Guerrero,2,22,24
2022-12-12,Jalisco,2,37,39
2022-12-12,Michoacán de Ocampo,2,63,65
2022-12-12,Morelos,2,28,30
2022-12-12,México,2,44,46
2022-12-12,Nuevo León,1,216,217
2022-12-12,Oaxaca,3,8,11
2022-12-12,Puebla,3,32,35
2022-12-12,Querétaro,1,29,30
2022-12-12,Quintana Roo,1,29,30
2022-12-12,Sonora,2,88,90
2022-12-12,Tabasco,3,8,11
2022-12-12,Tamaulipas,2,42,44
2022-12-12,Tlaxcala,3,8,11
2022-12-12,Veracruz de Ignacio de la Llave,1,25,26
2022-12-12,Yucatán,3,40,43
2022-12-13,Aguascalientes,1,12,13
2022-12-13,Baja California,1,37,38
2022-12-13,Baja California Sur,2,12,14
2022-12-13,Campeche,3,14,17
2022-12-13,Chiapas,1,21,22
2022-12-13,Chihuahua,3,81,84
2022-12-13,Coahuila de Zaragoza,2,24,26
2022-12-13,Colima,4,17,21
2022-12-13,Durango,1,42,43
2022-12-13,Guerrero,1,23,24
2022-12-13,Jalisco,3,46,49
2022-12-13,Michoacán de Ocampo,1,55,56
2022-12-13,Morelos,3,23,26
2022-12-13,México,1,48,49
2022-12-13,Nayarit,2,9,11
2022-12-13,Nuevo León,3,258,261
2022-12-13,Oaxaca,2,20,22
2022-12-13,Querétaro,2,31,33
2022-12-13,Quintana Roo,1,12,13
2022-12-13,Sonora,1,84,85
2022-12-13,Tabasco,3,8,11
2022-12-13,Tamaulipas,2,38,40
2022-12-13,Tlaxcala,1,4,5
2022-12-13,Veracruz de Ignacio de la Llave,4,31,35
2022-12-13,Zacatecas,2,4,6
2022-12-14,Aguascalientes,4,11,15
2022-12-14,Baja California,1,36,37
2022-12-14,Baja California Sur,2,14,16
2022-12-14,Campeche,1,16,17
2022-12-14,Chiapas,2,10,12
2022-12-14,Chihuahua,3,70,73
2022-12-14,Coahuila de Zaragoza,4,19,23
2022-12-14,Colima,1,15,16
2022-12-14,Durango,4,53,57
2022-12-14,Guanajuato,1,42,43
2022-12-14,Guerrero,2,15,17
2022-12-14,Hidalgo,2,11,13
2022-12-14,Jalisco,3,32,35
2022-12-14,Michoacán de Ocampo,1,39,40
2022-12-14,Morelos,1,24,25
2022-12-14,Nayarit,1,9,10
2022-12-14,Nuevo León,2,299,301
2022-12-14,Puebla,3,34,37
2022-12-14,Querétaro,1,23,24
2022-12-14,Quintana Roo,2,24,26
2022-12-14,San Luis Potosí,2,29,31
2022-12-14,Sinaloa,4,10,14
2022-12-14,Sonora,4,76,80
2022-12-14,Tabasco,2,7,9
2022-12-14,Tamaulipas,1,54,55
2022-12-14,Tlaxcala,4,5,9
2022-12-14,Yucatán,1,17,18
2022-12-14,Zacatecas,1,8,9
2022-12-15,Aguascalientes,3,11,14
2022-12-15,Baja California,2,39,41
2022-12-15,Baja California Sur,1,19,20
2022-12-15,Campeche,1,9,10
2022-12-15,Chiapas,2,12,14
2022-12-15,Chihuahua,1,64,65
2022-12-15,Coahuila de Zaragoza,3,49,52
2022-12-15,Colima,2,22,24
2022-12-15,Guanajuato,1,40,41
2022-12-15,Guerrero,1,22,23
2022-12-15,Hidalgo,1,9,10
2022-12-15,Michoacán de Ocampo,2,54,56
2022-12-15,Morelos,1,25,26
2022-12-15,México,2,44,46
2022-12-15,Nayarit,2,4,6
2022-12-15,Oaxaca,1,13,14
2022-12-15,Puebla,1,29,30
2022-12-15,Querétaro,2,31,33
2022-12-15,San Luis Potosí,2,25,27
2022-12-15,Sinaloa,2,26,28
2022-12-15,Sonora,1,72,73
2022-12-15,Tabasco,3,4,7
2022-12-15,Tamaulipas,3,46,49
2022-12-15,Tlaxcala,2,7,9
2022-12-15,Zacatecas,1,3,4
2022-12-16,Aguascalientes,2,16,18
2022-12-16,Baja California,1,58,59
2022-12-16,Campeche,2,8,10
2022-12-16,Chiapas,2,18,20
2022-12-16,Chihuahua,2,105,107
2022-12-16,Coahuila de Zaragoza,1,40,41
2022-12-16,Colima,1,18,19
2022-12-16,Durango,3,39,42
2022-12-16,Guanajuato,2,69,71
2022-12-16,Guerrero,2,23,25
2022-12-16,Hidalgo,2,15,17
2022-12-16,Jalisco,1,46,47
2022-12-16,Michoacán de Ocampo,3,63,66
2022-12-16,Morelos,2,37,39
2022-12-16,México,2,48,50
2022-12-16,Nayarit,2,9,11
2022-12-16,Nuevo León,2,251,253
2022-12-16,Oaxaca,2,13,15
2022-12-16,Puebla,6,36,42
2022-12-16,Querétaro,4,33,37
2022-12-16,Sinaloa,1,18,19
2022-12-16,Tamaulipas,1,39,40
2022-12-16,Veracruz de Ignacio de la Llave,2,36,38
2022-12-16,Yucatán,1,29,30
2022-12-17,Aguascalientes,1,18,19
2022-12-17,Baja California,2,36,38
2022-12-17,Baja California Sur,1,20,21
2022-12-17,Campeche,2,13,15
2022-12-17,Chihuahua,2,101,103
2022-12-17,Coahuila de Zaragoza,2,41,43
2022-12-17,Colima,2,17,19
2022-12-17,Guanajuato,3,74,77
2022-12-17,Guerrero,1,31,32
2022-12-17,Hidalgo,2,9,11
2022-12-17,Michoacán de Ocampo,2,64,66
2022-12-17,Morelos,1,35,36
2022-12-17,México,2,55,57
2022-12-17,Nuevo León,2,224,226
2022-12-17,Oaxaca,1,20,21
2022-12-17,Puebla,1,52,53
2022-12-17,San Luis Potosí,4,16,20
2022-12-17,Sonora,1,83,84
2022-12-17,Tabasco,2,6,8
2022-12-17,Tamaulipas,1,37,38
2022-12-17,Tlaxcala,5,8,13
2022-12-17,Veracruz de Ignacio de la Llave,2,32,34
2022-12-17,Yucatán,1,33,34
2022-12-17,Zacatecas,2,3,5
2022-12-18,Aguascalientes,5,22,27
2022-12-18,Baja California,3,49,52
2022-12-18,Baja California Sur,2,26,28
2022-12-18,Campeche,2,12,14
2022-12-18,Chiapas,1,19,20
2022-12-18,Coahuila de Zaragoza,2,33,35
2022-12-18,Colima,1,18,19
2022-12-18,Durango,2,43,45
2022-12-18,Guanajuato,1,72,73
2022-12-18,Hidalgo,1,15,16
2022-12-18,Jalisco,2,37,39
2022-12-18,Michoacán de Ocampo,3,48,51
2022-12-18,Morelos,3,29,32
2022-12-18,México,4,37,41
2022-12-18,Nuevo León,1,186,187
2022-12-18,Oaxaca,2,16,18
2022-12-18,Puebla,1,34,35
2022-12-18,Quintana Roo,1,30,31
2022-12-18,San Luis Potosí,3,17,20
2022-12-18,Sinaloa,2,33,35
2022-12-18,Sonora,3,68,71
2022-12-18,Tabasco,4,11,15
2022-12-18,Tlaxcala,2,5,7
2022-12-18,Veracruz de Ignacio de la Llave,1,26,27
2022-12-18,Yucatán,2,28,30
2022-12-18,Zacatecas,1,4,5
2022-12-19,Baja California,3,35,38
2022-12-19,Baja California Sur,2,9,11
2022-12-19,Chihuahua,1,100,101
2022-12-19,Coahuila de Zaragoza,3,29,32
2022-12-19,Colima,4,16,20
2022-12-19,Durango,1,41,42
2022-12-19,Guanajuato,2,47,49
2022-12-19,Guerrero,1,26,27
2022-12-19,Hidalgo,1,9,10
2022-12-19,México,1,40,41
2022-12-19,Nuevo León,2,215,217
2022-12-19,Querétaro,2,22,24
2022-12-19,Quintana Roo,3,26,29
2022-12-19,San Luis Potosí,1,28,29
2022-12-19,Sinaloa,1,18,19
2022-12-19,Sonora,1,101,102
2022-12-19,Tlaxcala,1,8,9
2022-12-19,Yucatán,4,32,36
2022-12-19,Zacatecas,5,6,11
2022-12-20,Aguascalientes,3,17,20
2022-12-20,Baja California,1,32,33
2022-12-20,Baja California Sur,1,19,20
2022-12-20,Campeche,1,12,13
2022-12-20,Chiapas,5,10,15
2022-12-20,Chihuahua,2,74,76
2022-12-20,Coahuila de Zaragoza,1,25,26
2022-12-20,Colima,4,20,24
2022-12-20,Durango,6,32,38
2022-12-20,Guanajuato,3,49,52
2022-12-20,Jalisco,4,39,43
2022-12-20,Michoacán de Ocampo,1,55,56
2022-12-20,Morelos,2,12,14
2022-12-20,México,2,43,45
2022-12-20,Querétaro,1,22,23
2022-12-20,Quintana Roo,1,26,27
2022-12-20,Sinaloa,3,23,26
2022-12-20,Sonora,1,67,68
2022-12-20,Tabasco,2,4,6
2022-12-20,Tamaulipas,2,35,37
2022-12-20,Tlaxcala,4,2,6
2022-12-20,Veracruz de Ignacio de la Llave,2,28,30
2022-12-20,Yucatán,1,25,26
2022-12-20,Zacatecas,2,3,5
2022-12-21,Aguascalientes,2,14,16
2022-12-21,Baja California,3,22,25
2022-12-21,Baja California Sur,2,14,16
2022-12-21,Campeche,2,3,5
2022-12-21,Chiapas,4,7,11
2022-12-21,Chihuahua,2,61,63
2022-12-21,Coahuila de Zaragoza,2,33,35
2022-12-21,Colima,2,22,24
2022-12-21,Durango,1,34,35
2022-12-21,Guerrero,2,23,25
2022-12-21,Morelos,1,16,17
2022-12-21,México,2,51,53
2022-12-21,Nuevo León,2,205,207
2022-12-21,Oaxaca,1,8,9
2022-12-21,Puebla,1,33,34
2022-12-21,Querétaro,1,20,21
2022-12-21,Quintana Roo,7,15,22
2022-12-21,San Luis Potosí,2,17,19
2022-12-21,Sinaloa,1,19,20
2022-12-21,Sonora,3,82,85
2022-12-21,Tabasco,3,5,8
2022-12-21,Tamaulipas,1,30,31
2022-12-21,Tlaxcala,2,3,5
2022-12-21,Veracruz de Ignacio de la Llave,1,29,30
2022-12-21,Yucatán,1,24,25
2022-12-21,Zacatecas,2,2,4
2022-12-22,Baja California,1,41,42
2022-12-22,Baja California Sur,3,15,18
2022-12-22,Campeche,1,7,8
2022-12-22,Coahuila de Zaragoza,1,32,33
2022-12-22,Colima,2,22,24
2022-12-22,Durango,2,41,43
2022-12-22,Guerrero,2,22,24
2022-12-22,Hidalgo,1,12,13
2022-12-22,Jalisco,2,45,47
2022-12-22,Michoacán de Ocampo,2,49,51
2022-12-22,Morelos,1,16,17
2022-12-22,Nayarit,3,7,10
2022-12-22,Nuevo León,1,265,266
2022-12-22,Oaxaca,1,13,14
2022-12-22,Puebla,3,45,48
2022-12-22,Quintana Roo,1,18,19
2022-12-22,Sinaloa,1,25,26
2022-12-22,Sonora,1,78,79
2022-12-22,Tabasco,2,10,12
2022-12-22,Tamaulipas,2,41,43
2022-12-22,Tlaxcala,1,5,6
2022-12-22,Veracruz de Ignacio de la Llave,3,23,26
2022-12-22,Yucatán,2,26,28
2022-12-22,Zacatecas,2,5,7
2022-12-23,Aguascalientes,1,17,18
2022-12-23,Baja California Sur,1,18,19
2022-12-23,Campeche,1,6,7
2022-12-23,Chiapas,3,16,19
2022-12-23,Chihuahua,1,93,94
2022-12-23,Coahuila de Zaragoza,1,34,35
2022-12-23,Durango,1,39,40
2022-12-23,Guanajuato,2,42,44
2022-12-23,Guerrero,1,23,24
2022-12-23,Hidalgo,2,11,13
2022-12-23,Jalisco,1,55,56
2022-12-23,Michoacán de Ocampo,2,51,53
2022-12-23,Nayarit,1,7,8
2022-12-23,Nuevo León,2,191,193
2022-12-23,Oaxaca,1,15,16
2022-12-23,San Luis Potosí,2,26,28
2022-12-23,Sonora,1,79,80
2022-12-23,Tabasco,2,7,9
2022-12-23,Tamaulipas,5,29,34
2022-12-23,Veracruz de Ignacio de la Llave,1,25,26
2022-12-23,Yucatán,2,31,33
2022-12-23,Zacatecas,1,4,5
2022-12-24,Aguascalientes,2,10,12
2022-12-24,Baja California,2,27,29
2022-12-24,Campeche,1,9,10
2022-12-24,Chiapas,3,18,21
2022-12-24,Chihuahua,1,79,80
2022-12-24,Coahuila de Zaragoza,2,42,44
2022-12-24,Guerrero,1,27,28
2022-12-24,Hidalgo,2,12,14
2022-12-24,Jalisco,2,36,38
2022-12-24,Michoacán de Ocampo,1,52,53
2022-12-24,Morelos,2,32,34
2022-12-24,Nayarit,2,5,7
2022-12-24,Nuevo León,2,144,146
2022-12-24,Oaxaca,3,16,19
2022-12-24,Puebla,1,34,35
2022-12-24,Querétaro,1,25,26
2022-12-24,Quintana Roo,1,17,18
2022-12-24,Sinaloa,1,23,24
2022-12-24,Sonora,2,82,84
2022-12-24,Tabasco,3,5,8
2022-12-24,Tlaxcala,1,4,5
2022-12-24,Veracruz de Ignacio de la Llave,1,29,30
2022-12-24,Yucatán,2,31,33
2022-12-24,Zacatecas,3,6,9
2022-12-25,Baja California,2,38,40
2022-12-25,Baja California Sur,1,21,22
2022-12-25,Chihuahua,1,67,68
2022-12-25,Coahuila de Zaragoza,1,28,29
2022-12-25,Durango,3,23,26
2022-12-25,Guanajuato,3,58,61
2022-12-25,Hidalgo,1,6,7
2022-12-25,Jalisco,1,37,38
2022-12-25,Michoacán de Ocampo,1,53,54
2022-12-25,México,3,55,58
2022-12-25,Nayarit,2,2,4
2022-12-25,Nuevo León,2,98,100
2022-12-25,Oaxaca,2,13,15
2022-12-25,Puebla,2,36,38
2022-12-25,Querétaro,1,20,21
2022-12-25,Quintana Roo,3,21,24
2022-12-25,San Luis Potosí,2,17,19
2022-12-25,Sinaloa,1,20,21
2022-12-25,Sonora,2,83,85
2022-12-25,Tabasco,2,5,7
2022-12-25,Tamaulipas,1,35,36
2022-12-25,Tlaxcala,1,13,14
2022-12-25,Veracruz de Ignacio de la Llave,1,20,21
2022-12-25,Zacatecas,2,4,6
2022-12-26,Aguascalientes,2,8,10
2022-12-26,Baja California,1,24,25
2022-12-26,Campeche,1,9,10
2022-12-26,Chiapas,3,11,14
2022-12-26,Chihuahua,3,74,77
2022-12-26,Coahuila de Zaragoza,1,21,22
2022-12-26,Colima,4,11,15
2022-12-26,Durango,1,39,40
2022-12-26,Guanajuato,1,34,35
2022-12-26,Guerrero,1,21,22
2022-12-26,Hidalgo,2,10,12
2022-12-26,Jalisco,1,33,34
2022-12-26,Michoacán de Ocampo,2,44,46
2022-12-26,Morelos,3,15,18
2022-12-26,Oaxaca,1,15,16
2022-12-26,Puebla,1,25,26
2022-12-26,Quintana Roo,3,15,18
2022-12-26,San Luis Potosí,1,13,14
2022-12-26,Sonora,1,45,46
2022-12-26,Tabasco,1,5,6
2022-12-26,Tamaulipas,1,30,31
2022-12-26,Yucatán,3,18,21
2022-12-26,Zacatecas,2,5,7
2022-12-27,Aguascalientes,2,9,11
2022-12-27,Baja California,1,19,20
2022-12-27,Campeche,1,7,8
2022-12-27,Chiapas,1,9,10
2022-12-27,Chihuahua,2,66,68
2022-12-27,Coahuila de Zaragoza,1,31,32
2022-12-27,Guanajuato,2,44,46
2022-12-27,Guerrero,5,19,24
2022-12-27,Jalisco,2,28,30
2022-12-27,Michoacán de Ocampo,2,29,31
2022-12-27,Morelos,1,18,19
2022-12-27,México,3,49,52
2022-12-27,Nayarit,5,10,15
2022-12-27,Nuevo León,2,192,194
2022-12-27,Oaxaca,1,14,15
2022-12-27,Puebla,2,22,24
2022-12-27,Querétaro,2,28,30
2022-12-27,Quintana Roo,2,16,18
2022-12-27,San Luis Potosí,1,15,16
2022-12-27,Sinaloa,2,20,22
2022-12-27,Tabasco,3,3,6
2022-12-27,Tamaulipas,1,39,40
2022-12-27,Tlaxcala,3,8,11
2022-12-27,Veracruz de Ignacio de la Llave,3,28,31
2022-12-27,Yucatán,1,17,18
2022-12-27,Zacatecas,2,5,7
2022-12-28,Baja California,4,25,29
2022-12-28,Campeche,2,9,11
2022-12-28,Chiapas,1,104,105
2022-12-28,Chihuahua,1,71,72
2022-12-28,Colima,1,7,8
2022-12-28,Durango,2,27,29
2022-12-28,Guanajuato,1,45,46
2022-12-28,Guerrero,2,54,56
2022-12-28,Jalisco,1,110,111
2022-12-28,Michoacán de Ocampo,2,56,58
2022-12-28,Morelos,1,21,22
2022-12-28,México,1,41,42
2022-12-28,Nayarit,2,17,19
2022-12-28,Nuevo León,2,192,194
2022-12-28,Oaxaca,1,523,524
2022-12-28,Puebla,2,189,191
2022-12-28,Quintana Roo,2,8,10
2022-12-28,San Luis Potosí,2,55,57
2022-12-28,Sinaloa,2,17,19
2022-12-28,Tlaxcala,3,40,43
2022-12-28,Veracruz de Ignacio de la Llave,2,160,162
2022-12-28,Yucatán,2,24,26
2022-12-28,Zacatecas,1,17,18
2022-12-29,Chihuahua,2,49,51
2022-12-29,Coahuila de Zaragoza,1,16,17
2022-12-29,Colima,1,14,15
2022-12-29,Durango,2,30,32
2022-12-29,Guanajuato,1,46,47
2022-12-29,Guerrero,2,13,15
2022-12-29,Hidalgo,2,8,10
2022-12-29,Michoacán de Ocampo,1,40,41
2022-12-29,México,1,41,42
2022-12-29,Nuevo León,1,160,161
2022-12-29,Puebla,1,33,34
2022-12-29,Querétaro,2,25,27
2022-12-29,Quintana Roo,1,13,14
2022-12-29,Sinaloa,2,21,23
2022-12-29,Sonora,1,46,47
2022-12-29,Tabasco,1,5,6
2022-12-29,Tamaulipas,2,29,31
2022-12-29,Tlaxcala,1,2,3
2022-12-29,Veracruz de Ignacio de la Llave,3,18,21
2022-12-29,Yucatán,4,16,20
2022-12-30,Baja California,1,22,23
2022-12-30,Campeche,2,9,11
2022-12-30,Chiapas,5,10,15
2022-12-30,Chihuahua,2,75,77
2022-12-30,Durango,1,28,29
2022-12-30,Guanajuato,3,39,42
2022-12-30,Michoacán de Ocampo,1,37,38
2022-12-30,Morelos,1,20,21
2022-12-30,México,2,43,45
2022-12-30,Nayarit,1,7,8
2022-12-30,Oaxaca,2,14,16
2022-12-30,Puebla,1,34,35
2022-12-30,Querétaro,1,32,33
2022-12-30,Quintana Roo,1,9,10
2022-12-30,San Luis Potosí,1,14,15
2022-12-30,Sinaloa,2,20,22
2022-12-30,Sonora,2,53,55
2022-12-30,Tabasco,2,11,13
2022-12-30,Tamaulipas,2,50,52
2022-12-30,Tlaxcala,3,4,7
2022-12-30,Veracruz de Ignacio de la Llave,5,26,31
2022-12-30,Yucatán,2,20,22
2022-12-30,Zacatecas,1,12,13
2022-12-31,Aguascalientes,1,12,13
2022-12-31,Baja California Sur,1,16,17
2022-12-31,Campeche,1,9,10
2022-12-31,Chiapas,3,16,19
2022-12-31,Chihuahua,4,64,68
2022-12-31,Durango,2,30,32
2022-12-31,Guerrero,1,21,22
2022-12-31,Hidalgo,3,19,22
2022-12-31,Jalisco,3,33,36
2022-12-31,Morelos,1,19,20
2022-12-31,México,1,45,46
2022-12-31,Nuevo León,2,157,159
2022-12-31,Oaxaca,1,19,20
2022-12-31,Quintana Roo,2,15,17
2022-12-31,Sinaloa,2,26,28
2022-12-31,Sonora,1,74,75
2022-12-31,Tabasco,3,9,12
2022-12-31,Tamaulipas,1,33,34
2022-12-31,Veracruz de Ignacio de la Llave,3,24,27
2022-12-31,Yucatán,3,10,13
2022-12-31,Zacatecas,2,9,11
2023-01-01,Aguascalientes,1,24,25
2023-01-01,Baja California,2,38,40
2023-01-01,Baja California Sur,4,34,38
2023-01-01,Chiapas,1,13,14
2023-01-01,Chihuahua,2,91,93
2023-01-01,Coahuila de Zaragoza,2,38,40
2023-01-01,Colima,1,25,26
2023-01-01,Durango,2,32,34
2023-01-01,Guanajuato,3,60,63
2023-01-01,Guerrero,1,35,36
2023-01-01,Hidalgo,2,13,15
2023-01-01,Jalisco,1,48,49
2023-01-01,Michoacán de Ocampo,1,54,55
2023-01-01,Morelos,1,42,43
2023-01-01,México,1,81,82
2023-01-01,Nayarit,2,17,19
2023-01-01,Nuevo León,1,145,146
2023-01-01,Oaxaca,2,18,20
2023-01-01,Puebla,1,19,20
2023-01-01,Querétaro,2,47,49
2023-01-01,Quintana Roo,2,17,19
2023-01-01,San Luis Potosí,2,20,22
2023-01-01,Sinaloa,3,49,52
2023-01-01,Sonora,2,81,83
2023-01-01,Tamaulipas,2,60,62
2023-01-01,Tlaxcala,1,10,11
2023-01-01,Veracruz de Ignacio de la Llave,2,29,31
2023-01-01,Yucatán,2,27,29
2023-01-02,Aguascalientes,3,13,16
2023-01-02,Baja California,2,27,29
2023-01-02,Baja California Sur,2,14,16
2023-01-02,Campeche,4,9,13
2023-01-02,Chiapas,1,9,10
2023-01-02,Chihuahua,2,67,69
2023-01-02,Coahuila de Zaragoza,3,17,20
2023-01-02,Colima,2,16,18
2023-01-02,Durango,1,32,33
2023-01-02,Guanajuato,1,44,45
2023-01-02,Guerrero,1,15,16
2023-01-02,Michoacán de Ocampo,2,46,48
2023-01-02,Morelos,1,35,36
2023-01-02,México,2,54,56
2023-01-02,Nuevo León,2,152,154
2023-01-02,Oaxaca,2,14,16
2023-01-02,Puebla,1,33,34
2023-01-02,Quintana Roo,1,22,23
2023-01-02,San Luis Potosí,2,23,25
2023-01-02,Sinaloa,1,16,17
2023-01-02,Sonora,2,48,50
2023-01-02,Tabasco,2,7,9
2023-01-02,Tamaulipas,2,35,37
2023-01-02,Tlaxcala,3,7,10
2023-01-02,Veracruz de Ignacio de la Llave,1,33,34
2023-01-02,Yucatán,2,19,21
2023-01-02,Zacatecas,2,6,8
2023-01-03,Baja California,1,44,45
2023-01-03,Baja California Sur,1,12,13
2023-01-03,Campeche,3,6,9
2023-01-03,Chiapas,1,8,9
2023-01-03,Chihuahua,2,54,56
2023-01-03,Coahuila de Zaragoza,2,18,20
2023-01-03,Colima,1,8,9
2023-01-03,Durango,1,34,35
2023-01-03,Guanajuato,1,37,38
2023-01-03,Hidalgo,3,14,17
2023-01-03,Jalisco,2,28,30
2023-01-03,Michoacán de Ocampo,2,34,36
2023-01-03,Morelos,1,26,27
2023-01-03,México,1,61,62
2023-01-03,Puebla,1,30,31
2023-01-03,Querétaro,2,28,30
2023-01-03,Quintana Roo,2,13,15
2023-01-03,San Luis Potosí,4,16,20
2023-01-03,Sinaloa,1,11,12
2023-01-03,Sonora,1,47,48
2023-01-03,Tabasco,2,5,7
2023-01-03,Tamaulipas,2,33,35
2023-01-03,Tlaxcala,1,7,8
2023-01-03,Veracruz de Ignacio de la Llave,1,38,39
2023-01-03,Yucatán,1,24,25
2023-01-03,Zacatecas,2,7,9
2023-01-04,Aguascalientes,1,1,2
2023-01-04,Baja California,1,25,26
2023-01-04,Baja California Sur,1,13,14
2023-01-04,Chiapas,1,12,13
2023-01-04,Chihuahua,1,53,54
2023-01-04,Coahuila de Zaragoza,1,21,22
2023-01-04,Durango,1,26,27
2023-01-04,Guanajuato,2,40,42
2023-01-04,Guerrero,2,28,30
2023-01-04,Hidalgo,1,14,15
2023-01-04,Michoacán de Ocampo,3,47,50
2023-01-04,Morelos,1,19,20
2023-01-04,México,2,54,56
2023-01-04,Nayarit,1,10,11
2023-01-04,Nuevo León,1,170,171
2023-01-04,Oaxaca,2,10,12
2023-01-04,Puebla,1,28,29
2023-01-04,Quintana Roo,2,17,19
2023-01-04,Tabasco,6,6,12
2023-01-04,Tamaulipas,1,28,29
2023-01-04,Tlaxcala,1,8,9
2023-01-04,Veracruz de Ignacio de la Llave,1,26,27
2023-01-04,Yucatán,1,24,25
2023-01-05,Aguascalientes,2,10,12
2023-01-05,Baja California,1,27,28
2023-01-05,Baja California Sur,1,18,19
2023-01-05,Campeche,3,14,17
2023-01-05,Chiapas,1,8,9
2023-01-05,Chihuahua,2,61,63
2023-01-05,Coahuila de Zaragoza,3,24,27
2023-01-05,Durango,2,29,31
2023-01-05,Guanajuato,2,49,51
2023-01-05,Jalisco,1,39,40
2023-01-05,Morelos,2,21,23
2023-01-05,México,2,57,59
2023-01-05,Nayarit,1,7,8
2023-01-05,Puebla,1,35,36
2023-01-05,Querétaro,1,20,21
2023-01-05,Sonora,2,46,48
2023-01-05,Tabasco,1,1,2
2023-01-05,Tlaxcala,2,3,5
2023-01-05,Veracruz de Ignacio de la Llave,5,35,40
2023-01-05,Yucatán,1,27,28
2023-01-06,Aguascalientes,3,9,12
2023-01-06,Baja California Sur,1,16,17
2023-01-06,Campeche,1,12,13
2023-01-06,Chiapas,1,12,13
2023-01-06,Chihuahua,1,75,76
2023-01-06,Coahuila de Zaragoza,1,23,24
2023-01-06,Colima,2,13,15
2023-01-06,Guanajuato,1,39,40
2023-01-06,Guerrero,1,17,18
2023-01-06,Hidalgo,2,12,14
2023-01-06,Michoacán de Ocampo,1,48,49
2023-01-06,Morelos,2,29,31
2023-01-06,México,3,62,65
2023-01-06,Nayarit,2,7,9
2023-01-06,Nuevo León,3,222,225
2023-01-06,Puebla,1,30,31
2023-01-06,Querétaro,1,43,44
2023-01-06,Quintana Roo,1,17,18
2023-01-06,Sinaloa,2,14,16
2023-01-06,Sonora,2,44,46
2023-01-06,Tabasco,1,6,7
2023-01-06,Tlaxcala,1,12,13
2023-01-06,Veracruz de Ignacio de la Llave,2,26,28
2023-01-06,Yucatán,1,27,28
2023-01-06,Zacatecas,3,9,12
2023-01-07,Aguascalientes,1,19,20
2023-01-07,Campeche,1,14,15
2023-01-07,Chihuahua,2,65,67
2023-01-07,Colima,1,11,12
2023-01-07,Guanajuato,4,41,45
2023-01-07,Hidalgo,2,13,15
2023-01-07,Jalisco,3,36,39
2023-01-07,Michoacán de Ocampo,1,56,57
2023-01-07,Nayarit,1,12,13
2023-01-07,Nuevo León,1,183,184
2023-01-07,Oaxaca,1,18,19
2023-01-07,Puebla,3,43,46
2023-01-07,Querétaro,2,37,39
2023-01-07,Quintana Roo,2,23,25
2023-01-07,Sinaloa,1,12,13
2023-01-07,Sonora,2,67,69
2023-01-07,Tabasco,1,10,11
2023-01-07,Tlaxcala,1,2,3
2023-01-07,Yucatán,1,33,34
2023-01-08,Baja California Sur,1,14,15
2023-01-08,Chiapas,1,4,5
2023-01-08,Coahuila de Zaragoza,4,18,22
2023-01-08,Colima,1,20,21
2023-01-08,Durango,3,30,33
2023-01-08,Guerrero,1,20,21
2023-01-08,Hidalgo,2,7,9
2023-01-08,Jalisco,1,37,38
2023-01-08,Michoacán de Ocampo,2,54,56
2023-01-08,Morelos,2,30,32
2023-01-08,México,1,46,47
2023-01-08,Nayarit,1,10,11
2023-01-08,Nuevo León,2,121,123
2023-01-08,Oaxaca,1,6,7
2023-01-08,Puebla,1,20,21
2023-01-08,Querétaro,3,52,55
2023-01-08,Quintana Roo,2,9,11
2023-01-08,Sinaloa,3,19,22
2023-01-08,Sonora,2,38,40
2023-01-08,Tabasco,2,1,3
2023-01-08,Tamaulipas,1,43,44
2023-01-08,Tlaxcala,2,4,6
2023-01-08,Veracruz de Ignacio de la Llave,2,23,25
2023-01-09,Baja California,3,36,39
2023-01-09,Baja California Sur,2,20,22
2023-01-09,Campeche,3,13,16
2023-01-09,Chiapas,3,15,18
2023-01-09,Chihuahua,3,86,89
2023-01-09,Coahuila de Zaragoza,3,25,28
2023-01-09,Colima,1,15,16
2023-01-09,Durango,2,36,38
2023-01-09,Guanajuato,1,48,49
2023-01-09,Guerrero,2,22,24
2023-01-09,Hidalgo,1,11,12
2023-01-09,Michoacán de Ocampo,1,40,41
2023-01-09,Morelos,1,29,30
2023-01-09,México,1,60,61
2023-01-09,Nayarit,1,7,8
2023-01-09,Puebla,1,36,37
2023-01-09,Querétaro,3,25,28
2023-01-09,Quintana Roo,1,19,20
2023-01-09,San Luis Potosí,3,21,24
2023-01-09,Sonora,4,81,85
2023-01-09,Tamaulipas,1,27,28
2023-01-09,Tlaxcala,4,9,13
2023-01-09,Veracruz de Ignacio de la Llave,4,19,23
2023-01-09,Yucatán,1,26,27
2023-01-09,Zacatecas,1,10,11
2023-01-10,Aguascalientes,2,5,7
2023-01-10,Baja California,2,32,34
2023-01-10,Baja California Sur,2,14,16
2023-01-10,Campeche,2,13,15
2023-01-10,Chiapas,1,16,17
2023-01-10,Chihuahua,2,62,64
2023-01-10,Coahuila de Zaragoza,1,24,25
2023-01-10,Colima,2,12,14
2023-01-10,Durango,1,44,45
2023-01-10,Guerrero,2,18,20
2023-01-10,Hidalgo,6,6,12
2023-01-10,Michoacán de Ocampo,2,37,39
2023-01-10,Morelos,1,20,21
2023-01-10,México,1,59,60
2023-01-10,Nayarit,1,6,7
2023-01-10,Nuevo León,2,230,232
2023-01-10,Oaxaca,1,14,15
2023-01-10,Querétaro,3,26,29
2023-01-10,Quintana Roo,2,11,13
2023-01-10,Sinaloa,1,17,18
2023-01-10,Sonora,1,60,61
2023-01-10,Tabasco,1,7,8
2023-01-10,Veracruz de Ignacio de la Llave,3,19,22
2023-01-10,Yucatán,2,22,24
2023-01-10,Zacatecas,4,5,9
2023-01-11,Aguascalientes,2,12,14
2023-01-11,Baja California,2,24,26
2023-01-11,Campeche,4,14,18
2023-01-11,Coahuila de Zaragoza,2,34,36
2023-01-11,Colima,2,15,17
2023-01-11,Durango,3,28,31
2023-01-11,Guanajuato,2,43,45
2023-01-11,Hidalgo,1,12,13
2023-01-11,Jalisco,1,26,27
2023-01-11,Michoacán de Ocampo,1,51,52
2023-01-11,Morelos,1,21,22
2023-01-11,Oaxaca,1,13,14
2023-01-11,Puebla,3,32,35
2023-01-11,Querétaro,1,29,30
2023-01-11,Quintana Roo,3,13,16
2023-01-11,Sinaloa,1,12,13
2023-01-11,Sonora,2,60,62
2023-01-11,Tabasco,1,6,7
2023-01-11,Tamaulipas,2,37,39
2023-01-11,Tlaxcala,4,1,5
2023-01-11,Veracruz de Ignacio de la Llave,1,39,40
2023-01-11,Yucatán,4,21,25
2023-01-11,Zacatecas,1,6,7
2023-01-12,Aguascalientes,1,13,14
2023-01-12,Baja California,1,27,28
2023-01-12,Chiapas,1,10,11
2023-01-12,Coahuila de Zaragoza,2,31,33
2023-01-12,Colima,1,19,20
2023-01-12,Durango,4,31,35
2023-01-12,Guerrero,3,19,22
2023-01-12,Hidalgo,1,14,15
2023-01-12,Jalisco,2,33,35
2023-01-12,Michoacán de Ocampo,1,47,48
2023-01-12,Morelos,2,27,29
2023-01-12,Nayarit,4,6,10
2023-01-12,Nuevo León,3,236,239
2023-01-12,Puebla,2,30,32
2023-01-12,Querétaro,1,38,39
2023-01-12,San Luis Potosí,3,17,20
2023-01-12,Sinaloa,1,16,17
2023-01-12,Sonora,2,65,67
2023-01-12,Tamaulipas,1,31,32
2023-01-12,Tlaxcala,3,7,10
2023-01-12,Zacatecas,2,1,3
2023-01-13,Aguascalientes,1,14,15
2023-01-13,Baja California Sur,2,18,20
2023-01-13,Campeche,1,11,12
2023-01-13,Chiapas,4,10,14
2023-01-13,Chihuahua,2,66,68
2023-01-13,Coahuila de Zaragoza,1,38,39
2023-01-13,Colima,2,19,21
2023-01-13,Durango,2,32,34
2023-01-13,Guanajuato,1,48,49
2023-01-13,Guerrero,3,28,31
2023-01-13,Hidalgo,1,12,13
2023-01-13,Jalisco,2,38,40
2023-01-13,Morelos,1,27,28
2023-01-13,México,1,58,59
2023-01-13,Nuevo León,4,250,254
2023-01-13,Oaxaca,1,19,20
2023-01-13,Querétaro,2,21,23
2023-01-13,Quintana Roo,3,19,22
2023-01-13,San Luis Potosí,3,21,24
2023-01-13,Sinaloa,2,12,14
2023-01-13,Sonora,2,62,64
2023-01-13,Tabasco,4,6,10
2023-01-13,Tlaxcala,1,7,8
2023-01-13,Yucatán,1,20,21
2023-01-13,Zacatecas,3,4,7
2023-01-14,Aguascalientes,2,14,16
2023-01-14,Baja California Sur,1,13,14
2023-01-14,Chiapas,1,15,16
2023-01-14,Chihuahua,1,74,75
2023-01-14,Coahuila de Zaragoza,1,32,33
2023-01-14,Colima,3,22,25
2023-01-14,Durango,2,40,42
2023-01-14,Guanajuato,2,60,62
2023-01-14,Michoacán de Ocampo,2,57,59
2023-01-14,Morelos,1,32,33
2023-01-14,México,2,60,62
2023-01-14,Nayarit,1,9,10
2023-01-14,Nuevo León,3,201,204
2023-01-14,Puebla,2,45,47
2023-01-14,Querétaro,1,56,57
2023-01-14,San Luis Potosí,1,20,21
2023-01-14,Sinaloa,2,20,22
2023-01-14,Sonora,2,68,70
2023-01-14,Tabasco,1,7,8
2023-01-14,Veracruz de Ignacio de la Llave,1,25,26
2023-01-14,Zacatecas,3,10,13
2023-01-15,Aguascalientes,2,10,12
2023-01-15,Baja California,4,28,32
2023-01-15,Baja California Sur,1,14,15
2023-01-15,Campeche,1,10,11
2023-01-15,Chiapas,3,9,12
2023-01-15,Chihuahua,3,73,76
2023-01-15,Coahuila de Zaragoza,2,37,39
2023-01-15,Colima,3,11,14
2023-01-15,Durango,1,33,34
2023-01-15,Guanajuato,2,60,62
2023-01-15,Guerrero,1,21,22
2023-01-15,Hidalgo,4,14,18
2023-01-15,Jalisco,2,39,41
2023-01-15,Morelos,1,23,24
2023-01-15,Nayarit,3,7,10
2023-01-15,Nuevo León,2,146,148
2023-01-15,Oaxaca,1,16,17
2023-01-15,Querétaro,2,40,42
2023-01-15,Quintana Roo,1,30,31
2023-01-15,Sonora,4,63,67
2023-01-15,Tabasco,1,3,4
2023-01-15,Tamaulipas,3,41,44
2023-01-15,Veracruz de Ignacio de la Llave,1,18,19
2023-01-15,Yucatán,2,31,33
2023-01-16,Aguascalientes,2,16,18
2023-01-16,Baja California,2,19,21
2023-01-16,Baja California Sur,1,23,24
2023-01-16,Campeche,1,12,13
2023-01-16,Chihuahua,1,78,79
2023-01-16,Coahuila de Zaragoza,4,40,44
2023-01-16,Colima,2,12,14
2023-01-16,Durango,1,34,35
2023-01-16,Guanajuato,1,39,40
2023-01-16,Guerrero,1,24,25
2023-01-16,Hidalgo,2,11,13
2023-01-16,Michoacán de Ocampo,3,50,53
2023-01-16,Morelos,2,21,23
2023-01-16,México,3,51,54
2023-01-16,Nayarit,1,4,5
2023-01-16,Oaxaca,1,12,13
2023-01-16,Puebla,2,45,47
2023-01-16,San Luis Potosí,4,21,25
2023-01-16,Sinaloa,3,14,17
2023-01-16,Tabasco,1,9,10
2023-01-16,Tamaulipas,1,47,48
2023-01-16,Tlaxcala,1,6,7
2023-01-16,Veracruz de Ignacio de la Llave,1,34,35
2023-01-16,Yucatán,4,23,27
2023-01-16,Zacatecas,2,7,9
2023-01-17,Aguascalientes,4,7,11
2023-01-17,Baja California,2,19,21
2023-01-17,Baja California Sur,5,12,17
2023-01-17,Campeche,3,15,18
2023-01-17,Chiapas,2,10,12
2023-01-17,Chihuahua,2,66,68
2023-01-17,Coahuila de Zaragoza,2,25,27
2023-01-17,Colima,2,10,12
2023-01-17,Guanajuato,1,46,47
2023-01-17,Guerrero,1,15,16
2023-01-17,Hidalgo,1,14,15
2023-01-17,Jalisco,3,33,36
2023-01-17,Michoacán de Ocampo,2,35,37
2023-01-17,Morelos,3,23,26
2023-01-17,México,1,56,57
2023-01-17,Nayarit,2,2,4
2023-01-17,Nuevo León,2,246,248
2023-01-17,Querétaro,1,31,32
2023-01-17,Sinaloa,2,14,16
2023-01-17,Sonora,3,70,73
2023-01-17,Tamaulipas,2,39,41
2023-01-17,Tlaxcala,2,4,6
2023-01-17,Veracruz de Ignacio de la Llave,1,29,30
2023-01-17,Yucatán,1,22,23
2023-01-17,Zacatecas,3,6,9
2023-01-18,Aguascalientes,1,9,10
2023-01-18,Baja California,3,29,32
2023-01-18,Chihuahua,3,62,65
2023-01-18,Coahuila de Zaragoza,1,33,34
2023-01-18,Durango,3,30,33
2023-01-18,Guanajuato,1,41,42
2023-01-18,Guerrero,1,27,28
2023-01-18,Hidalgo,2,7,9
2023-01-18,Jalisco,3,49,52
2023-01-18,Michoacán de Ocampo,2,50,52
2023-01-18,Morelos,1,15,16
2023-01-18,Nuevo León,2,227,229
2023-01-18,Oaxaca,2,21,23
2023-01-18,Puebla,2,35,37
2023-01-18,Quintana Roo,1,22,23
2023-01-18,San Luis Potosí,1,14,15
2023-01-18,Sinaloa,1,13,14
2023-01-18,Sonora,1,76,77
2023-01-18,Tabasco,3,7,10
2023-01-18,Tamaulipas,1,35,36
2023-01-18,Tlaxcala,1,7,8
2023-01-18,Zacatecas,2,3,5
2023-01-19,Aguascalientes,1,11,12
2023-01-19,Baja California,2,27,29
2023-01-19,Baja California Sur,3,21,24
2023-01-19,Campeche,2,16,18
2023-01-19,Coahuila de Zaragoza,1,34,35
2023-01-19,Colima,2,10,12
2023-01-19,Durango,1,40,41
2023-01-19,Guanajuato,2,32,34
2023-01-19,Guerrero,1,15,16
2023-01-19,Hidalgo,1,6,7
2023-01-19,Jalisco,1,39,40
2023-01-19,Michoacán de Ocampo,2,36,38
2023-01-19,Nuevo León,2,196,198
2023-01-19,Oaxaca,2,11,13
2023-01-19,Puebla,3,30,33
2023-01-19,Querétaro,2,11,13
2023-01-19,Sinaloa,2,15,17
2023-01-19,Tabasco,1,9,10
2023-01-19,Veracruz de Ignacio de la Llave,2,23,25
2023-01-19,Zacatecas,1,6,7
2023-01-20,Aguascalientes,2,11,13
2023-01-20,Baja California,2,41,43
2023-01-20,Baja California Sur,1,16,17
2023-01-20,Chiapas,2,11,13
2023-01-20,Chihuahua,4,70,74
2023-01-20,Coahuila de Zaragoza,1,42,43
2023-01-20,Colima,1,19,20
2023-01-20,Guanajuato,3,41,44
2023-01-20,Hidalgo,5,17,22
2023-01-20,Jalisco,2,25,27
2023-01-20,Michoacán de Ocampo,1,58,59
2023-01-20,Morelos,1,20,21
2023-01-20,México,1,51,52
2023-01-20,Nuevo León,3,233,236
2023-01-20,Oaxaca,3,15,18
2023-01-20,Querétaro,2,14,16
2023-01-20,Quintana Roo,1,20,21
2023-01-20,San Luis Potosí,1,22,23
2023-01-20,Tamaulipas,1,44,45
2023-01-20,Tlaxcala,1,4,5
2023-01-20,Veracruz de Ignacio de la Llave,1,28,29
2023-01-20,Yucatán,1,28,29
2023-01-20,Zacatecas,2,12,14
2023-01-21,Aguascalientes,1,23,24
2023-01-21,Baja California,1,32,33
2023-01-21,Campeche,2,17,19
2023-01-21,Chiapas,2,18,20
2023-01-21,Coahuila de Zaragoza,2,31,33
2023-01-21,Colima,1,25,26
2023-01-21,Durango,2,36,38
2023-01-21,Guanajuato,1,48,49
2023-01-21,Hidalgo,3,13,16
2023-01-21,Jalisco,2,42,44
2023-01-21,Michoacán de Ocampo,3,60,63
2023-01-21,Morelos,2,36,38
2023-01-21,México,1,62,63
2023-01-21,Nayarit,1,5,6
2023-01-21,Nuevo León,1,236,237
2023-01-21,Oaxaca,6,14,20
2023-01-21,Puebla,1,51,52
2023-01-21,Querétaro,1,28,29
2023-01-21,San Luis Potosí,1,25,26
2023-01-21,Sinaloa,3,16,19
2023-01-21,Sonora,3,72,75
2023-01-21,Tabasco,4,5,9
2023-01-21,Veracruz de Ignacio de la Llave,2,24,26
2023-01-21,Yucatán,2,29,31
2023-01-21,Zacatecas,2,8,10
2023-01-22,Baja California,2,31,33
2023-01-22,Campeche,2,6,8
2023-01-22,Chiapas,2,10,12
2023-01-22,Chihuahua,1,73,74
2023-01-22,Coahuila de Zaragoza,1,30,31
2023-01-22,Colima,1,17,18
2023-01-22,Durango,1,30,31
2023-01-22,Guanajuato,2,62,64
2023-01-22,Guerrero,2,23,25
2023-01-22,Hidalgo,1,8,9
2023-01-22,Jalisco,1,50,51
2023-01-22,Michoacán de Ocampo,3,58,61
2023-01-22,Morelos,1,26,27
2023-01-22,Nayarit,1,4,5
2023-01-22,Nuevo León,1,159,160
2023-01-22,Oaxaca,3,19,22
2023-01-22,Puebla,1,25,26
2023-01-22,Querétaro,2,21,23
2023-01-22,San Luis Potosí,2,13,15
2023-01-22,Sinaloa,3,16,19
2023-01-22,Sonora,1,51,52
2023-01-22,Tlaxcala,1,3,4
2023-01-22,Yucatán,1,23,24
2023-01-22,Zacatecas,2,6,8
2023-01-23,Aguascalientes,3,7,10
2023-01-23,Baja California,1,32,33
2023-01-23,Campeche,1,16,17
2023-01-23,Coahuila de Zaragoza,1,34,35
2023-01-23,Colima,2,25,27
2023-01-23,Durango,5,35,40
2023-01-23,Guanajuato,3,50,53
2023-01-23,Guerrero,2,24,26
2023-01-23,Hidalgo,2,11,13
2023-01-23,Michoacán de Ocampo,2,61,63
2023-01-23,Morelos,2,24,26
2023-01-23,México,4,54,58
2023-01-23,Nayarit,1,2,3
2023-01-23,Nuevo León,2,310,312
2023-01-23,Oaxaca,1,15,16
2023-01-23,Puebla,1,33,34
2023-01-23,Querétaro,1,13,14
2023-01-23,Quintana Roo,3,21,24
2023-01-23,San Luis Potosí,2,20,22
2023-01-23,Sinaloa,2,18,20
2023-01-23,Sonora,2,76,78
2023-01-23,Tabasco,1,8,9
2023-01-23,Tlaxcala,3,4,7
2023-01-23,Yucatán,1,23,24
2023-01-23,Zacatecas,2,4,6
2023-01-24,Aguascalientes,1,9,10
2023-01-24,Baja California,2,28,30
2023-01-24,Baja California Sur,1,10,11
2023-01-24,Campeche,3,11,14
2023-01-24,Chiapas,1,7,8
2023-01-24,Chihuahua,1,81,82
2023-01-24,Coahuila de Zaragoza,1,21,22
2023-01-24,Durango,3,30,33
2023-01-24,Guerrero,2,20,22
2023-01-24,Hidalgo,3,14,17
2023-01-24,Jalisco,2,31,33
2023-01-24,Michoacán de Ocampo,1,39,40
2023-01-24,Morelos,4,27,31
2023-01-24,Nayarit,2,3,5
2023-01-24,Nuevo León,1,204,205
2023-01-24,Oaxaca,2,16,18
2023-01-24,Puebla,1,24,25
2023-01-24,Querétaro,1,14,15
2023-01-24,Quintana Roo,1,22,23
2023-01-24,San Luis Potosí,1,15,16
2023-01-24,Sinaloa,2,14,16
2023-01-24,Sonora,2,77,79
2023-01-24,Tabasco,2,4,6
2023-01-24,Tamaulipas,1,36,37
2023-01-24,Tlaxcala,2,9,11
2023-01-24,Veracruz de Ignacio de la Llave,5,27,32
2023-01-25,Aguascalientes,3,12,15
2023-01-25,Baja California,1,39,40
2023-01-25,Baja California Sur,1,13,14
2023-01-25,Campeche,1,15,16
2023-01-25,Chiapas,3,9,12
2023-01-25,Chihuahua,2,86,88
2023-01-25,Colima,2,11,13
2023-01-25,Durango,4,37,41
2023-01-25,Guanajuato,2,42,44
2023-01-25,Guerrero,2,19,21
2023-01-25,Hidalgo,1,9,10
2023-01-25,Jalisco,1,26,27
2023-01-25,Michoacán de Ocampo,1,53,54
2023-01-25,Morelos,2,23,25
2023-01-25,México,4,40,44
2023-01-25,Nayarit,2,2,4
2023-01-25,Nuevo León,1,276,277
2023-01-25,Oaxaca,2,8,10
2023-01-25,Puebla,1,41,42
2023-01-25,Querétaro,1,15,16
2023-01-25,San Luis Potosí,2,22,24
2023-01-25,Sinaloa,3,16,19
2023-01-25,Tabasco,1,7,8
2023-01-25,Tlaxcala,2,2,4
2023-01-25,Veracruz de Ignacio de la Llave,2,21,23
2023-01-25,Yucatán,2,17,19
2023-01-26,Aguascalientes,2,9,11
2023-01-26,Baja California,2,36,38
2023-01-26,Baja California Sur,2,17,19
2023-01-26,Campeche,2,4,6
2023-01-26,Chiapas,1,9,10
2023-01-26,Chihuahua,2,78,80
2023-01-26,Coahuila de Zaragoza,1,29,30
2023-01-26,Colima,1,24,25
2023-01-26,Durango,2,32,34
2023-01-26,Guanajuato,1,39,40
2023-01-26,Guerrero,2,13,15
2023-01-26,Morelos,2,29,31
2023-01-26,México,2,52,54
2023-01-26,Nayarit,3,5,8
2023-01-26,Nuevo León,1,211,212
2023-01-26,Oaxaca,2,13,15
2023-01-26,Puebla,2,19,21
2023-01-26,Querétaro,1,20,21
2023-01-26,Quintana Roo,1,13,14
2023-01-26,San Luis Potosí,1,13,14
2023-01-26,Sinaloa,2,10,12
2023-01-26,Sonora,2,72,74
2023-01-26,Tlaxcala,1,4,5
2023-01-26,Veracruz de Ignacio de la Llave,1,26,27
2023-01-26,Yucatán,7,23,30
2023-01-27,Baja California,1,35,36
2023-01-27,Campeche,1,14,15
2023-01-27,Chihuahua,2,80,82
2023-01-27,Colima,1,21,22
2023-01-27,Guanajuato,1,32,33
2023-01-27,Guerrero,4,23,27
2023-01-27,Hidalgo,2,15,17
2023-01-27,Michoacán de Ocampo,1,54,55
2023-01-27,México,1,55,56
2023-01-27,Nayarit,2,6,8
2023-01-27,Nuevo León,1,195,196
2023-01-27,Puebla,2,43,45
2023-01-27,San Luis Potosí,3,13,16
2023-01-27,Sinaloa,1,17,18
2023-01-27,Tabasco,2,7,9
2023-01-27,Tamaulipas,1,22,23
2023-01-27,Tlaxcala,2,3,5
2023-01-27,Veracruz de Ignacio de la Llave,2,25,27
2023-01-27,Yucatán,3,24,27
2023-01-28,Aguascalientes,2,14,16
2023-01-28,Baja California,1,34,35
2023-01-28,Baja California Sur,5,15,20
2023-01-28,Campeche,2,21,23
2023-01-28,Chiapas,2,112,114
2023-01-28,Chihuahua,2,104,106
2023-01-28,Coahuila de Zaragoza,3,41,44
2023-01-28,Jalisco,2,125,127
2023-01-28,Morelos,2,36,38
2023-01-28,México,1,71,72
2023-01-28,Nayarit,1,8,9
2023-01-28,Nuevo León,1,234,235
2023-01-28,Puebla,2,192,194
2023-01-28,Querétaro,3,14,17
2023-01-28,Quintana Roo,1,10,11
2023-01-28,Sinaloa,2,19,21
2023-01-28,Tabasco,1,6,7
2023-01-28,Tamaulipas,1,68,69
2023-01-28,Veracruz de Ignacio de la Llave,1,157,158
2023-01-29,Aguascalientes,1,15,16
2023-01-29,Baja California,2,39,41
2023-01-29,Baja California Sur,1,18,19
2023-01-29,Chiapas,1,14,15
2023-01-29,Chihuahua,1,88,89
2023-01-29,Coahuila de Zaragoza,1,33,34
2023-01-29,Durango,3,24,27
2023-01-29,Guanajuato,1,60,61
2023-01-29,Hidalgo,2,9,11
2023-01-29,Jalisco,1,41,42
2023-01-29,Michoacán de Ocampo,2,62,64
2023-01-29,Morelos,2,21,23
2023-01-29,México,5,58,63
2023-01-29,Nayarit,3,13,16
2023-01-29,Nuevo León,2,208,210
2023-01-29,Puebla,1,40,41
2023-01-29,Querétaro,1,17,18
2023-01-29,Sinaloa,4,23,27
2023-01-29,Sonora,4,61,65
2023-01-29,Tabasco,2,8,10
2023-01-29,Tamaulipas,1,47,48
2023-01-29,Tlaxcala,2,2,4
2023-01-29,Veracruz de Ignacio de la Llave,2,18,20
2023-01-29,Yucatán,3,32,35
2023-01-29,Zacatecas,3,6,9
2023-01-30,Aguascalientes,1,11,12
2023-01-30,Baja California,1,27,28
2023-01-30,Baja California Sur,1,10,11
2023-01-30,Durango,4,34,38
2023-01-30,Guanajuato,2,51,53
2023-01-30,Guerrero,2,25,27
2023-01-30,Jalisco,1,45,46
2023-01-30,Nayarit,1,8,9
2023-01-30,Nuevo León,3,268,271
2023-01-30,Oaxaca,2,17,19
2023-01-30,Puebla,1,29,30
2023-01-30,Querétaro,3,18,21
2023-01-30,San Luis Potosí,4,15,19
2023-01-30,Sinaloa,2,14,16
2023-01-30,Sonora,1,73,74
2023-01-30,Tabasco,1,4,5
2023-01-30,Tamaulipas,1,37,38
2023-01-30,Tlaxcala,2,4,6
2023-01-30,Veracruz de Ignacio de la Llave,2,27,29
2023-01-30,Zacatecas,2,2,4
2023-01-31,Aguascalientes,1,14,15
2023-01-31,Baja California,1,24,25
2023-01-31,Campeche,1,19,20
2023-01-31,Chiapas,2,13,15
2023-01-31,Coahuila de Zaragoza,2,38,40
2023-01-31,Colima,1,13,14
2023-01-31,Durango,4,31,35
2023-01-31,Guanajuato,1,43,44
2023-01-31,Guerrero,1,24,25
2023-01-31,Hidalgo,1,9,10
2023-01-31,Michoacán de Ocampo,2,35,37
2023-01-31,Morelos,2,22,24
2023-01-31,México,2,37,39
2023-01-31,Oaxaca,2,14,16
2023-01-31,Puebla,1,27,28
2023-01-31,Quintana Roo,2,22,24
2023-01-31,San Luis Potosí,2,14,16
2023-01-31,Sinaloa,3,12,15
2023-01-31,Sonora,1,75,76
2023-01-31,Tabasco,1,8,9
2023-01-31,Tlaxcala,2,3,5
2023-01-31,Veracruz de Ignacio de la Llave,1,21,22
2023-01-31,Yucatán,3,16,19
2023-02-01,Aguascalientes,4,9,13
2023-02-01,Baja California,1,33,34
2023-02-01,Chiapas,1,9,10
2023-02-01,Chihuahua,2,101,103
2023-02-01,Coahuila de Zaragoza,3,41,44
2023-02-01,Durango,1,36,37
2023-02-01,Guanajuato,1,54,55
2023-02-01,Guerrero,1,22,23
2023-02-01,Hidalgo,1,15,16
2023-02-01,Jalisco,2,45,47
2023-02-01,Michoacán de Ocampo,1,54,55
2023-02-01,Morelos,1,38,39
2023-02-01,México,1,85,86
2023-02-01,Nuevo León,3,222,225
2023-02-01,Oaxaca,2,21,23
2023-02-01,Puebla,2,29,31
2023-02-01,Querétaro,4,34,38
2023-02-01,Quintana Roo,3,14,17
2023-02-01,San Luis Potosí,1,34,35
2023-02-01,Sonora,1,84,85
2023-02-01,Tabasco,3,6,9
2023-02-01,Tamaulipas,2,26,28
2023-02-01,Tlaxcala,2,15,17
2023-02-01,Veracruz de Ignacio de la Llave,1,26,27
2023-02-02,Aguascalientes,1,9,10
2023-02-02,Baja California,1,29,30
2023-02-02,Baja California Sur,3,10,13
2023-02-02,Campeche,1,16,17
2023-02-02,Chiapas,1,10,11
2023-02-02,Chihuahua,1,86,87
2023-02-02,Coahuila de Zaragoza,3,32,35
2023-02-02,Colima,3,15,18
2023-02-02,Guanajuato,1,45,46
2023-02-02,Hidalgo,1,16,17
2023-02-02,Jalisco,2,62,64
2023-02-02,Michoacán de Ocampo,1,47,48
2023-02-02,Morelos,2,20,22
2023-02-02,México,1,62,63
2023-02-02,Nuevo León,1,186,187
2023-02-02,Oaxaca,2,18,20
2023-02-02,Puebla,1,37,38
2023-02-02,Querétaro,1,25,26
2023-02-02,Quintana Roo,1,20,21
2023-02-02,Sonora,3,61,64
2023-02-02,Tabasco,1,6,7
2023-02-02,Tamaulipas,2,21,23
2023-02-02,Tlaxcala,3,9,12
2023-02-02,Yucatán,1,21,22
2023-02-03,Aguascalientes,4,11,15
2023-02-03,Baja California,2,30,32
2023-02-03,Baja California Sur,3,15,18
2023-02-03,Chiapas,2,15,17
2023-02-03,Chihuahua,1,93,94
2023-02-03,Coahuila de Zaragoza,1,41,42
2023-02-03,Durango,1,37,38
2023-02-03,Guanajuato,3,43,46
2023-02-03,Jalisco,2,42,44
2023-02-03,Michoacán de Ocampo,1,44,45
2023-02-03,Morelos,3,19,22
2023-02-03,México,2,71,73
2023-02-03,Nayarit,1,6,7
2023-02-03,Nuevo León,1,250,251
2023-02-03,Oaxaca,1,18,19
2023-02-03,Puebla,1,31,32
2023-02-03,Querétaro,2,22,24
2023-02-03,Sonora,2,82,84
2023-02-03,Tabasco,3,7,10
2023-02-03,Tamaulipas,1,29,30
2023-02-03,Tlaxcala,2,3,5
2023-02-03,Veracruz de Ignacio de la Llave,4,27,31
2023-02-03,Yucatán,1,18,19
2023-02-03,Zacatecas,1,5,6
2023-02-04,Aguascalientes,3,13,16
2023-02-04,Baja California,1,33,34
2023-02-04,Baja California Sur,3,20,23
2023-02-04,Campeche,1,11,12
2023-02-04,Chiapas,1,17,18
2023-02-04,Chihuahua,3,80,83
2023-02-04,Coahuila de Zaragoza,1,26,27
2023-02-04,Durango,4,52,56
2023-02-04,Guanajuato,3,66,69
2023-02-04,Guerrero,3,29,32
2023-02-04,Hidalgo,3,19,22
2023-02-04,Jalisco,3,50,53
2023-02-04,Michoacán de Ocampo,2,50,52
2023-02-04,Morelos,3,20,23
2023-02-04,Nayarit,1,10,11
2023-02-04,Nuevo León,5,188,193
2023-02-04,Puebla,4,32,36
2023-02-04,Querétaro,1,29,30
2023-02-04,Quintana Roo,2,17,19
2023-02-04,San Luis Potosí,2,24,26
2023-02-04,Sinaloa,2,17,19
2023-02-04,Sonora,4,82,86
2023-02-04,Tabasco,2,3,5
2023-02-04,Tamaulipas,1,41,42
2023-02-04,Tlaxcala,1,1,2
2023-02-04,Veracruz de Ignacio de la Llave,1,23,24
2023-02-04,Yucatán,1,24,25
2023-02-04,Zacatecas,2,8,10
2023-02-05,Aguascalientes,1,20,21
2023-02-05,Baja California Sur,1,19,20
2023-02-05,Campeche,1,9,10
2023-02-05,Chiapas,2,8,10
2023-02-05,Chihuahua,2,84,86
2023-02-05,Coahuila de Zaragoza,2,42,44
2023-02-05,Durango,3,42,45
2023-02-05,Hidalgo,1,16,17
2023-02-05,Jalisco,2,46,48
2023-02-05,Michoacán de Ocampo,3,58,61
2023-02-05,Morelos,3,30,33
2023-02-05,México,4,63,67
2023-02-05,Nayarit,3,12,15
2023-02-05,Nuevo León,1,137,138
2023-02-05,Puebla,2,31,33
2023-02-05,Querétaro,1,38,39
2023-02-05,Quintana Roo,1,17,18
2023-02-05,Sonora,2,68,70
2023-02-05,Tabasco,3,2,5
2023-02-05,Tamaulipas,2,48,50
2023-02-05,Veracruz de Ignacio de la Llave,4,19,23
2023-02-05,Yucatán,1,26,27
2023-02-05,Zacatecas,1,14,15
2023-02-06,Aguascalientes,1,10,11
2023-02-06,Baja California,1,25,26
2023-02-06,Baja California Sur,2,14,16
2023-02-06,Campeche,3,11,14
2023-02-06,Chiapas,3,7,10
2023-02-06,Chihuahua,2,64,66
2023-02-06,Colima,1,13,14
2023-02-06,Durango,1,30,31
2023-02-06,Guerrero,1,17,18
2023-02-06,Hidalgo,3,14,17
2023-02-06,Jalisco,4,28,32
2023-02-06,Michoacán de Ocampo,1,40,41
2023-02-06,Morelos,2,25,27
2023-02-06,México,1,55,56
2023-02-06,Nuevo León,2,135,137
2023-02-06,Puebla,2,20,22
2023-02-06,Querétaro,3,26,29
2023-02-06,Quintana Roo,1,16,17
2023-02-06,San Luis Potosí,1,16,17
2023-02-06,Sinaloa,1,18,19
2023-02-06,Tabasco,1,9,10
2023-02-06,Tamaulipas,3,32,35
2023-02-06,Yucatán,3,24,27
2023-02-06,Zacatecas,1,5,6
2023-02-07,Campeche,1,14,15
2023-02-07,Chihuahua,2,85,87
2023-02-07,Coahuila de Zaragoza,1,32,33
2023-02-07,Colima,1,20,21
2023-02-07,Durango,2,35,37
2023-02-07,Guanajuato,1,56,57
2023-02-07,Guerrero,2,33,35
2023-02-07,Hidalgo,1,13,14
2023-02-07,Jalisco,1,46,47
2023-02-07,Michoacán de Ocampo,2,48,50
2023-02-07,Morelos,3,22,25
2023-02-07,Oaxaca,3,9,12
2023-02-07,Querétaro,1,20,21
2023-02-07,San Luis Potosí,2,11,13
2023-02-07,Sinaloa,5,23,28
2023-02-07,Sonora,4,80,84
2023-02-07,Tlaxcala,2,5,7
2023-02-07,Veracruz de Ignacio de la Llave,3,35,38
2023-02-07,Yucatán,1,29,30
2023-02-08,Aguascalientes,2,11,13
2023-02-08,Campeche,2,17,19
2023-02-08,Chiapas,1,20,21
2023-02-08,Chihuahua,3,77,80
2023-02-08,Coahuila de Zaragoza,1,30,31
2023-02-08,Guerrero,1,20,21
2023-02-08,Hidalgo,2,8,10
2023-02-08,Morelos,2,19,21
2023-02-08,México,2,59,61
2023-02-08,Nayarit,2,4,6
2023-02-08,Nuevo León,2,194,196
2023-02-08,Oaxaca,1,12,13
2023-02-08,Querétaro,1,21,22
2023-02-08,San Luis Potosí,1,16,17
2023-02-08,Sonora,1,72,73
2023-02-08,Tabasco,2,7,9
2023-02-08,Tamaulipas,2,28,30
2023-02-08,Tlaxcala,2,5,7
2023-02-09,Baja California,2,41,43
2023-02-09,Baja California Sur,2,13,15
2023-02-09,Campeche,1,13,14
2023-02-09,Coahuila de Zaragoza,3,26,29
2023-02-09,Colima,1,10,11
2023-02-09,Durango,2,37,39
2023-02-09,Guanajuato,1,42,43
2023-02-09,Guerrero,2,26,28
2023-02-09,Hidalgo,1,18,19
2023-02-09,Jalisco,1,36,37
2023-02-09,Michoacán de Ocampo,1,48,49
2023-02-09,Morelos,3,22,25
2023-02-09,México,3,61,64
2023-02-09,Nayarit,2,5,7
2023-02-09,Nuevo León,2,213,215
2023-02-09,Oaxaca,2,11,13
2023-02-09,Quintana Roo,3,16,19
2023-02-09,San Luis Potosí,1,23,24
2023-02-09,Sinaloa,1,16,17
2023-02-09,Sonora,3,75,78
2023-02-09,Tamaulipas,1,38,39
2023-02-09,Tlaxcala,3,4,7
2023-02-09,Yucatán,1,23,24
2023-02-09,Zacatecas,2,10,12
2023-02-10,Baja California,1,24,25
2023-02-10,Baja California Sur,2,19,21
2023-02-10,Campeche,2,15,17
2023-02-10,Chiapas,1,19,20
2023-02-10,Chihuahua,2,112,114
2023-02-10,Durango,4,29,33
2023-02-10,Guanajuato,4,38,42
2023-02-10,Guerrero,3,31,34
2023-02-10,Jalisco,2,58,60
2023-02-10,Michoacán de Ocampo,2,48,50
2023-02-10,México,3,67,70
2023-02-10,Nuevo León,1,227,228
2023-02-10,Oaxaca,1,14,15
2023-02-10,Puebla,1,39,40
2023-02-10,Querétaro,2,23,25
2023-02-10,Quintana Roo,1,23,24
2023-02-10,San Luis Potosí,2,16,18
2023-02-10,Sinaloa,3,20,23
2023-02-10,Sonora,2,60,62
2023-02-10,Tabasco,4,2,6
2023-02-10,Tlaxcala,3,5,8
2023-02-10,Veracruz de Ignacio de la Llave,3,32,35
2023-02-10,Zacatecas,2,9,11
2023-02-11,Aguascalientes,4,16,20
2023-02-11,Baja California,1,32,33
2023-02-11,Baja California Sur,1,18,19
2023-02-11,Chiapas,1,16,17
2023-02-11,Coahuila de Zaragoza,1,34,35
2023-02-11,Colima,2,18,20
2023-02-11,Durango,2,29,31
2023-02-11,Guanajuato,1,72,73
2023-02-11,Guerrero,4,25,29
2023-02-11,Hidalgo,2,16,18
2023-02-11,Jalisco,1,66,67
2023-02-11,Michoacán de Ocampo,2,43,45
2023-02-11,Nayarit,3,9,12
2023-02-11,Nuevo León,1,223,224
2023-02-11,Oaxaca,2,9,11
2023-02-11,Puebla,2,31,33
2023-02-11,Querétaro,2,38,40
2023-02-11,Quintana Roo,1,19,20
2023-02-11,Sinaloa,2,22,24
2023-02-11,Sonora,1,62,63
2023-02-11,Tabasco,3,9,12
2023-02-11,Tamaulipas,6,46,52
2023-02-11,Tlaxcala,3,9,12
2023-02-11,Veracruz de Ignacio de la Llave,3,28,31
2023-02-11,Yucatán,1,34,35
2023-02-11,Zacatecas,2,10,12
2023-02-12,Baja California,1,35,36
2023-02-12,Baja California Sur,3,21,24
2023-02-12,Campeche,2,12,14
2023-02-12,Chiapas,1,13,14
2023-02-12,Chihuahua,1,66,67
2023-02-12,Coahuila de Zaragoza,1,28,29
2023-02-12,Colima,2,17,19
2023-02-12,Durango,1,25,26
2023-02-12,Hidalgo,3,17,20
2023-02-12,Michoacán de Ocampo,2,51,53
2023-02-12,Morelos,1,32,33
2023-02-12,México,1,51,52
2023-02-12,Nayarit,2,5,7
2023-02-12,Oaxaca,5,16,21
2023-02-12,Puebla,5,33,38
2023-02-12,Querétaro,5,23,28
2023-02-12,Quintana Roo,1,28,29
2023-02-12,San Luis Potosí,2,22,24
2023-02-12,Sinaloa,2,24,26
2023-02-12,Sonora,1,62,63
2023-02-12,Tabasco,1,3,4
2023-02-12,Tamaulipas,3,50,53
2023-02-12,Tlaxcala,3,4,7
2023-02-12,Veracruz de Ignacio de la Llave,3,10,13
2023-02-12,Yucatán,2,31,33
2023-02-12,Zacatecas,1,11,12
2023-02-13,Aguascalientes,1,6,7
2023-02-13,Baja California,3,31,34
2023-02-13,Baja California Sur,3,18,21
2023-02-13,Chiapas,1,14,15
2023-02-13,Chihuahua,2,95,97
2023-02-13,Coahuila de Zaragoza,1,39,40
2023-02-13,Colima,2,13,15
2023-02-13,Guanajuato,2,41,43
2023-02-13,Hidalgo,2,13,15
2023-02-13,Jalisco,2,44,46
2023-02-13,Michoacán de Ocampo,2,44,46
2023-02-13,Morelos,2,30,32
2023-02-13,México,1,53,54
2023-02-13,Nayarit,3,8,11
2023-02-13,Oaxaca,1,18,19
2023-02-13,Puebla,2,43,45
2023-02-13,Quintana Roo,2,17,19
2023-02-13,San Luis Potosí,2,19,21
2023-02-13,Sonora,1,96,97
2023-02-13,Tabasco,2,12,14
2023-02-13,Tamaulipas,1,44,45
2023-02-13,Tlaxcala,1,11,12
2023-02-13,Veracruz de Ignacio de la Llave,1,39,40
2023-02-13,Yucatán,2,31,33
2023-02-13,Zacatecas,2,10,12
2023-02-14,Aguascalientes,1,12,13
2023-02-14,Baja California,1,20,21
2023-02-14,Campeche,1,20,21
2023-02-14,Colima,2,22,24
2023-02-14,Durango,2,37,39
2023-02-14,Guanajuato,1,64,65
2023-02-14,Guerrero,2,24,26
2023-02-14,Hidalgo,3,15,18
2023-02-14,Jalisco,2,29,31
2023-02-14,Michoacán de Ocampo,2,61,63
2023-02-14,México,2,64,66
2023-02-14,Nuevo León,3,287,290
2023-02-14,Oaxaca,2,12,14
2023-02-14,Quintana Roo,1,15,16
2023-02-14,San Luis Potosí,3,24,27
2023-02-14,Sinaloa,2,26,28
2023-02-14,Sonora,1,89,90
2023-02-14,Tabasco,1,3,4
2023-02-14,Tamaulipas,2,48,50
2023-02-14,Tlaxcala,2,8,10
2023-02-14,Veracruz de Ignacio de la Llave,2,38,40
2023-02-14,Yucatán,1,24,25
2023-02-15,Aguascalientes,1,9,10
2023-02-15,Baja California,1,34,35
2023-02-15,Baja California Sur,1,19,20
2023-02-15,Chiapas,1,16,17
2023-02-15,Chihuahua,4,69,73
2023-02-15,Guanajuato,1,62,63
2023-02-15,Guerrero,1,17,18
2023-02-15,Hidalgo,1,31,32
2023-02-15,México,3,67,70
2023-02-15,Nayarit,1,7,8
2023-02-15,Oaxaca,1,8,9
2023-02-15,Puebla,5,37,42
2023-02-15,Querétaro,3,22,25
2023-02-15,Quintana Roo,3,17,20
2023-02-15,San Luis Potosí,1,18,19
2023-02-15,Sinaloa,2,19,21
2023-02-15,Sonora,2,44,46
2023-02-15,Tlaxcala,3,2,5
2023-02-15,Veracruz de Ignacio de la Llave,4,31,35
2023-02-15,Yucatán,1,16,17
2023-02-15,Zacatecas,4,7,11
2023-02-16,Aguascalientes,1,9,10
2023-02-16,Baja California,2,31,33
2023-02-16,Baja California Sur,2,16,18
2023-02-16,Campeche,2,12,14
2023-02-16,Chiapas,2,9,11
2023-02-16,Chihuahua,4,79,83
2023-02-16,Coahuila de Zaragoza,2,39,41
2023-02-16,Colima,2,24,26
2023-02-16,Durango,4,27,31
2023-02-16,Guanajuato,1,51,52
2023-02-16,Guerrero,4,27,31
2023-02-16,Jalisco,1,38,39
2023-02-16,Morelos,3,36,39
2023-02-16,Nayarit,2,9,11
2023-02-16,Nuevo León,1,228,229
2023-02-16,Oaxaca,2,22,24
2023-02-16,Puebla,1,42,43
2023-02-16,Querétaro,1,27,28
2023-02-16,Quintana Roo,1,27,28
2023-02-16,San Luis Potosí,1,20,21
2023-02-16,Sinaloa,2,18,20
2023-02-16,Sonora,2,70,72
2023-02-16,Tabasco,3,4,7
2023-02-16,Tamaulipas,1,41,42
2023-02-16,Veracruz de Ignacio de la Llave,3,26,29
2023-02-16,Yucatán,2,20,22
2023-02-17,Baja California,2,26,28
2023-02-17,Baja California Sur,2,12,14
2023-02-17,Campeche,1,21,22
2023-02-17,Chihuahua,4,75,79
2023-02-17,Coahuila de Zaragoza,1,43,44
2023-02-17,Jalisco,1,41,42
2023-02-17,Michoacán de Ocampo,4,49,53
2023-02-17,México,1,76,77
2023-02-17,Nuevo León,2,251,253
2023-02-17,Oaxaca,1,22,23
2023-02-17,Puebla,3,26,29
2023-02-17,Querétaro,2,33,35
2023-02-17,Quintana Roo,1,16,17
2023-02-17,San Luis Potosí,3,22,25
2023-02-17,Sinaloa,1,26,27
2023-02-17,Tamaulipas,1,44,45
2023-02-17,Tlaxcala,1,9,10
2023-02-17,Veracruz de Ignacio de la Llave,1,19,20
2023-02-17,Zacatecas,2,4,6
2023-02-18,Aguascalientes,1,21,22
2023-02-18,Campeche,3,15,18
2023-02-18,Chiapas,1,12,13
2023-02-18,Chihuahua,2,99,101
2023-02-18,Coahuila de Zaragoza,4,26,30
2023-02-18,Colima,3,19,22
2023-02-18,Durango,2,45,47
2023-02-18,Guanajuato,2,50,52
2023-02-18,Guerrero,1,31,32
2023-02-18,Hidalgo,3,20,23
2023-02-18,Jalisco,1,37,38
2023-02-18,Michoacán de Ocampo,3,65,68
2023-02-18,Morelos,1,37,38
2023-02-18,México,1,66,67
2023-02-18,Nuevo León,3,213,216
2023-02-18,Querétaro,2,28,30
2023-02-18,Quintana Roo,2,20,22
2023-02-18,Sinaloa,1,24,25
2023-02-18,Sonora,2,74,76
2023-02-18,Tabasco,4,10,14
2023-02-18,Veracruz de Ignacio de la Llave,2,16,18
2023-02-18,Zacatecas,4,6,10
2023-02-19,Aguascalientes,4,17,21
2023-02-19,Baja California,2,33,35
2023-02-19,Baja California Sur,2,24,26
2023-02-19,Campeche,1,9,10
2023-02-19,Chiapas,1,17,18
2023-02-19,Chihuahua,1,70,71
2023-02-19,Coahuila de Zaragoza,2,43,45
2023-02-19,Colima,2,19,21
2023-02-19,Durango,2,33,35
2023-02-19,Guerrero,2,21,23
2023-02-19,Hidalgo,2,10,12
2023-02-19,Jalisco,3,35,38
2023-02-19,Michoacán de Ocampo,1,47,48
2023-02-19,Morelos,2,27,29
2023-02-19,México,1,55,56
2023-02-19,Nayarit,3,13,16
2023-02-19,Nuevo León,3,170,173
2023-02-19,Oaxaca,2,21,23
2023-02-19,Puebla,2,21,23
2023-02-19,Quintana Roo,5,19,24
2023-02-19,San Luis Potosí,1,26,27
2023-02-19,Sonora,4,71,75
2023-02-19,Tabasco,1,13,14
2023-02-19,Tlaxcala,5,5,10
2023-02-19,Veracruz de Ignacio de la Llave,1,16,17
2023-02-19,Yucatán,1,24,25
2023-02-19,Zacatecas,1,7,8
2023-02-20,Aguascalientes,1,7,8
2023-02-20,Baja California,2,41,43
2023-02-20,Baja California Sur,4,25,29
2023-02-20,Chiapas,1,16,17
2023-02-20,Chihuahua,2,76,78
2023-02-20,Coahuila de Zaragoza,1,34,35
2023-02-20,Durango,3,41,44
2023-02-20,Guanajuato,4,53,57
2023-02-20,Guerrero,4,32,36
2023-02-20,Hidalgo,2,11,13
2023-02-20,Jalisco,2,56,58
2023-02-20,Michoacán de Ocampo,1,53,54
2023-02-20,Morelos,2,21,23
2023-02-20,México,2,69,71
2023-02-20,Nayarit,1,1,2
2023-02-20,Nuevo León,4,277,281
2023-02-20,Oaxaca,1,17,18
2023-02-20,Puebla,1,35,36
2023-02-20,Querétaro,4,33,37
2023-02-20,Quintana Roo,1,17,18
2023-02-20,San Luis Potosí,1,17,18
2023-02-20,Sonora,2,89,91
2023-02-20,Tamaulipas,2,42,44
2023-02-20,Tlaxcala,1,2,3
2023-02-20,Veracruz de Ignacio de la Llave,1,38,39
2023-02-20,Yucatán,1,22,23
2023-02-20,Zacatecas,2,7,9
2023-02-21,Aguascalientes,2,10,12
2023-02-21,Baja California Sur,1,22,23
2023-02-21,Campeche,3,25,28
2023-02-21,Chiapas,2,14,16
2023-02-21,Chihuahua,1,72,73
2023-02-21,Coahuila de Zaragoza,3,37,40
2023-02-21,Colima,2,13,15
2023-02-21,Durango,1,34,35
2023-02-21,Guanajuato,3,41,44
2023-02-21,Hidalgo,2,11,13
2023-02-21,Jalisco,1,29,30
2023-02-21,Morelos,5,18,23
2023-02-21,Nayarit,1,8,9
2023-02-21,Oaxaca,1,12,13
2023-02-21,Puebla,1,33,34
2023-02-21,Querétaro,1,21,22
2023-02-21,Quintana Roo,2,10,12
2023-02-21,San Luis Potosí,2,16,18
2023-02-21,Sinaloa,1,25,26
2023-02-21,Sonora,1,74,75
2023-02-21,Tabasco,1,4,5
2023-02-21,Tamaulipas,1,35,36
2023-02-21,Tlaxcala,2,3,5
2023-02-21,Yucatán,1,23,24
2023-02-21,Zacatecas,2,6,8
2023-02-22,Aguascalientes,3,10,13
2023-02-22,Baja California,1,31,32
2023-02-22,Chiapas,1,11,12
2023-02-22,Chihuahua,1,70,71
2023-02-22,Coahuila de Zaragoza,1,28,29
2023-02-22,Colima,2,31,33
2023-02-22,Durango,2,40,42
2023-02-22,Guerrero,1,17,18
2023-02-22,Hidalgo,2,12,14
2023-02-22,Jalisco,1,28,29
2023-02-22,Michoacán de Ocampo,1,46,47
2023-02-22,Morelos,2,19,21
2023-02-22,México,1,54,55
2023-02-22,Nayarit,1,5,6
2023-02-22,Puebla,1,33,34
2023-02-22,Quintana Roo,1,16,17
2023-02-22,San Luis Potosí,2,16,18
2023-02-22,Sinaloa,2,17,19
2023-02-22,Sonora,1,57,58
2023-02-22,Tabasco,1,7,8
2023-02-22,Tlaxcala,1,7,8
2023-02-22,Veracruz de Ignacio de la Llave,3,19,22
2023-02-22,Yucatán,4,27,31
2023-02-23,Aguascalientes,1,9,10
2023-02-23,Baja California,1,34,35
2023-02-23,Baja California Sur,1,15,16
2023-02-23,Campeche,1,13,14
2023-02-23,Chiapas,1,10,11
2023-02-23,Chihuahua,1,78,79
2023-02-23,Colima,2,12,14
2023-02-23,Guanajuato,1,45,46
2023-02-23,Guerrero,3,22,25
2023-02-23,Jalisco,1,34,35
2023-02-23,Michoacán de Ocampo,1,46,47
2023-02-23,Morelos,2,26,28
2023-02-23,México,1,57,58
2023-02-23,Nayarit,3,8,11
2023-02-23,Nuevo León,1,261,262
2023-02-23,Oaxaca,5,11,16
2023-02-23,Puebla,2,35,37
2023-02-23,Querétaro,1,24,25
2023-02-23,Quintana Roo,2,15,17
2023-02-23,Sinaloa,2,13,15
2023-02-23,Sonora,2,64,66
2023-02-23,Tabasco,2,5,7
2023-02-23,Tamaulipas,2,30,32
2023-02-23,Veracruz de Ignacio de la Llave,1,37,38
2023-02-23,Yucatán,1,29,30
2023-02-23,Zacatecas,2,5,7
2023-02-24,Baja California,1,30,31
2023-02-24,Chihuahua,2,66,68
2023-02-24,Coahuila de Zaragoza,1,23,24
2023-02-24,Colima,3,26,29
2023-02-24,Durango,2,34,36
2023-02-24,Guanajuato,3,35,38
2023-02-24,Hidalgo,1,11,12
2023-02-24,Jalisco,1,45,46
2023-02-24,México,1,68,69
2023-02-24,Nuevo León,1,248,249
2023-02-24,Querétaro,2,21,23
2023-02-24,Quintana Roo,3,19,22
2023-02-24,Sinaloa,2,15,17
2023-02-24,Sonora,1,60,61
2023-02-24,Tamaulipas,3,50,53
2023-02-24,Tlaxcala,2,5,7
2023-02-24,Yucatán,1,16,17
2023-02-25,Aguascalientes,2,21,23
2023-02-25,Baja California,5,30,35
2023-02-25,Baja California Sur,1,15,16
2023-02-25,Campeche,1,7,8
2023-02-25,Chiapas,1,14,15
2023-02-25,Coahuila de Zaragoza,1,34,35
2023-02-25,Colima,1,21,22
2023-02-25,Guanajuato,2,61,63
2023-02-25,Guerrero,1,15,16
2023-02-25,Hidalgo,1,18,19
2023-02-25,Michoacán de Ocampo,1,59,60
2023-02-25,Morelos,1,23,24
2023-02-25,México,1,63,64
2023-02-25,Nuevo León,1,263,264
2023-02-25,Oaxaca,2,14,16
2023-02-25,Querétaro,2,32,34
2023-02-25,San Luis Potosí,2,19,21
2023-02-25,Sinaloa,2,22,24
2023-02-25,Sonora,1,61,62
2023-02-25,Tabasco,1,4,5
2023-02-25,Tamaulipas,2,51,53
2023-02-25,Tlaxcala,1,1,2
2023-02-25,Yucatán,1,35,36
2023-02-25,Zacatecas,1,6,7
2023-02-26,Aguascalientes,2,27,29
2023-02-26,Baja California,1,23,24
2023-02-26,Campeche,2,12,14
2023-02-26,Chiapas,4,17,21
2023-02-26,Coahuila de Zaragoza,1,32,33
2023-02-26,Colima,2,19,21
2023-02-26,Durango,1,42,43
2023-02-26,Guanajuato,2,70,72
2023-02-26,Guerrero,1,22,23
2023-02-26,Hidalgo,4,13,17
2023-02-26,Jalisco,3,30,33
2023-02-26,Michoacán de Ocampo,1,54,55
2023-02-26,Morelos,2,35,37
2023-02-26,México,4,48,52
2023-02-26,Nayarit,2,10,12
2023-02-26,Nuevo León,3,181,184
2023-02-26,Oaxaca,2,14,16
2023-02-26,San Luis Potosí,2,21,23
2023-02-26,Sonora,2,61,63
2023-02-26,Tabasco,1,9,10
2023-02-26,Tlaxcala,1,2,3
2023-02-26,Veracruz de Ignacio de la Llave,1,25,26
2023-02-26,Yucatán,2,27,29
2023-02-26,Zacatecas,1,7,8
2023-02-27,Baja California Sur,1,18,19
2023-02-27,Coahuila de Zaragoza,1,41,42
2023-02-27,Colima,1,11,12
2023-02-27,Durango,1,29,30
2023-02-27,Guanajuato,2,49,51
2023-02-27,Guerrero,2,21,23
2023-02-27,Hidalgo,1,12,13
2023-02-27,Morelos,1,26,27
2023-02-27,Nayarit,1,3,4
2023-02-27,Nuevo León,1,288,289
2023-02-27,Oaxaca,1,10,11
2023-02-27,Puebla,1,50,51
2023-02-27,Querétaro,2,24,26
2023-02-27,Quintana Roo,3,11,14
2023-02-27,San Luis Potosí,1,15,16
2023-02-27,Sinaloa,2,20,22
2023-02-27,Sonora,2,89,91
2023-02-27,Tabasco,3,10,13
2023-02-27,Tamaulipas,1,29,30
2023-02-27,Tlaxcala,2,4,6
2023-02-27,Veracruz de Ignacio de la Llave,3,27,30
2023-02-27,Yucatán,2,33,35
2023-02-27,Zacatecas,1,8,9
2023-02-28,Aguascalientes,1,15,16
2023-02-28,Baja California,1,29,30
2023-02-28,Baja California Sur,3,13,16
2023-02-28,Campeche,1,17,18
2023-02-28,Coahuila de Zaragoza,1,48,49
2023-02-28,Colima,2,17,19
2023-02-28,Durango,2,30,32
2023-02-28,Guanajuato,2,38,40
2023-02-28,Guerrero,1,43,44
2023-02-28,Hidalgo,2,71,73
2023-02-28,Jalisco,2,100,102
2023-02-28,Michoacán de Ocampo,1,60,61
2023-02-28,México,1,49,50
2023-02-28,Nayarit,1,10,11
2023-02-28,Nuevo León,2,291,293
2023-02-28,Oaxaca,2,536,538
2023-02-28,Puebla,3,171,174
2023-02-28,San Luis Potosí,2,56,58
2023-02-28,Sonora,2,118,120
2023-02-28,Tabasco,3,5,8
2023-02-28,Tamaulipas,1,46,47
2023-02-28,Tlaxcala,2,38,40
2023-03-01,Aguascalientes,2,16,18
2023-03-01,Baja California,4,21,25
2023-03-01,Campeche,1,22,23
2023-03-01,Chiapas,3,12,15
2023-03-01,Chihuahua,2,86,88
2023-03-01,Coahuila de Zaragoza,3,47,50
2023-03-01,Colima,1,32,33
2023-03-01,Durango,1,37,38
2023-03-01,Guanajuato,1,47,48
2023-03-01,Hidalgo,2,12,14
2023-03-01,Jalisco,3,30,33
2023-03-01,Michoacán de Ocampo,1,54,55
2023-03-01,Morelos,1,25,26
2023-03-01,México,3,89,92
2023-03-01,Nuevo León,2,260,262
2023-03-01,Oaxaca,1,32,33
2023-03-01,Puebla,2,43,45
2023-03-01,San Luis Potosí,1,15,16
2023-03-01,Sinaloa,2,68,70
2023-03-01,Sonora,1,88,89
2023-03-01,Tabasco,2,4,6
2023-03-01,Tamaulipas,4,60,64
2023-03-01,Veracruz de Ignacio de la Llave,1,36,37
2023-03-01,Yucatán,1,27,28
2023-03-02,Aguascalientes,2,15,17
2023-03-02,Baja California,1,32,33
2023-03-02,Baja California Sur,1,11,12
2023-03-02,Campeche,2,7,9
2023-03-02,Chiapas,4,13,17
2023-03-02,Chihuahua,1,75,76
2023-03-02,Colima,1,10,11
2023-03-02,Durango,1,33,34
2023-03-02,Guanajuato,1,45,46
2023-03-02,Guerrero,2,19,21
2023-03-02,Jalisco,3,37,40
2023-03-02,Michoacán de Ocampo,2,40,42
2023-03-02,Nayarit,1,8,9
2023-03-02,Nuevo León,1,255,256
2023-03-02,Oaxaca,2,19,21
2023-03-02,Puebla,4,36,40
2023-03-02,Querétaro,2,19,21
2023-03-02,Quintana Roo,1,27,28
2023-03-02,San Luis Potosí,1,27,28
2023-03-02,Sinaloa,1,21,22
2023-03-02,Sonora,1,75,76
2023-03-02,Tabasco,1,7,8
2023-03-02,Tamaulipas,1,42,43
2023-03-02,Tlaxcala,1,2,3
2023-03-02,Veracruz de Ignacio de la Llave,3,38,41
2023-03-02,Yucatán,2,22,24
2023-03-03,Aguascalientes,1,7,8
2023-03-03,Baja California,1,18,19
2023-03-03,Baja California Sur,2,19,21
2023-03-03,Campeche,3,22,25
2023-03-03,Chiapas,2,15,17
2023-03-03,Chihuahua,3,103,106
2023-03-03,Coahuila de Zaragoza,1,49,50
2023-03-03,Durango,3,50,53
2023-03-03,Guanajuato,3,51,54
2023-03-03,Guerrero,1,29,30
2023-03-03,Hidalgo,2,6,8
2023-03-03,Michoacán de Ocampo,3,48,51
2023-03-03,México,2,86,88
2023-03-03,Nayarit,2,16,18
2023-03-03,Oaxaca,1,22,23
2023-03-03,Puebla,1,40,41
2023-03-03,Querétaro,1,33,34
2023-03-03,Quintana Roo,1,19,20
2023-03-03,San Luis Potosí,4,19,23
2023-03-03,Sonora,1,89,90
2023-03-03,Tabasco,2,4,6
2023-03-03,Tamaulipas,2,47,49
2023-03-03,Tlaxcala,1,4,5
2023-03-03,Veracruz de Ignacio de la Llave,1,31,32
2023-03-03,Zacatecas,2,5,7
2023-03-04,Aguascalientes,2,15,17
2023-03-04,Baja California,2,44,46
2023-03-04,Baja California Sur,1,23,24
2023-03-04,Campeche,1,19,20
2023-03-04,Chiapas,2,12,14
2023-03-04,Chihuahua,3,92,95
2023-03-04,Coahuila de Zaragoza,1,39,40
2023-03-04,Colima,1,15,16
2023-03-04,Durango,1,43,44
2023-03-04,Hidalgo,1,12,13
2023-03-04,Jalisco,3,34,37
2023-03-04,Michoacán de Ocampo,1,45,46
2023-03-04,Morelos,2,27,29
2023-03-04,México,1,74,75
2023-03-04,Nayarit,1,11,12
2023-03-04,Nuevo León,1,205,206
2023-03-04,Oaxaca,3,19,22
2023-03-04,Puebla,2,40,42
2023-03-04,Querétaro,1,33,34
2023-03-04,Quintana Roo,2,23,25
2023-03-04,San Luis Potosí,2,22,24
2023-03-04,Sinaloa,1,23,24
2023-03-04,Tabasco,1,13,14
2023-03-04,Veracruz de Ignacio de la Llave,1,38,39
2023-03-04,Yucatán,1,32,33
2023-03-04,Zacatecas,4,5,9
2023-03-05,Baja California,2,26,28
2023-03-05,Baja California Sur,1,22,23
2023-03-05,Campeche,1,11,12
2023-03-05,Chiapas,1,12,13
2023-03-05,Chihuahua,3,92,95
2023-03-05,Coahuila de Zaragoza,4,42,46
2023-03-05,Colima,2,26,28
2023-03-05,Durango,2,31,33
2023-03-05,Guanajuato,1,69,70
2023-03-05,Guerrero,1,24,25
2023-03-05,Hidalgo,2,15,17
2023-03-05,Jalisco,3,38,41
2023-03-05,Michoacán de Ocampo,1,45,46
2023-03-05,Morelos,3,34,37
2023-03-05,México,1,55,56
2023-03-05,Nayarit,2,12,14
2023-03-05,Oaxaca,2,15,17
2023-03-05,Puebla,2,30,32
2023-03-05,Querétaro,2,38,40
2023-03-05,Quintana Roo,2,16,18
2023-03-05,Sinaloa,5,31,36
2023-03-05,Tabasco,3,9,12
2023-03-05,Tamaulipas,2,54,56
2023-03-05,Tlaxcala,2,7,9
2023-03-05,Veracruz de Ignacio de la Llave,3,18,21
2023-03-05,Zacatecas,2,8,10
2023-03-06,Baja California,2,39,41
2023-03-06,Baja California Sur,4,21,25
2023-03-06,Campeche,1,16,17
2023-03-06,Chiapas,1,7,8
2023-03-06,Chihuahua,2,91,93
2023-03-06,Coahuila de Zaragoza,2,29,31
2023-03-06,Colima,2,25,27
2023-03-06,Durango,1,28,29
2023-03-06,Guerrero,3,27,30
2023-03-06,Hidalgo,3,16,19
2023-03-06,Jalisco,2,27,29
2023-03-06,Michoacán de Ocampo,1,52,53
2023-03-06,Morelos,1,26,27
2023-03-06,Oaxaca,4,16,20
2023-03-06,Puebla,3,34,37
2023-03-06,Querétaro,2,25,27
2023-03-06,San Luis Potosí,2,13,15
2023-03-06,Sinaloa,3,23,26
2023-03-06,Sonora,4,76,80
2023-03-06,Tamaulipas,1,38,39
2023-03-06,Tlaxcala,2,2,4
2023-03-06,Veracruz de Ignacio de la Llave,1,37,38
2023-03-06,Yucatán,3,17,20
2023-03-06,Zacatecas,2,5,7
2023-03-07,Aguascalientes,4,10,14
2023-03-07,Baja California,1,24,25
2023-03-07,Baja California Sur,2,17,19
2023-03-07,Campeche,3,11,14
2023-03-07,Chihuahua,2,70,72
2023-03-07,Coahuila de Zaragoza,1,40,41
2023-03-07,Durango,3,25,28
2023-03-07,Guanajuato,4,34,38
2023-03-07,Hidalgo,2,8,10
2023-03-07,Jalisco,2,37,39
2023-03-07,Michoacán de Ocampo,2,47,49
2023-03-07,Morelos,3,28,31
2023-03-07,México,3,62,65
2023-03-07,Nayarit,1,10,11
2023-03-07,Nuevo León,1,219,220
2023-03-07,Oaxaca,2,16,18
2023-03-07,Puebla,3,37,40
2023-03-07,Querétaro,1,32,33
2023-03-07,Quintana Roo,3,20,23
2023-03-07,San Luis Potosí,2,13,15
2023-03-07,Sinaloa,1,25,26
2023-03-07,Tlaxcala,3,2,5
2023-03-07,Veracruz de Ignacio de la Llave,3,42,45
2023-03-07,Yucatán,3,19,22
2023-03-07,Zacatecas,3,8,11
2023-03-08,Baja California,5,25,30
2023-03-08,Baja California Sur,3,15,18
2023-03-08,Chihuahua,1,63,64
2023-03-08,Colima,2,13,15
2023-03-08,Durango,4,28,32
2023-03-08,Guerrero,2,16,18
2023-03-08,Hidalgo,1,10,11
2023-03-08,Jalisco,1,35,36
2023-03-08,Michoacán de Ocampo,2,53,55
2023-03-08,Morelos,1,26,27
2023-03-08,Nayarit,2,7,9
2023-03-08,Nuevo León,3,222,225
2023-03-08,Oaxaca,3,20,23
2023-03-08,Puebla,1,25,26
2023-03-08,Querétaro,3,16,19
2023-03-08,Quintana Roo,1,19,20
2023-03-08,San Luis Potosí,1,23,24
2023-03-08,Sinaloa,1,17,18
2023-03-08,Sonora,1,64,65
2023-03-08,Tabasco,3,6,9
2023-03-08,Tamaulipas,2,33,35
2023-03-08,Tlaxcala,1,4,5
2023-03-08,Veracruz de Ignacio de la Llave,1,20,21
2023-03-08,Zacatecas,3,4,7
2023-03-09,Baja California,1,30,31
2023-03-09,Baja California Sur,2,17,19
2023-03-09,Campeche,1,17,18
2023-03-09,Chiapas,1,10,11
2023-03-09,Chihuahua,1,75,76
2023-03-09,Colima,2,19,21
2023-03-09,Durango,1,37,38
2023-03-09,Guanajuato,2,39,41
2023-03-09,Guerrero,2,24,26
2023-03-09,Hidalgo,4,8,12
2023-03-09,Michoacán de Ocampo,1,41,42
2023-03-09,Morelos,3,20,23
2023-03-09,México,1,52,53
2023-03-09,Nayarit,1,12,13
2023-03-09,Nuevo León,1,201,202
2023-03-09,Oaxaca,2,13,15
2023-03-09,Puebla,1,23,24
2023-03-09,Querétaro,4,23,27
2023-03-09,Quintana Roo,3,27,30
2023-03-09,San Luis Potosí,1,16,17
2023-03-09,Tabasco,3,6,9
2023-03-09,Tlaxcala,2,1,3
2023-03-09,Veracruz de Ignacio de la Llave,2,15,17
2023-03-09,Zacatecas,1,5,6
2023-03-10,Aguascalientes,3,10,13
2023-03-10,Baja California,2,43,45
2023-03-10,Campeche,1,21,22
2023-03-10,Chiapas,2,16,18
2023-03-10,Chihuahua,2,85,87
2023-03-10,Coahuila de Zaragoza,2,31,33
2023-03-10,Colima,1,21,22
2023-03-10,Durango,2,24,26
2023-03-10,Guerrero,2,32,34
2023-03-10,Jalisco,1,50,51
2023-03-10,Michoacán de Ocampo,3,46,49
2023-03-10,Morelos,2,32,34
2023-03-10,Nayarit,2,8,10
2023-03-10,Oaxaca,1,18,19
2023-03-10,Puebla,1,34,35
2023-03-10,Querétaro,4,24,28
2023-03-10,Quintana Roo,2,15,17
2023-03-10,Sinaloa,1,15,16
2023-03-10,Tabasco,3,7,10
2023-03-10,Tamaulipas,2,52,54
2023-03-10,Tlaxcala,3,4,7
2023-03-10,Yucatán,1,28,29
2023-03-11,Aguascalientes,1,17,18
2023-03-11,Baja California,4,37,41
2023-03-11,Campeche,4,10,14
2023-03-11,Chiapas,3,6,9
2023-03-11,Chihuahua,4,88,92
2023-03-11,Coahuila de Zaragoza,1,34,35
2023-03-11,Durango,3,40,43
2023-03-11,Guanajuato,2,60,62
2023-03-11,Guerrero,1,22,23
2023-03-11,Jalisco,3,50,53
2023-03-11,Michoacán de Ocampo,1,63,64
2023-03-11,Morelos,2,26,28
2023-03-11,Nuevo León,1,221,222
2023-03-11,Puebla,1,45,46
2023-03-11,Querétaro,1,31,32
2023-03-11,Quintana Roo,2,25,27
2023-03-11,San Luis Potosí,2,18,20
2023-03-11,Sinaloa,2,44,46
2023-03-11,Sonora,1,80,81
2023-03-11,Tabasco,2,8,10
2023-03-11,Tamaulipas,3,41,44
2023-03-11,Tlaxcala,1,3,4
2023-03-11,Veracruz de Ignacio de la Llave,1,35,36
2023-03-11,Yucatán,1,31,32
2023-03-11,Zacatecas,3,6,9
2023-03-12,Aguascalientes,2,21,23
2023-03-12,Baja California Sur,1,20,21
2023-03-12,Coahuila de Zaragoza,5,44,49
2023-03-12,Durango,2,32,34
2023-03-12,Guanajuato,1,57,58
2023-03-12,Guerrero,3,32,35
2023-03-12,Hidalgo,2,23,25
2023-03-12,Jalisco,3,35,38
2023-03-12,Michoacán de Ocampo,1,59,60
2023-03-12,Morelos,2,33,35
2023-03-12,Nayarit,2,6,8
2023-03-12,Nuevo León,2,203,205
2023-03-12,Oaxaca,1,22,23
2023-03-12,Puebla,2,36,38
2023-03-12,Querétaro,1,44,45
2023-03-12,Quintana Roo,2,25,27
2023-03-12,San Luis Potosí,1,27,28
2023-03-12,Sinaloa,5,27,32
2023-03-12,Sonora,3,82,85
2023-03-12,Tabasco,1,6,7
2023-03-12,Tamaulipas,1,46,47
2023-03-12,Tlaxcala,2,4,6
2023-03-12,Veracruz de Ignacio de la Llave,3,19,22
2023-03-12,Yucatán,1,32,33
2023-03-12,Zacatecas,2,9,11
2023-03-13,Aguascalientes,2,11,13
2023-03-13,Baja California,1,31,32
2023-03-13,Baja California Sur,1,21,22
2023-03-13,Chiapas,1,12,13
2023-03-13,Chihuahua,3,80,83
2023-03-13,Coahuila de Zaragoza,1,26,27
2023-03-13,Colima,1,20,21
2023-03-13,Durango,1,29,30
2023-03-13,Hidalgo,3,7,10
2023-03-13,Michoacán de Ocampo,5,43,48
2023-03-13,México,1,69,70
2023-03-13,Nayarit,2,5,7
2023-03-13,Nuevo León,2,251,253
2023-03-13,Querétaro,1,32,33
2023-03-13,Quintana Roo,1,20,21
2023-03-13,San Luis Potosí,3,14,17
2023-03-13,Sinaloa,1,28,29
2023-03-13,Sonora,2,85,87
2023-03-13,Tabasco,4,12,16
2023-03-13,Tlaxcala,3,5,8
2023-03-13,Veracruz de Ignacio de la Llave,1,34,35
2023-03-13,Zacatecas,3,8,11
2023-03-14,Baja California Sur,2,13,15
2023-03-14,Chiapas,3,13,16
2023-03-14,Chihuahua,2,67,69
2023-03-14,Coahuila de Zaragoza,3,26,29
2023-03-14,Colima,3,18,21
2023-03-14,Guanajuato,2,37,39
2023-03-14,Guerrero,1,20,21
2023-03-14,Hidalgo,2,9,11
2023-03-14,Jalisco,1,38,39
2023-03-14,Michoacán de Ocampo,1,54,55
2023-03-14,Morelos,1,25,26
2023-03-14,México,2,60,62
2023-03-14,Nayarit,1,8,9
2023-03-14,Nuevo León,2,296,298
2023-03-14,Oaxaca,1,7,8
2023-03-14,Puebla,2,28,30
2023-03-14,Quintana Roo,2,20,22
2023-03-14,San Luis Potosí,1,16,17
2023-03-14,Sinaloa,1,29,30
2023-03-14,Tamaulipas,2,34,36
2023-03-14,Veracruz de Ignacio de la Llave,2,32,34
2023-03-14,Yucatán,3,12,15
2023-03-14,Zacatecas,1,8,9
2023-03-15,Aguascalientes,2,8,10
2023-03-15,Baja California,1,25,26
2023-03-15,Baja California Sur,1,20,21
2023-03-15,Campeche,2,13,15
2023-03-15,Chiapas,2,11,13
2023-03-15,Chihuahua,1,71,72
2023-03-15,Colima,5,23,28
2023-03-15,Guanajuato,1,43,44
2023-03-15,Guerrero,1,13,14
2023-03-15,Hidalgo,2,13,15
2023-03-15,Jalisco,1,32,33
2023-03-15,Michoacán de Ocampo,3,54,57
2023-03-15,México,1,71,72
2023-03-15,Nuevo León,4,234,238
2023-03-15,Puebla,2,34,36
2023-03-15,Querétaro,2,25,27
2023-03-15,Quintana Roo,3,12,15
2023-03-15,San Luis Potosí,2,19,21
2023-03-15,Sinaloa,1,14,15
2023-03-15,Tamaulipas,3,42,45
2023-03-15,Tlaxcala,1,2,3
2023-03-15,Veracruz de Ignacio de la Llave,3,25,28
2023-03-15,Zacatecas,2,7,9
2023-03-16,Baja California,1,25,26
2023-03-16,Baja California Sur,2,10,12
2023-03-16,Campeche,3,10,13
2023-03-16,Chiapas,2,18,20
2023-03-16,Chihuahua,1,81,82
2023-03-16,Coahuila de Zaragoza,1,38,39
2023-03-16,Colima,2,14,16
2023-03-16,Durango,2,30,32
2023-03-16,Guanajuato,3,34,37
2023-03-16,Guerrero,2,24,26
2023-03-16,Hidalgo,2,7,9
2023-03-16,Michoacán de Ocampo,5,39,44
2023-03-16,Morelos,2,23,25
2023-03-16,México,2,44,46
2023-03-16,Nayarit,1,9,10
2023-03-16,Nuevo León,4,220,224
2023-03-16,Oaxaca,1,13,14
2023-03-16,Puebla,1,52,53
2023-03-16,Querétaro,1,23,24
2023-03-16,Quintana Roo,2,22,24
2023-03-16,Sonora,4,82,86
2023-03-16,Tabasco,1,7,8
2023-03-16,Tamaulipas,1,31,32
2023-03-16,Tlaxcala,1,7,8
2023-03-16,Veracruz de Ignacio de la Llave,2,30,32
2023-03-16,Yucatán,2,13,15
2023-03-16,Zacatecas,1,11,12
2023-03-17,Baja California,1,42,43
2023-03-17,Campeche,5,12,17
2023-03-17,Chiapas,3,16,19
2023-03-17,Chihuahua,2,101,103
2023-03-17,Coahuila de Zaragoza,1,32,33
2023-03-17,Colima,5,14,19
2023-03-17,Durango,2,30,32
2023-03-17,Guanajuato,4,55,59
2023-03-17,Hidalgo,2,18,20
2023-03-17,Jalisco,3,51,54
2023-03-17,Michoacán de Ocampo,2,49,51
2023-03-17,Morelos,1,32,33
2023-03-17,México,1,63,64
2023-03-17,Nayarit,2,8,10
2023-03-17,Nuevo León,2,246,248
2023-03-17,Oaxaca,1,19,20
2023-03-17,Puebla,1,37,38
2023-03-17,Querétaro,4,27,31
2023-03-17,Quintana Roo,1,22,23
2023-03-17,San Luis Potosí,1,23,24
2023-03-17,Sinaloa,2,22,24
2023-03-17,Sonora,2,77,79
2023-03-17,Tabasco,1,13,14
2023-03-17,Tamaulipas,2,43,45
2023-03-17,Tlaxcala,1,1,2
2023-03-17,Veracruz de Ignacio de la Llave,2,26,28
2023-03-17,Yucatán,2,23,25
2023-03-17,Zacatecas,1,8,9
2023-03-18,Baja California Sur,1,18,19
2023-03-18,Campeche,4,10,14
2023-03-18,Colima,1,23,24
2023-03-18,Durango,1,41,42
2023-03-18,Guanajuato,1,57,58
2023-03-18,Guerrero,4,35,39
2023-03-18,Hidalgo,3,13,16
2023-03-18,Michoacán de Ocampo,1,52,53
2023-03-18,Morelos,1,23,24
2023-03-18,México,1,67,68
2023-03-18,Nayarit,1,4,5
2023-03-18,Nuevo León,1,196,197
2023-03-18,Oaxaca,1,21,22
2023-03-18,Puebla,1,36,37
2023-03-18,Querétaro,2,30,32
2023-03-18,Quintana Roo,2,15,17
2023-03-18,Sinaloa,1,25,26
2023-03-18,Tabasco,1,17,18
2023-03-18,Tlaxcala,1,6,7
2023-03-18,Zacatecas,2,8,10
2023-03-19,Aguascalientes,1,16,17
2023-03-19,Baja California,2,41,43
2023-03-19,Baja California Sur,1,11,12
2023-03-19,Campeche,4,12,16
2023-03-19,Chiapas,1,15,16
2023-03-19,Chihuahua,2,77,79
2023-03-19,Colima,1,12,13
2023-03-19,Durango,1,25,26
2023-03-19,Guanajuato,2,38,40
2023-03-19,Guerrero,3,16,19
2023-03-19,Hidalgo,3,10,13
2023-03-19,Michoacán de Ocampo,2,56,58
2023-03-19,Morelos,1,24,25
2023-03-19,México,3,56,59
2023-03-19,Oaxaca,1,11,12
2023-03-19,Puebla,2,33,35
2023-03-19,Querétaro,1,26,27
2023-03-19,Quintana Roo,1,27,28
2023-03-19,San Luis Potosí,2,13,15
2023-03-19,Sinaloa,1,32,33
2023-03-19,Sonora,3,89,92
2023-03-19,Tabasco,2,6,8
2023-03-19,Tamaulipas,5,41,46
2023-03-19,Tlaxcala,1,2,3
2023-03-19,Veracruz de Ignacio de la Llave,1,20,21
2023-03-19,Yucatán,1,29,30
2023-03-19,Zacatecas,1,9,10
2023-03-20,Aguascalientes,2,10,12
2023-03-20,Baja California,2,23,25
2023-03-20,Baja California Sur,2,11,13
2023-03-20,Campeche,3,7,10
2023-03-20,Chiapas,2,10,12
2023-03-20,Chihuahua,2,60,62
2023-03-20,Coahuila de Zaragoza,1,20,21
2023-03-20,Guanajuato,1,47,48
2023-03-20,Guerrero,1,22,23
2023-03-20,Jalisco,4,26,30
2023-03-20,Michoacán de Ocampo,3,38,41
2023-03-20,Morelos,1,26,27
2023-03-20,México,3,55,58
2023-03-20,Nayarit,1,6,7
2023-03-20,Nuevo León,3,139,142
2023-03-20,Querétaro,2,11,13
2023-03-20,Quintana Roo,1,10,11
2023-03-20,San Luis Potosí,2,12,14
2023-03-20,Sinaloa,3,22,25
2023-03-20,Sonora,4,68,72
2023-03-20,Tabasco,1,6,7
2023-03-20,Tamaulipas,1,32,33
2023-03-20,Tlaxcala,1,9,10
2023-03-20,Veracruz de Ignacio de la Llave,1,15,16
2023-03-20,Yucatán,1,19,20
2023-03-21,Aguascalientes,1,13,14
2023-03-21,Baja California Sur,1,17,18
2023-03-21,Campeche,1,12,13
2023-03-21,Chiapas,4,8,12
2023-03-21,Coahuila de Zaragoza,1,44,45
2023-03-21,Colima,1,21,22
2023-03-21,Durango,3,31,34
2023-03-21,Guanajuato,1,38,39
2023-03-21,Guerrero,1,6,7
2023-03-21,Hidalgo,4,11,15
2023-03-21,Jalisco,2,37,39
2023-03-21,Michoacán de Ocampo,1,52,53
2023-03-21,Morelos,1,24,25
2023-03-21,México,2,61,63
2023-03-21,Nayarit,1,5,6
2023-03-21,Nuevo León,2,223,225
2023-03-21,Oaxaca,1,7,8
2023-03-21,Puebla,1,43,44
2023-03-21,San Luis Potosí,2,21,23
2023-03-21,Sinaloa,2,23,25
2023-03-21,Sonora,2,70,72
2023-03-21,Tamaulipas,4,29,33
2023-03-21,Veracruz de Ignacio de la Llave,1,32,33
2023-03-22,Baja California,1,34,35
2023-03-22,Baja California Sur,3,16,19
2023-03-22,Campeche,1,13,14
2023-03-22,Coahuila de Zaragoza,2,30,32
2023-03-22,Colima,1,9,10
2023-03-22,Guanajuato,1,47,48
2023-03-22,Guerrero,1,22,23
2023-03-22,Morelos,4,24,28
2023-03-22,Nayarit,3,11,14
2023-03-22,Nuevo León,2,227,229
2023-03-22,Oaxaca,2,16,18
2023-03-22,Puebla,4,42,46
2023-03-22,Querétaro,4,23,27
2023-03-22,San Luis Potosí,2,23,25
2023-03-22,Sonora,2,56,58
2023-03-22,Tabasco,2,5,7
2023-03-22,Tamaulipas,4,31,35
2023-03-22,Tlaxcala,3,6,9
2023-03-22,Veracruz de Ignacio de la Llave,2,33,35
2023-03-22,Zacatecas,2,7,9
2023-03-23,Baja California Sur,2,15,17
2023-03-23,Campeche,3,14,17
2023-03-23,Chiapas,1,9,10
2023-03-23,Chihuahua,5,60,65
2023-03-23,Coahuila de Zaragoza,1,24,25
2023-03-23,Colima,2,11,13
2023-03-23,Durango,2,34,36
2023-03-23,Guanajuato,1,37,38
2023-03-23,Guerrero,1,13,14
2023-03-23,Hidalgo,4,15,19
2023-03-23,Jalisco,1,36,37
2023-03-23,Morelos,1,34,35
2023-03-23,México,1,54,55
2023-03-23,Nuevo León,1,233,234
2023-03-23,Querétaro,3,21,24
2023-03-23,Quintana Roo,2,20,22
2023-03-23,San Luis Potosí,1,25,26
2023-03-23,Sinaloa,1,9,10
2023-03-23,Sonora,2,75,77
2023-03-23,Tabasco,2,8,10
2023-03-23,Tlaxcala,2,5,7
2023-03-23,Veracruz de Ignacio de la Llave,3,32,35
2023-03-23,Yucatán,3,23,26
2023-03-23,Zacatecas,1,5,6
2023-03-24,Aguascalientes,2,14,16
2023-03-24,Baja California,1,40,41
2023-03-24,Campeche,1,15,16
2023-03-24,Chiapas,1,8,9
2023-03-24,Chihuahua,1,72,73
2023-03-24,Coahuila de Zaragoza,1,34,35
2023-03-24,Colima,3,23,26
2023-03-24,Durango,4,41,45
2023-03-24,Guanajuato,2,33,35
2023-03-24,Guerrero,2,25,27
2023-03-24,Hidalgo,2,16,18
2023-03-24,Jalisco,1,40,41
2023-03-24,Michoacán de Ocampo,1,54,55
2023-03-24,Morelos,1,34,35
2023-03-24,México,3,65,68
2023-03-24,Nayarit,2,10,12
2023-03-24,Puebla,2,41,43
2023-03-24,Querétaro,1,33,34
2023-03-24,Quintana Roo,1,20,21
2023-03-24,San Luis Potosí,2,18,20
2023-03-24,Sinaloa,2,24,26
2023-03-24,Sonora,1,60,61
2023-03-24,Tabasco,1,8,9
2023-03-24,Tamaulipas,2,49,51
2023-03-24,Veracruz de Ignacio de la Llave,3,28,31
2023-03-24,Yucatán,1,25,26
2023-03-24,Zacatecas,1,13,14
2023-03-25,Aguascalientes,2,19,21
2023-03-25,Baja California,1,38,39
2023-03-25,Baja California Sur,5,17,22
2023-03-25,Campeche,2,12,14
2023-03-25,Chiapas,1,18,19
2023-03-25,Coahuila de Zaragoza,5,46,51
2023-03-25,Colima,4,23,27
2023-03-25,Durango,4,44,48
2023-03-25,Guanajuato,2,67,69
2023-03-25,Guerrero,3,25,28
2023-03-25,Jalisco,1,42,43
2023-03-25,Michoacán de Ocampo,1,64,65
2023-03-25,Morelos,4,22,26
2023-03-25,México,2,58,60
2023-03-25,Nayarit,2,6,8
2023-03-25,Nuevo León,1,224,225
2023-03-25,Oaxaca,4,18,22
2023-03-25,Puebla,1,43,44
2023-03-25,San Luis Potosí,2,25,27
2023-03-25,Sinaloa,2,29,31
2023-03-25,Tabasco,2,11,13
2023-03-25,Tamaulipas,2,43,45
2023-03-25,Veracruz de Ignacio de la Llave,1,24,25
2023-03-25,Yucatán,3,26,29
2023-03-25,Zacatecas,2,8,10
2023-03-26,Aguascalientes,3,24,27
2023-03-26,Baja California,2,31,33
2023-03-26,Campeche,1,18,19
2023-03-26,Chiapas,1,12,13
2023-03-26,Chihuahua,1,76,77
2023-03-26,Coahuila de Zaragoza,1,29,30
2023-03-26,Colima,1,10,11
2023-03-26,Durango,2,26,28
2023-03-26,Guanajuato,2,59,61
2023-03-26,Guerrero,3,29,32
2023-03-26,Hidalgo,1,14,15
2023-03-26,Michoacán de Ocampo,1,52,53
2023-03-26,Morelos,1,27,28
2023-03-26,México,2,55,57
2023-03-26,Nayarit,1,5,6
2023-03-26,Nuevo León,1,161,162
2023-03-26,Oaxaca,1,15,16
2023-03-26,Puebla,1,31,32
2023-03-26,Querétaro,4,24,28
2023-03-26,Quintana Roo,1,27,28
2023-03-26,Sinaloa,2,26,28
2023-03-26,Sonora,3,64,67
2023-03-26,Tabasco,1,7,8
2023-03-26,Tamaulipas,2,41,43
2023-03-26,Tlaxcala,1,8,9
2023-03-26,Veracruz de Ignacio de la Llave,2,25,27
2023-03-26,Yucatán,3,17,20
2023-03-27,Aguascalientes,2,10,12
2023-03-27,Baja California,1,30,31
2023-03-27,Baja California Sur,1,14,15
2023-03-27,Campeche,2,10,12
2023-03-27,Chiapas,1,4,5
2023-03-27,Chihuahua,1,64,65
2023-03-27,Coahuila de Zaragoza,2,21,23
2023-03-27,Colima,2,17,19
2023-03-27,Durango,1,38,39
2023-03-27,Guanajuato,1,48,49
2023-03-27,Hidalgo,4,15,19
2023-03-27,Jalisco,1,41,42
2023-03-27,Michoacán de Ocampo,1,63,64
2023-03-27,Morelos,2,20,22
2023-03-27,México,1,43,44
2023-03-27,Nayarit,2,7,9
2023-03-27,Nuevo León,1,256,257
2023-03-27,Oaxaca,2,11,13
2023-03-27,Puebla,1,39,40
2023-03-27,Querétaro,1,28,29
2023-03-27,Quintana Roo,1,22,23
2023-03-27,San Luis Potosí,1,20,21
2023-03-27,Sinaloa,3,28,31
2023-03-27,Sonora,2,68,70
2023-03-27,Tabasco,2,5,7
2023-03-27,Tamaulipas,2,26,28
2023-03-27,Tlaxcala,3,2,5
2023-03-27,Yucatán,2,32,34
2023-03-27,Zacatecas,4,7,11
2023-03-28,Aguascalientes,2,11,13
2023-03-28,Baja California,3,38,41
2023-03-28,Baja California Sur,1,15,16
2023-03-28,Coahuila de Zaragoza,1,30,31
2023-03-28,Colima,2,11,13
2023-03-28,Durango,3,39,42
2023-03-28,Guanajuato,2,43,45
2023-03-28,Guerrero,2,51,53
2023-03-28,Jalisco,1,107,108
2023-03-28,Michoacán de Ocampo,1,67,68
2023-03-28,Morelos,1,19,20
2023-03-28,México,3,48,51
2023-03-28,Nuevo León,3,276,279
2023-03-28,Puebla,1,178,179
2023-03-28,Quintana Roo,1,17,18
2023-03-28,San Luis Potosí,1,55,56
2023-03-28,Sinaloa,3,19,22
2023-03-28,Sonora,2,118,120
2023-03-28,Tabasco,2,11,13
2023-03-28,Tamaulipas,2,51,53
2023-03-28,Tlaxcala,2,40,42
2023-03-28,Yucatán,1,42,43
2023-03-28,Zacatecas,2,23,25
2023-03-29,Aguascalientes,2,9,11
2023-03-29,Chiapas,1,10,11
2023-03-29,Chihuahua,1,54,55
2023-03-29,Coahuila de Zaragoza,1,19,20
2023-03-29,Colima,1,9,10
2023-03-29,Durango,1,15,16
2023-03-29,Guerrero,2,17,19
2023-03-29,Hidalgo,1,12,13
2023-03-29,Michoacán de Ocampo,2,57,59
2023-03-29,México,1,55,56
2023-03-29,Nayarit,2,6,8
2023-03-29,Oaxaca,1,13,14
2023-03-29,Querétaro,2,28,30
2023-03-29,Quintana Roo,2,17,19
2023-03-29,Sinaloa,1,17,18
2023-03-29,Sonora,3,68,71
2023-03-29,Tabasco,2,12,14
2023-03-29,Tlaxcala,1,3,4
2023-03-29,Veracruz de Ignacio de la Llave,1,24,25
2023-03-29,Yucatán,1,23,24
2023-03-29,Zacatecas,1,2,3
2023-03-30,Aguascalientes,2,8,10
2023-03-30,Campeche,3,11,14
2023-03-30,Chiapas,1,7,8
2023-03-30,Chihuahua,2,52,54
2023-03-30,Coahuila de Zaragoza,2,20,22
2023-03-30,Colima,2,18,20
2023-03-30,Durango,2,38,40
2023-03-30,Guanajuato,1,40,41
2023-03-30,Guerrero,4,20,24
2023-03-30,Hidalgo,1,9,10
2023-03-30,Jalisco,2,40,42
2023-03-30,Morelos,2,24,26
2023-03-30,Nayarit,4,9,13
2023-03-30,Nuevo León,3,235,238
2023-03-30,Oaxaca,3,14,17
2023-03-30,Puebla,2,31,33
2023-03-30,Quintana Roo,1,17,18
2023-03-30,San Luis Potosí,1,17,18
2023-03-30,Tabasco,3,4,7
2023-03-30,Tamaulipas,2,40,42
2023-03-30,Tlaxcala,2,9,11
2023-03-30,Veracruz de Ignacio de la Llave,1,29,30
2023-03-30,Zacatecas,1,8,9
2023-03-31,Aguascalientes,1,15,16
2023-03-31,Baja California,1,29,30
2023-03-31,Baja California Sur,1,19,20
2023-03-31,Campeche,1,16,17
2023-03-31,Coahuila de Zaragoza,2,29,31
2023-03-31,Colima,1,18,19
2023-03-31,Durango,1,51,52
2023-03-31,Guanajuato,2,53,55
2023-03-31,Guerrero,2,30,32
2023-03-31,Hidalgo,1,8,9
2023-03-31,Jalisco,2,31,33
2023-03-31,Michoacán de Ocampo,1,44,45
2023-03-31,Morelos,1,32,33
2023-03-31,México,4,58,62
2023-03-31,Nayarit,3,5,8
2023-03-31,Nuevo León,1,238,239
2023-03-31,Oaxaca,3,15,18
2023-03-31,Puebla,1,33,34
2023-03-31,Querétaro,3,27,30
2023-03-31,San Luis Potosí,1,13,14
2023-03-31,Sonora,1,74,75
2023-03-31,Tabasco,1,7,8
2023-03-31,Tamaulipas,1,40,41
2023-03-31,Veracruz de Ignacio de la Llave,1,34,35
2023-04-01,Aguascalientes,1,18,19
2023-04-01,Baja California Sur,3,31,34
2023-04-01,Campeche,3,28,31
2023-04-01,Chiapas,1,15,16
2023-04-01,Colima,1,29,30
2023-04-01,Durango,5,31,36
2023-04-01,Guanajuato,2,85,87
2023-04-01,Guerrero,2,33,35
2023-04-01,Hidalgo,1,25,26
2023-04-01,Jalisco,1,56,57
2023-04-01,Michoacán de Ocampo,1,53,54
2023-04-01,Morelos,1,38,39
2023-04-01,México,3,108,111
2023-04-01,Nayarit,3,9,12
2023-04-01,Oaxaca,1,22,23
2023-04-01,Puebla,1,66,67
2023-04-01,San Luis Potosí,1,25,26
2023-04-01,Sinaloa,3,36,39
2023-04-01,Sonora,1,91,92
2023-04-01,Tabasco,1,13,14
2023-04-01,Tamaulipas,1,47,48
2023-04-01,Tlaxcala,3,4,7
2023-04-01,Veracruz de Ignacio de la Llave,1,36,37
2023-04-01,Yucatán,1,33,34
2023-04-01,Zacatecas,4,8,12
2023-04-02,Aguascalientes,4,20,24
2023-04-02,Baja California,2,27,29
2023-04-02,Baja California Sur,1,30,31
2023-04-02,Campeche,4,9,13
2023-04-02,Chiapas,3,10,13
2023-04-02,Chihuahua,2,65,67
2023-04-02,Coahuila de Zaragoza,3,31,34
2023-04-02,Durango,1,41,42
2023-04-02,Guanajuato,2,63,65
2023-04-02,Guerrero,1,24,25
2023-04-02,Hidalgo,1,11,12
2023-04-02,Jalisco,1,53,54
2023-04-02,México,3,62,65
2023-04-02,Nayarit,1,9,10
2023-04-02,Nuevo León,1,167,168
2023-04-02,Oaxaca,1,19,20
2023-04-02,Quintana Roo,4,29,33
2023-04-02,San Luis Potosí,1,19,20
2023-04-02,Sinaloa,1,33,34
2023-04-02,Sonora,2,95,97
2023-04-02,Tabasco,1,5,6
2023-04-02,Tamaulipas,2,30,32
2023-04-02,Veracruz de Ignacio de la Llave,3,19,22
2023-04-02,Yucatán,1,20,21
2023-04-02,Zacatecas,1,10,11
2023-04-03,Baja California,1,40,41
2023-04-03,Baja California Sur,1,17,18
2023-04-03,Campeche,1,9,10
2023-04-03,Chiapas,1,11,12
2023-04-03,Chihuahua,2,62,64
2023-04-03,Coahuila de Zaragoza,1,31,32
2023-04-03,Colima,1,22,23
2023-04-03,Durango,1,28,29
2023-04-03,Guanajuato,1,40,41
2023-04-03,Guerrero,2,25,27
2023-04-03,Hidalgo,2,12,14
2023-04-03,Michoacán de Ocampo,2,49,51
2023-04-03,Morelos,2,28,30
2023-04-03,México,1,57,58
2023-04-03,Nayarit,1,11,12
2023-04-03,Nuevo León,2,192,194
2023-04-03,Oaxaca,2,8,10
2023-04-03,Querétaro,4,27,31
2023-04-03,Quintana Roo,1,26,27
2023-04-03,San Luis Potosí,1,24,25
2023-04-03,Sonora,2,52,54
2023-04-03,Tabasco,1,2,3
2023-04-03,Tamaulipas,2,35,37
2023-04-03,Tlaxcala,2,4,6
2023-04-03,Veracruz de Ignacio de la Llave,1,39,40
2023-04-03,Yucatán,1,18,19
2023-04-04,Baja California,2,27,29
2023-04-04,Baja California Sur,1,14,15
2023-04-04,Campeche,1,17,18
2023-04-04,Chiapas,1,7,8
2023-04-04,Chihuahua,2,58,60
2023-04-04,Guanajuato,2,45,47
2023-04-04,Hidalgo,1,8,9
2023-04-04,Jalisco,1,35,36
2023-04-04,Michoacán de Ocampo,3,39,42
2023-04-04,Morelos,1,15,16
2023-04-04,México,3,50,53
2023-04-04,Nayarit,2,6,8
2023-04-04,Nuevo León,1,187,188
2023-04-04,Querétaro,1,26,27
2023-04-04,Quintana Roo,2,20,22
2023-04-04,San Luis Potosí,2,19,21
2023-04-04,Sonora,3,48,51
2023-04-04,Veracruz de Ignacio de la Llave,2,26,28
2023-04-05,Aguascalientes,2,11,13
2023-04-05,Baja California,1,30,31
2023-04-05,Baja California Sur,3,14,17
2023-04-05,Campeche,1,17,18
2023-04-05,Chihuahua,1,44,45
2023-04-05,Coahuila de Zaragoza,1,30,31
2023-04-05,Colima,1,10,11
2023-04-05,Guanajuato,1,39,40
2023-04-05,Guerrero,2,20,22
2023-04-05,Jalisco,1,34,35
2023-04-05,Michoacán de Ocampo,1,39,40
2023-04-05,Morelos,1,25,26
2023-04-05,México,4,44,48
2023-04-05,Nayarit,2,11,13
2023-04-05,Nuevo León,3,197,200
2023-04-05,Oaxaca,4,26,30
2023-04-05,Querétaro,2,25,27
2023-04-05,Quintana Roo,3,18,21
2023-04-05,San Luis Potosí,2,18,20
2023-04-05,Sinaloa,4,11,15
2023-04-05,Sonora,2,50,52
2023-04-05,Tabasco,3,9,12
2023-04-05,Tamaulipas,2,33,35
2023-04-05,Tlaxcala,2,3,5
2023-04-05,Yucatán,1,21,22
2023-04-05,Zacatecas,1,3,4
2023-04-06,Aguascalientes,1,9,10
2023-04-06,Baja California,2,21,23
2023-04-06,Baja California Sur,1,10,11
2023-04-06,Campeche,1,10,11
2023-04-06,Chiapas,2,12,14
2023-04-06,Chihuahua,1,51,52
2023-04-06,Coahuila de Zaragoza,1,22,23
2023-04-06,Guanajuato,2,37,39
2023-04-06,Guerrero,2,28,30
2023-04-06,Hidalgo,3,13,16
2023-04-06,Michoacán de Ocampo,1,48,49
2023-04-06,Morelos,2,20,22
2023-04-06,México,2,59,61
2023-04-06,Nuevo León,1,149,150
2023-04-06,Oaxaca,2,13,15
2023-04-06,Querétaro,1,21,22
2023-04-06,Quintana Roo,1,12,13
2023-04-06,San Luis Potosí,3,15,18
2023-04-06,Sinaloa,2,30,32
2023-04-06,Sonora,1,63,64
2023-04-06,Tamaulipas,1,34,35
2023-04-06,Yucatán,1,17,18
2023-04-06,Zacatecas,3,4,7
2023-04-07,Aguascalientes,1,9,10
2023-04-07,Chihuahua,1,51,52
2023-04-07,Durango,1,21,22
2023-04-07,Guerrero,3,26,29
2023-04-07,Hidalgo,2,11,13
2023-04-07,Michoacán de Ocampo,2,33,35
2023-04-07,Nayarit,2,5,7
2023-04-07,Nuevo León,4,96,100
2023-04-07,Querétaro,2,22,24
2023-04-07,Quintana Roo,2,19,21
2023-04-07,San Luis Potosí,2,16,18
2023-04-07,Sinaloa,3,23,26
2023-04-07,Sonora,4,48,52
2023-04-07,Tabasco,1,8,9
2023-04-07,Tamaulipas,3,30,33
2023-04-07,Tlaxcala,1,4,5
2023-04-07,Veracruz de Ignacio de la Llave,2,14,16
2023-04-07,Yucatán,1,16,17
2023-04-07,Zacatecas,2,8,10
2023-04-08,Aguascalientes,3,10,13
2023-04-08,Baja California,2,56,58
2023-04-08,Baja California Sur,1,16,17
2023-04-08,Campeche,1,13,14
2023-04-08,Chihuahua,5,72,77
2023-04-08,Colima,1,14,15
2023-04-08,Durango,1,27,28
2023-04-08,Guerrero,1,18,19
2023-04-08,Jalisco,1,38,39
2023-04-08,Michoacán de Ocampo,1,46,47
2023-04-08,Morelos,2,39,41
2023-04-08,México,1,66,67
2023-04-08,Nayarit,2,6,8
2023-04-08,Nuevo León,2,107,109
2023-04-08,Querétaro,1,22,23
2023-04-08,Quintana Roo,2,14,16
2023-04-08,San Luis Potosí,2,17,19
2023-04-08,Sinaloa,1,22,23
2023-04-08,Sonora,1,57,58
2023-04-08,Tamaulipas,2,26,28
2023-04-08,Tlaxcala,1,4,5
2023-04-08,Yucatán,1,26,27
2023-04-08,Zacatecas,1,3,4
2023-04-09,Aguascalientes,2,15,17
2023-04-09,Baja California,1,21,22
2023-04-09,Baja California Sur,3,20,23
2023-04-09,Chiapas,3,5,8
2023-04-09,Coahuila de Zaragoza,2,23,25
2023-04-09,Colima,1,11,12
2023-04-09,Durango,1,26,27
2023-04-09,Guanajuato,2,38,40
2023-04-09,Guerrero,1,19,20
2023-04-09,Hidalgo,3,5,8
2023-04-09,Jalisco,2,36,38
2023-04-09,Morelos,1,30,31
2023-04-09,México,1,44,45
2023-04-09,Nayarit,2,5,7
2023-04-09,Puebla,3,31,34
2023-04-09,Quintana Roo,1,14,15
2023-04-09,San Luis Potosí,1,17,18
2023-04-09,Sinaloa,2,28,30
2023-04-09,Sonora,1,53,54
2023-04-09,Tabasco,1,3,4
2023-04-09,Tlaxcala,3,8,11
2023-04-09,Veracruz de Ignacio de la Llave,2,22,24
2023-04-09,Yucatán,1,18,19
2023-04-09,Zacatecas,1,7,8
2023-04-10,Aguascalientes,1,11,12
2023-04-10,Chiapas,1,10,11
2023-04-10,Chihuahua,1,67,68
2023-04-10,Coahuila de Zaragoza,2,22,24
2023-04-10,Colima,1,10,11
2023-04-10,Durango,2,36,38
2023-04-10,Guerrero,3,20,23
2023-04-10,Hidalgo,2,9,11
2023-04-10,Jalisco,2,34,36
2023-04-10,Michoacán de Ocampo,1,47,48
2023-04-10,Morelos,1,22,23
2023-04-10,México,2,54,56
2023-04-10,Nayarit,2,9,11
2023-04-10,Nuevo León,3,206,209
2023-04-10,Oaxaca,2,8,10
2023-04-10,Puebla,2,26,28
2023-04-10,Querétaro,2,21,23
2023-04-10,Quintana Roo,4,21,25
2023-04-10,Sinaloa,1,16,17
2023-04-10,Tamaulipas,2,40,42
2023-04-10,Tlaxcala,3,2,5
2023-04-10,Veracruz de Ignacio de la Llave,1,22,23
2023-04-11,Baja California Sur,1,17,18
2023-04-11,Campeche,4,13,17
2023-04-11,Chihuahua,2,52,54
2023-04-11,Coahuila de Zaragoza,1,24,25
2023-04-11,Colima,4,19,23
2023-04-11,Durango,1,18,19
2023-04-11,Guanajuato,2,40,42
2023-04-11,Guerrero,3,24,27
2023-04-11,Jalisco,2,33,35
2023-04-11,Michoacán de Ocampo,2,31,33
2023-04-11,México,3,55,58
2023-04-11,Nayarit,4,2,6
2023-04-11,Nuevo León,4,161,165
2023-04-11,Puebla,1,25,26
2023-04-11,Querétaro,1,18,19
2023-04-11,Quintana Roo,3,9,12
2023-04-11,San Luis Potosí,1,17,18
2023-04-11,Sinaloa,2,16,18
2023-04-11,Sonora,2,47,49
2023-04-11,Tabasco,1,5,6
2023-04-11,Tamaulipas,1,23,24
2023-04-11,Veracruz de Ignacio de la Llave,1,19,20
2023-04-11,Yucatán,4,16,20
2023-04-12,Aguascalientes,1,7,8
2023-04-12,Baja California,1,22,23
2023-04-12,Baja California Sur,2,14,16
2023-04-12,Chiapas,2,15,17
2023-04-12,Chihuahua,2,62,64
2023-04-12,Coahuila de Zaragoza,2,23,25
2023-04-12,Colima,3,16,19
2023-04-12,Durango,2,20,22
2023-04-12,Guanajuato,1,39,40
2023-04-12,Guerrero,2,23,25
2023-04-12,Jalisco,2,28,30
2023-04-12,Michoacán de Ocampo,1,45,46
2023-04-12,Nayarit,3,3,6
2023-04-12,Nuevo León,4,160,164
2023-04-12,Oaxaca,3,11,14
2023-04-12,Querétaro,2,18,20
2023-04-12,Quintana Roo,1,15,16
2023-04-12,San Luis Potosí,2,14,16
2023-04-12,Sinaloa,2,14,16
2023-04-12,Tabasco,1,2,3
2023-04-12,Tamaulipas,2,32,34
2023-04-12,Tlaxcala,1,2,3
2023-04-12,Yucatán,2,15,17
2023-04-12,Zacatecas,2,2,4
2023-04-13,Aguascalientes,2,11,13
2023-04-13,Baja California,3,25,28
2023-04-13,Campeche,1,8,9
2023-04-13,Chiapas,1,12,13
2023-04-13,Chihuahua,2,56,58
2023-04-13,Coahuila de Zaragoza,4,17,21
2023-04-13,Colima,1,10,11
2023-04-13,Durango,4,23,27
2023-04-13,Michoacán de Ocampo,1,41,42
2023-04-13,Nayarit,1,6,7
2023-04-13,Nuevo León,1,171,172
2023-04-13,Oaxaca,1,16,17
2023-04-13,Puebla,1,18,19
2023-04-13,Querétaro,1,22,23
2023-04-13,Quintana Roo,2,14,16
2023-04-13,San Luis Potosí,3,16,19
2023-04-13,Sinaloa,1,18,19
2023-04-13,Sonora,3,60,63
2023-04-13,Tabasco,2,4,6
2023-04-13,Tamaulipas,3,30,33
2023-04-13,Yucatán,3,13,16
2023-04-13,Zacatecas,1,8,9
2023-04-14,Aguascalientes,1,10,11
2023-04-14,Baja California,2,26,28
2023-04-14,Baja California Sur,1,15,16
2023-04-14,Chihuahua,1,66,67
2023-04-14,Durango,1,40,41
2023-04-14,Guanajuato,1,43,44
2023-04-14,Guerrero,2,20,22
2023-04-14,Hidalgo,1,11,12
2023-04-14,Jalisco,1,49,50
2023-04-14,Morelos,1,25,26
2023-04-14,México,1,63,64
2023-04-14,Nayarit,1,7,8
2023-04-14,Nuevo León,1,209,210
2023-04-14,Querétaro,1,28,29
2023-04-14,Quintana Roo,1,21,22
2023-04-14,Sonora,1,39,40
2023-04-14,Tabasco,3,6,9
2023-04-14,Tamaulipas,2,35,37
2023-04-14,Veracruz de Ignacio de la Llave,2,41,43
2023-04-14,Zacatecas,1,4,5
2023-04-15,Aguascalientes,2,16,18
2023-04-15,Baja California,3,44,47
2023-04-15,Baja California Sur,3,15,18
2023-04-15,Campeche,1,14,15
2023-04-15,Chiapas,2,15,17
2023-04-15,Chihuahua,2,65,67
2023-04-15,Colima,3,19,22
2023-04-15,Durango,1,40,41
2023-04-15,Guanajuato,2,52,54
2023-04-15,Guerrero,2,29,31
2023-04-15,Michoacán de Ocampo,2,51,53
2023-04-15,México,1,71,72
2023-04-15,Nayarit,4,10,14
2023-04-15,Oaxaca,5,16,21
2023-04-15,Puebla,3,55,58
2023-04-15,Quintana Roo,2,19,21
2023-04-15,San Luis Potosí,1,22,23
2023-04-15,Sinaloa,1,30,31
2023-04-15,Sonora,1,68,69
2023-04-15,Tabasco,1,8,9
2023-04-15,Tamaulipas,1,54,55
2023-04-15,Tlaxcala,3,6,9
2023-04-15,Veracruz de Ignacio de la Llave,3,36,39
2023-04-15,Yucatán,2,39,41
2023-04-15,Zacatecas,1,8,9
2023-04-16,Aguascalientes,2,20,22
2023-04-16,Baja California,2,37,39
2023-04-16,Baja California Sur,3,16,19
2023-04-16,Campeche,1,12,13
2023-04-16,Chihuahua,2,72,74
2023-04-16,Coahuila de Zaragoza,1,28,29
2023-04-16,Durango,1,30,31
2023-04-16,Guanajuato,2,54,56
2023-04-16,Guerrero,2,20,22
2023-04-16,Hidalgo,1,12,13
2023-04-16,Jalisco,1,38,39
2023-04-16,Michoacán de Ocampo,1,37,38
2023-04-16,México,1,50,51
2023-04-16,Nayarit,1,11,12
2023-04-16,Nuevo León,3,133,136
2023-04-16,Oaxaca,2,10,12
2023-04-16,Puebla,1,24,25
2023-04-16,Querétaro,2,20,22
2023-04-16,San Luis Potosí,1,22,23
2023-04-16,Sonora,1,63,64
2023-04-16,Tabasco,1,5,6
2023-04-16,Tamaulipas,1,40,41
2023-04-16,Tlaxcala,1,4,5
2023-04-16,Veracruz de Ignacio de la Llave,3,22,25
2023-04-16,Yucatán,1,28,29
2023-04-16,Zacatecas,2,9,11
2023-04-17,Baja California,1,32,33
2023-04-17,Campeche,1,12,13
2023-04-17,Chiapas,2,13,15
2023-04-17,Coahuila de Zaragoza,1,30,31
2023-04-17,Colima,3,23,26
2023-04-17,Durango,1,31,32
2023-04-17,Guanajuato,2,45,47
2023-04-17,Guerrero,3,21,24
2023-04-17,Hidalgo,1,15,16
2023-04-17,Jalisco,2,36,38
2023-04-17,Morelos,1,25,26
2023-04-17,México,2,61,63
2023-04-17,Nayarit,1,7,8
2023-04-17,Oaxaca,1,12,13
2023-04-17,Puebla,2,39,41
2023-04-17,Querétaro,3,23,26
2023-04-17,San Luis Potosí,1,16,17
2023-04-17,Sonora,2,83,85
2023-04-17,Tabasco,2,10,12
2023-04-17,Tamaulipas,5,37,42
2023-04-17,Tlaxcala,1,3,4
2023-04-17,Veracruz de Ignacio de la Llave,1,22,23
2023-04-17,Yucatán,2,23,25
2023-04-17,Zacatecas,1,10,11
2023-04-18,Aguascalientes,2,5,7
2023-04-18,Baja California,2,29,31
2023-04-18,Baja California Sur,1,11,12
2023-04-18,Chihuahua,1,72,73
2023-04-18,Colima,4,21,25
2023-04-18,Durango,1,33,34
2023-04-18,Guanajuato,2,40,42
2023-04-18,Hidalgo,1,17,18
2023-04-18,Jalisco,1,47,48
2023-04-18,Michoacán de Ocampo,2,56,58
2023-04-18,Morelos,2,28,30
2023-04-18,Nuevo León,2,252,254
2023-04-18,Oaxaca,2,15,17
2023-04-18,Puebla,2,30,32
2023-04-18,Querétaro,4,23,27
2023-04-18,Quintana Roo,3,18,21
2023-04-18,San Luis Potosí,2,22,24
2023-04-18,Sinaloa,3,31,34
2023-04-18,Sonora,2,70,72
2023-04-18,Tabasco,2,7,9
2023-04-18,Tlaxcala,1,5,6
2023-04-18,Veracruz de Ignacio de la Llave,1,21,22
2023-04-18,Yucatán,2,19,21
2023-04-18,Zacatecas,1,2,3
2023-04-19,Baja California Sur,2,18,20
2023-04-19,Chihuahua,1,61,62
2023-04-19,Colima,3,13,16
2023-04-19,Durango,2,35,37
2023-04-19,Guanajuato,2,40,42
2023-04-19,Guerrero,1,21,22
2023-04-19,Hidalgo,2,13,15
2023-04-19,Jalisco,2,43,45
2023-04-19,Michoacán de Ocampo,4,37,41
2023-04-19,México,2,55,57
2023-04-19,Nayarit,1,11,12
2023-04-19,Nuevo León,3,205,208
2023-04-19,Puebla,1,41,42
2023-04-19,Quintana Roo,4,19,23
2023-04-19,San Luis Potosí,2,14,16
2023-04-19,Sinaloa,1,16,17
2023-04-19,Sonora,2,64,66
2023-04-19,Tamaulipas,2,32,34
2023-04-19,Zacatecas,1,7,8
2023-04-20,Baja California,1,20,21
2023-04-20,Baja California Sur,2,22,24
2023-04-20,Campeche,3,9,12
2023-04-20,Chiapas,1,5,6
2023-04-20,Coahuila de Zaragoza,1,39,40
2023-04-20,Colima,3,18,21
2023-04-20,Durango,1,32,33
2023-04-20,Guanajuato,2,51,53
2023-04-20,Guerrero,2,26,28
2023-04-20,Hidalgo,1,5,6
2023-04-20,Michoacán de Ocampo,1,49,50
2023-04-20,Morelos,2,13,15
2023-04-20,México,1,53,54
2023-04-20,Nuevo León,3,221,224
2023-04-20,Puebla,1,35,36
2023-04-20,Quintana Roo,2,11,13
2023-04-20,San Luis Potosí,1,22,23
2023-04-20,Sinaloa,1,19,20
2023-04-20,Sonora,2,70,72
2023-04-20,Tamaulipas,3,37,40
2023-04-20,Veracruz de Ignacio de la Llave,2,32,34
2023-04-20,Yucatán,2,17,19
2023-04-20,Zacatecas,1,9,10
2023-04-21,Aguascalientes,2,11,13
2023-04-21,Baja California,2,39,41
2023-04-21,Baja California Sur,1,17,18
2023-04-21,Campeche,2,15,17
2023-04-21,Chiapas,2,11,13
2023-04-21,Chihuahua,1,87,88
2023-04-21,Coahuila de Zaragoza,2,41,43
2023-04-21,Guanajuato,2,59,61
2023-04-21,Guerrero,1,21,22
2023-04-21,Jalisco,2,45,47
2023-04-21,Michoacán de Ocampo,2,47,49
2023-04-21,Morelos,1,23,24
2023-04-21,México,2,75,77
2023-04-21,Nayarit,1,2,3
2023-04-21,Nuevo León,4,248,252
2023-04-21,Oaxaca,2,10,12
2023-04-21,Puebla,1,38,39
2023-04-21,Querétaro,3,36,39
2023-04-21,Quintana Roo,1,24,25
2023-04-21,San Luis Potosí,2,17,19
2023-04-21,Sonora,1,83,84
2023-04-21,Tabasco,3,4,7
2023-04-21,Tamaulipas,1,45,46
2023-04-21,Veracruz de Ignacio de la Llave,4,32,36
2023-04-21,Yucatán,2,31,33
2023-04-21,Zacatecas,2,8,10
2023-04-22,Baja California,2,32,34
2023-04-22,Chiapas,2,16,18
2023-04-22,Chihuahua,2,98,100
2023-04-22,Colima,1,10,11
2023-04-22,Guanajuato,3,59,62
2023-04-22,Jalisco,3,48,51
2023-04-22,Morelos,3,23,26
2023-04-22,México,1,73,74
2023-04-22,Nuevo León,2,213,215
2023-04-22,Oaxaca,2,14,16
2023-04-22,Puebla,1,40,41
2023-04-22,Querétaro,1,35,36
2023-04-22,Quintana Roo,1,11,12
2023-04-22,Sinaloa,2,19,21
2023-04-22,Sonora,1,61,62
2023-04-22,Tabasco,3,15,18
2023-04-22,Tamaulipas,1,28,29
2023-04-22,Tlaxcala,1,3,4
2023-04-22,Veracruz de Ignacio de la Llave,3,27,30
2023-04-22,Zacatecas,4,10,14
2023-04-23,Aguascalientes,2,23,25
2023-04-23,Baja California,3,24,27
2023-04-23,Baja California Sur,1,17,18
2023-04-23,Campeche,1,16,17
2023-04-23,Chiapas,3,9,12
2023-04-23,Chihuahua,2,92,94
2023-04-23,Coahuila de Zaragoza,1,31,32
2023-04-23,Colima,1,13,14
2023-04-23,Durango,1,37,38
2023-04-23,Guanajuato,3,63,66
2023-04-23,Guerrero,3,20,23
2023-04-23,Hidalgo,1,11,12
2023-04-23,Morelos,2,28,30
2023-04-23,México,3,54,57
2023-04-23,Nayarit,1,5,6
2023-04-23,Nuevo León,1,189,190
2023-04-23,Puebla,2,27,29
2023-04-23,Querétaro,1,44,45
2023-04-23,Quintana Roo,1,15,16
2023-04-23,San Luis Potosí,1,12,13
2023-04-23,Sinaloa,4,36,40
2023-04-23,Sonora,2,66,68
2023-04-23,Tabasco,2,8,10
2023-04-23,Tamaulipas,2,42,44
2023-04-23,Tlaxcala,4,3,7
2023-04-23,Yucatán,3,25,28
2023-04-23,Zacatecas,2,6,8
2023-04-24,Aguascalientes,3,15,18
2023-04-24,Baja California,2,29,31
2023-04-24,Baja California Sur,1,21,22
2023-04-24,Chiapas,3,6,9
2023-04-24,Chihuahua,1,78,79
2023-04-24,Coahuila de Zaragoza,3,25,28
2023-04-24,Colima,2,10,12
2023-04-24,Durango,1,31,32
2023-04-24,Guanajuato,1,52,53
2023-04-24,Guerrero,1,14,15
2023-04-24,Hidalgo,1,12,13
2023-04-24,Jalisco,2,36,38
2023-04-24,Michoacán de Ocampo,1,49,50
2023-04-24,Morelos,2,25,27
2023-04-24,México,1,57,58
2023-04-24,Nayarit,2,9,11
2023-04-24,Nuevo León,1,232,233
2023-04-24,Puebla,1,27,28
2023-04-24,Querétaro,1,24,25
2023-04-24,Sinaloa,2,13,15
2023-04-24,Sonora,1,76,77
2023-04-24,Tabasco,2,6,8
2023-04-24,Yucatán,2,16,18
2023-04-24,Zacatecas,2,11,13
2023-04-25,Baja California,1,22,23
2023-04-25,Baja California Sur,1,12,13
2023-04-25,Campeche,3,13,16
2023-04-25,Chiapas,1,11,12
2023-04-25,Coahuila de Zaragoza,2,32,34
2023-04-25,Colima,2,10,12
2023-04-25,Durango,2,36,38
2023-04-25,Guanajuato,2,36,38
2023-04-25,Guerrero,3,21,24
2023-04-25,Hidalgo,1,9,10
2023-04-25,Jalisco,1,23,24
2023-04-25,Michoacán de Ocampo,3,38,41
2023-04-25,Morelos,2,25,27
2023-04-25,Nuevo León,3,248,251
2023-04-25,Oaxaca,1,16,17
2023-04-25,Puebla,1,35,36
2023-04-25,Querétaro,2,26,28
2023-04-25,Quintana Roo,1,15,16
2023-04-25,Sinaloa,2,22,24
2023-04-25,Sonora,2,68,70
2023-04-25,Tabasco,2,4,6
2023-04-25,Tamaulipas,2,29,31
2023-04-25,Veracruz de Ignacio de la Llave,1,19,20
2023-04-25,Zacatecas,2,5,7
2023-04-26,Aguascalientes,1,8,9
2023-04-26,Baja California Sur,1,12,13
2023-04-26,Campeche,1,12,13
2023-04-26,Chiapas,1,17,18
2023-04-26,Chihuahua,1,64,65
2023-04-26,Coahuila de Zaragoza,2,22,24
2023-04-26,Durango,3,26,29
2023-04-26,Guanajuato,5,53,58
2023-04-26,Guerrero,2,15,17
2023-04-26,Hidalgo,4,7,11
2023-04-26,Jalisco,1,38,39
2023-04-26,Michoacán de Ocampo,2,46,48
2023-04-26,México,2,62,64
2023-04-26,Nayarit,2,9,11
2023-04-26,Puebla,2,34,36
2023-04-26,Querétaro,2,17,19
2023-04-26,Quintana Roo,1,18,19
2023-04-26,San Luis Potosí,1,14,15
2023-04-26,Sinaloa,4,17,21
2023-04-26,Sonora,3,62,65
2023-04-26,Tabasco,1,5,6
2023-04-26,Veracruz de Ignacio de la Llave,1,26,27
2023-04-26,Yucatán,2,11,13
2023-04-27,Aguascalientes,2,4,6
2023-04-27,Baja California,2,35,37
2023-04-27,Baja California Sur,1,14,15
2023-04-27,Campeche,3,8,11
2023-04-27,Chiapas,3,10,13
2023-04-27,Chihuahua,1,89,90
2023-04-27,Coahuila de Zaragoza,2,28,30
2023-04-27,Colima,1,14,15
2023-04-27,Durango,3,32,35
2023-04-27,Guanajuato,1,37,38
2023-04-27,Hidalgo,1,8,9
2023-04-27,Jalisco,1,39,40
2023-04-27,Michoacán de Ocampo,2,41,43
2023-04-27,México,2,59,61
2023-04-27,Nayarit,3,7,10
2023-04-27,Oaxaca,3,10,13
2023-04-27,Querétaro,2,21,23
2023-04-27,San Luis Potosí,2,30,32
2023-04-27,Sinaloa,1,18,19
2023-04-27,Sonora,2,74,76
2023-04-27,Tabasco,2,7,9
2023-04-27,Tamaulipas,1,29,30
2023-04-27,Tlaxcala,3,1,4
2023-04-27,Veracruz de Ignacio de la Llave,4,33,37
2023-04-27,Yucatán,2,22,24
2023-04-27,Zacatecas,1,5,6
2023-04-28,Aguascalientes,2,13,15
2023-04-28,Baja California,1,38,39
2023-04-28,Campeche,1,17,18
2023-04-28,Chiapas,4,108,112
2023-04-28,Colima,1,20,21
2023-04-28,Guanajuato,1,44,45
2023-04-28,Michoacán de Ocampo,2,70,72
2023-04-28,Morelos,2,26,28
2023-04-28,México,1,69,70
2023-04-28,Nayarit,3,11,14
2023-04-28,Nuevo León,2,256,258
2023-04-28,Oaxaca,1,529,530
2023-04-28,Puebla,2,183,185
2023-04-28,Querétaro,1,28,29
2023-04-28,Quintana Roo,1,16,17
2023-04-28,Tabasco,2,12,14
2023-04-28,Tamaulipas,4,51,55
2023-04-28,Tlaxcala,1,36,37
2023-04-28,Veracruz de Ignacio de la Llave,2,154,156
2023-04-28,Yucatán,1,39,40
2023-04-29,Aguascalientes,1,20,21
2023-04-29,Baja California Sur,2,18,20
2023-04-29,Campeche,3,12,15
2023-04-29,Chiapas,3,20,23
2023-04-29,Chihuahua,3,90,93
2023-04-29,Coahuila de Zaragoza,1,43,44
2023-04-29,Colima,1,27,28
2023-04-29,Durango,2,33,35
2023-04-29,Guanajuato,2,65,67
2023-04-29,Guerrero,1,27,28
2023-04-29,Hidalgo,3,9,12
2023-04-29,Jalisco,1,49,50
2023-04-29,Morelos,1,27,28
2023-04-29,México,2,67,69
2023-04-29,Nuevo León,5,224,229
2023-04-29,Querétaro,1,27,28
2023-04-29,Quintana Roo,1,22,23
2023-04-29,San Luis Potosí,1,21,22
2023-04-29,Sonora,1,67,68
2023-04-29,Tamaulipas,1,55,56
2023-04-29,Tlaxcala,3,1,4
2023-04-29,Veracruz de Ignacio de la Llave,2,32,34
2023-04-29,Yucatán,1,24,25
2023-04-29,Zacatecas,1,8,9
2023-04-30,Aguascalientes,2,18,20
2023-04-30,Baja California,1,26,27
2023-04-30,Campeche,4,9,13
2023-04-30,Chiapas,1,17,18
2023-04-30,Chihuahua,4,79,83
2023-04-30,Coahuila de Zaragoza,1,36,37
2023-04-30,Colima,2,26,28
2023-04-30,Durango,1,31,32
2023-04-30,Guanajuato,3,69,72
2023-04-30,Guerrero,3,30,33
2023-04-30,Hidalgo,4,15,19
2023-04-30,Michoacán de Ocampo,2,41,43
2023-04-30,Morelos,3,24,27
2023-04-30,México,1,65,66
2023-04-30,Oaxaca,1,16,17
2023-04-30,Quintana Roo,2,19,21
2023-04-30,Sonora,1,62,63
2023-04-30,Tabasco,4,5,9
2023-04-30,Tamaulipas,1,49,50
2023-04-30,Tlaxcala,4,6,10
2023-04-30,Veracruz de Ignacio de la Llave,3,19,22
2023-04-30,Yucatán,1,16,17
2023-04-30,Zacatecas,2,8,10
2023-05-01,Aguascalientes,5,11,16
2023-05-01,Baja California Sur,1,22,23
2023-05-01,Chiapas,4,11,15
2023-05-01,Chihuahua,3,71,74
2023-05-01,Coahuila de Zaragoza,2,38,40
2023-05-01,Colima,5,18,23
2023-05-01,Durango,6,31,37
2023-05-01,Guanajuato,1,54,55
2023-05-01,Hidalgo,2,8,10
2023-05-01,Jalisco,2,35,37
2023-05-01,Michoacán de Ocampo,2,41,43
2023-05-01,México,3,78,81
2023-05-01,Puebla,2,31,33
2023-05-01,Quintana Roo,2,20,22
2023-05-01,San Luis Potosí,2,17,19
2023-05-01,Sinaloa,1,40,41
2023-05-01,Sonora,1,74,75
2023-05-01,Tamaulipas,1,34,35
2023-05-01,Tlaxcala,2,7,9
2023-05-01,Yucatán,1,25,26
2023-05-01,Zacatecas,4,8,12
2023-05-02,Aguascalientes,1,12,13
2023-05-02,Baja California,4,34,38
2023-05-02,Baja California Sur,3,12,15
2023-05-02,Campeche,3,14,17
2023-05-02,Chiapas,1,15,16
2023-05-02,Coahuila de Zaragoza,3,31,34
2023-05-02,Colima,1,25,26
2023-05-02,Durango,1,25,26
2023-05-02,Guerrero,1,18,19
2023-05-02,Hidalgo,3,9,12
2023-05-02,Jalisco,4,34,38
2023-05-02,Morelos,2,35,37
2023-05-02,México,1,51,52
2023-05-02,Nayarit,1,6,7
2023-05-02,Nuevo León,3,228,231
2023-05-02,Puebla,2,47,49
2023-05-02,Querétaro,1,20,21
2023-05-02,San Luis Potosí,1,23,24
2023-05-02,Sinaloa,3,15,18
2023-05-02,Sonora,3,64,67
2023-05-02,Tamaulipas,1,36,37
2023-05-02,Tlaxcala,1,3,4
2023-05-02,Veracruz de Ignacio de la Llave,1,21,22
2023-05-02,Yucatán,2,23,25
2023-05-02,Zacatecas,1,8,9
2023-05-03,Aguascalientes,2,9,11
2023-05-03,Baja California,3,41,44
2023-05-03,Chihuahua,3,67,70
2023-05-03,Colima,4,14,18
2023-05-03,Guerrero,1,29,30
2023-05-03,Hidalgo,1,11,12
2023-05-03,Jalisco,3,45,48
2023-05-03,Michoacán de Ocampo,1,47,48
2023-05-03,Morelos,1,27,28
2023-05-03,México,1,67,68
2023-05-03,Nayarit,1,5,6
2023-05-03,Oaxaca,2,15,17
2023-05-03,Querétaro,5,27,32
2023-05-03,Quintana Roo,3,23,26
2023-05-03,San Luis Potosí,1,17,18
2023-05-03,Sinaloa,2,22,24
2023-05-03,Tabasco,1,7,8
2023-05-03,Tlaxcala,3,6,9
2023-05-03,Yucatán,1,20,21
2023-05-03,Zacatecas,2,7,9
2023-05-04,Aguascalientes,2,7,9
2023-05-04,Baja California,3,37,40
2023-05-04,Campeche,1,15,16
2023-05-04,Chiapas,2,11,13
2023-05-04,Chihuahua,5,56,61
2023-05-04,Coahuila de Zaragoza,3,32,35
2023-05-04,Colima,1,16,17
2023-05-04,Durango,1,34,35
2023-05-04,Guanajuato,2,40,42
2023-05-04,Guerrero,2,20,22
2023-05-04,Hidalgo,2,10,12
2023-05-04,Jalisco,2,29,31
2023-05-04,Morelos,1,26,27
2023-05-04,Nayarit,2,8,10
2023-05-04,Nuevo León,1,219,220
2023-05-04,Oaxaca,1,14,15
2023-05-04,Puebla,2,37,39
2023-05-04,Querétaro,2,30,32
2023-05-04,Quintana Roo,2,18,20
2023-05-04,San Luis Potosí,1,22,23
2023-05-04,Sonora,1,65,66
2023-05-04,Tabasco,3,2,5
2023-05-04,Tlaxcala,1,1,2
2023-05-04,Veracruz de Ignacio de la Llave,1,26,27
2023-05-04,Yucatán,1,24,25
2023-05-04,Zacatecas,2,4,6
2023-05-05,Baja California,1,46,47
2023-05-05,Baja California Sur,1,17,18
2023-05-05,Campeche,1,9,10
2023-05-05,Chiapas,3,8,11
2023-05-05,Coahuila de Zaragoza,1,41,42
2023-05-05,Colima,1,19,20
2023-05-05,Durango,4,25,29
2023-05-05,Guanajuato,4,52,56
2023-05-05,Guerrero,2,17,19
2023-05-05,Jalisco,3,42,45
2023-05-05,Morelos,2,22,24
2023-05-05,Nayarit,2,9,11
2023-05-05,Nuevo León,2,214,216
2023-05-05,Oaxaca,2,10,12
2023-05-05,Puebla,1,36,37
2023-05-05,Sinaloa,1,21,22
2023-05-05,Sonora,1,74,75
2023-05-05,Tabasco,2,10,12
2023-05-05,Tamaulipas,3,33,36
2023-05-05,Veracruz de Ignacio de la Llave,3,34,37
2023-05-05,Yucatán,2,21,23
2023-05-05,Zacatecas,1,6,7
2023-05-06,Aguascalientes,1,20,21
2023-05-06,Baja California,1,42,43
2023-05-06,Campeche,2,11,13
2023-05-06,Chiapas,1,12,13
2023-05-06,Chihuahua,4,75,79
2023-05-06,Colima,1,9,10
2023-05-06,Guanajuato,3,66,69
2023-05-06,Guerrero,3,25,28
2023-05-06,Hidalgo,1,11,12
2023-05-06,Michoacán de Ocampo,2,55,57
2023-05-06,México,2,63,65
2023-05-06,Nuevo León,4,212,216
2023-05-06,Oaxaca,1,15,16
2023-05-06,Querétaro,2,28,30
2023-05-06,Quintana Roo,4,20,24
2023-05-06,San Luis Potosí,1,16,17
2023-05-06,Tabasco,1,9,10
2023-05-06,Tamaulipas,3,36,39
2023-05-06,Tlaxcala,1,1,2
2023-05-06,Yucatán,1,29,30
2023-05-07,Aguascalientes,2,20,22
2023-05-07,Baja California Sur,2,12,14
2023-05-07,Campeche,2,8,10
2023-05-07,Chiapas,1,12,13
2023-05-07,Coahuila de Zaragoza,2,27,29
2023-05-07,Colima,2,16,18
2023-05-07,Durango,1,34,35
2023-05-07,Guanajuato,1,53,54
2023-05-07,Guerrero,1,28,29
2023-05-07,Hidalgo,1,11,12
2023-05-07,Jalisco,1,41,42
2023-05-07,Michoacán de Ocampo,1,46,47
2023-05-07,Morelos,1,33,34
2023-05-07,México,1,61,62
2023-05-07,Oaxaca,1,12,13
2023-05-07,Querétaro,1,29,30
2023-05-07,Quintana Roo,1,16,17
2023-05-07,San Luis Potosí,1,12,13
2023-05-07,Sonora,2,63,65
2023-05-07,Tabasco,2,9,11
2023-05-07,Tamaulipas,4,42,46
2023-05-07,Tlaxcala,1,6,7
2023-05-07,Zacatecas,1,16,17
2023-05-08,Aguascalientes,2,11,13
2023-05-08,Baja California Sur,5,14,19
2023-05-08,Campeche,1,8,9
2023-05-08,Chiapas,1,16,17
2023-05-08,Coahuila de Zaragoza,3,30,33
2023-05-08,Durango,1,33,34
2023-05-08,Guerrero,3,32,35
2023-05-08,Jalisco,1,60,61
2023-05-08,Michoacán de Ocampo,3,47,50
2023-05-08,Morelos,2,34,36
2023-05-08,Nayarit,2,13,15
2023-05-08,Nuevo León,2,221,223
2023-05-08,Puebla,2,47,49
2023-05-08,Quintana Roo,4,26,30
2023-05-08,San Luis Potosí,2,10,12
2023-05-08,Sinaloa,2,24,26
2023-05-08,Tabasco,1,7,8
2023-05-08,Tlaxcala,1,3,4
2023-05-08,Veracruz de Ignacio de la Llave,2,35,37
2023-05-08,Yucatán,1,21,22
2023-05-09,Aguascalientes,2,12,14
2023-05-09,Baja California,3,34,37
2023-05-09,Baja California Sur,1,11,12
2023-05-09,Campeche,1,15,16
2023-05-09,Chiapas,1,10,11
2023-05-09,Chihuahua,2,66,68
2023-05-09,Coahuila de Zaragoza,1,27,28
2023-05-09,Colima,2,17,19
2023-05-09,Guanajuato,2,60,62
2023-05-09,Hidalgo,6,11,17
2023-05-09,Jalisco,2,50,52
2023-05-09,Michoacán de Ocampo,2,46,48
2023-05-09,Morelos,1,26,27
2023-05-09,Nayarit,1,15,16
2023-05-09,Nuevo León,1,274,275
2023-05-09,Oaxaca,3,9,12
2023-05-09,Querétaro,3,21,24
2023-05-09,Quintana Roo,3,22,25
2023-05-09,San Luis Potosí,1,17,18
2023-05-09,Sinaloa,2,17,19
2023-05-09,Sonora,1,103,104
2023-05-09,Tabasco,1,9,10
2023-05-09,Tamaulipas,2,46,48
2023-05-09,Tlaxcala,3,5,8
2023-05-09,Veracruz de Ignacio de la Llave,1,28,29
2023-05-09,Zacatecas,4,6,10
2023-05-10,Baja California,2,32,34
2023-05-10,Baja California Sur,2,12,14
2023-05-10,Chiapas,2,19,21
2023-05-10,Coahuila de Zaragoza,2,35,37
2023-05-10,Colima,1,11,12
2023-05-10,Guerrero,3,19,22
2023-05-10,Hidalgo,1,8,9
2023-05-10,Jalisco,1,44,45
2023-05-10,Michoacán de Ocampo,2,38,40
2023-05-10,Morelos,7,16,23
2023-05-10,México,4,61,65
2023-05-10,Nayarit,1,8,9
2023-05-10,Nuevo León,1,252,253
2023-05-10,Oaxaca,1,14,15
2023-05-10,Puebla,1,30,31
2023-05-10,Querétaro,2,27,29
2023-05-10,Quintana Roo,2,15,17
2023-05-10,Sinaloa,2,15,17
2023-05-10,Sonora,2,84,86
2023-05-10,Tabasco,5,8,13
2023-05-10,Veracruz de Ignacio de la Llave,3,26,29
2023-05-10,Yucatán,2,22,24
2023-05-10,Zacatecas,2,10,12
2023-05-11,Aguascalientes,2,4,6
2023-05-11,Baja California,3,33,36
2023-05-11,Baja California Sur,1,8,9
2023-05-11,Chiapas,2,7,9
2023-05-11,Chihuahua,3,66,69
2023-05-11,Coahuila de Zaragoza,3,28,31
2023-05-11,Colima,2,19,21
2023-05-11,Durango,1,31,32
2023-05-11,Guanajuato,4,52,56
2023-05-11,Guerrero,2,23,25
2023-05-11,Jalisco,1,33,34
2023-05-11,Michoacán de Ocampo,2,44,46
2023-05-11,Morelos,2,27,29
2023-05-11,México,1,58,59
2023-05-11,Nuevo León,2,221,223
2023-05-11,Oaxaca,2,12,14
2023-05-11,Puebla,1,51,52
2023-05-11,Querétaro,2,28,30
2023-05-11,Quintana Roo,1,25,26
2023-05-11,San Luis Potosí,3,21,24
2023-05-11,Sonora,1,66,67
2023-05-11,Tabasco,2,4,6
2023-05-11,Tamaulipas,2,40,42
2023-05-11,Tlaxcala,3,6,9
2023-05-11,Veracruz de Ignacio de la Llave,1,31,32
2023-05-11,Zacatecas,1,5,6
2023-05-12,Aguascalientes,3,13,16
2023-05-12,Baja California,1,25,26
2023-05-12,Baja California Sur,4,19,23
2023-05-12,Campeche,1,16,17
2023-05-12,Chiapas,2,9,11
2023-05-12,Chihuahua,1,76,77
2023-05-12,Coahuila de Zaragoza,2,33,35
2023-05-12,Durango,2,37,39
2023-05-12,Guanajuato,1,42,43
2023-05-12,Guerrero,2,19,21
2023-05-12,Hidalgo,2,10,12
2023-05-12,Jalisco,2,42,44
2023-05-12,Nayarit,2,3,5
2023-05-12,Nuevo León,2,264,266
2023-05-12,Oaxaca,2,10,12
2023-05-12,Puebla,1,36,37
2023-05-12,Querétaro,3,23,26
2023-05-12,Quintana Roo,2,21,23
2023-05-12,San Luis Potosí,3,23,26
2023-05-12,Sinaloa,3,18,21
2023-05-12,Sonora,2,75,77
2023-05-12,Tamaulipas,2,42,44
2023-05-12,Tlaxcala,4,6,10
2023-05-12,Zacatecas,6,10,16
2023-05-13,Aguascalientes,1,14,15
2023-05-13,Baja California,1,33,34
2023-05-13,Campeche,1,9,10
2023-05-13,Chiapas,1,16,17
2023-05-13,Chihuahua,2,104,106
2023-05-13,Colima,2,14,16
2023-05-13,Durango,1,33,34
2023-05-13,Guanajuato,2,57,59
2023-05-13,Guerrero,3,29,32
2023-05-13,Hidalgo,3,13,16
2023-05-13,Jalisco,3,52,55
2023-05-13,Morelos,1,35,36
2023-05-13,México,3,76,79
2023-05-13,Nayarit,3,8,11
2023-05-13,Nuevo León,2,220,222
2023-05-13,Oaxaca,1,17,18
2023-05-13,Puebla,3,62,65
2023-05-13,Querétaro,1,37,38
2023-05-13,Quintana Roo,3,28,31
2023-05-13,Tabasco,1,5,6
2023-05-13,Tamaulipas,2,26,28
2023-05-13,Tlaxcala,2,5,7
2023-05-13,Veracruz de Ignacio de la Llave,2,28,30
2023-05-13,Yucatán,1,35,36
2023-05-13,Zacatecas,1,6,7
2023-05-14,Aguascalientes,2,18,20
2023-05-14,Baja California,1,37,38
2023-05-14,Baja California Sur,1,22,23
2023-05-14,Campeche,3,5,8
2023-05-14,Chiapas,1,7,8
2023-05-14,Chihuahua,2,81,83
2023-05-14,Coahuila de Zaragoza,2,30,32
2023-05-14,Colima,2,16,18
2023-05-14,Durango,2,27,29
2023-05-14,Guanajuato,2,56,58
2023-05-14,Guerrero,2,22,24
2023-05-14,Hidalgo,2,13,15
2023-05-14,Jalisco,2,53,55
2023-05-14,Michoacán de Ocampo,1,56,57
2023-05-14,Morelos,1,22,23
2023-05-14,México,2,47,49
2023-05-14,Nuevo León,3,146,149
2023-05-14,Oaxaca,2,18,20
2023-05-14,Puebla,2,30,32
2023-05-14,Querétaro,1,21,22
2023-05-14,Quintana Roo,2,17,19
2023-05-14,Sinaloa,4,26,30
2023-05-14,Tabasco,1,5,6
2023-05-14,Tamaulipas,1,53,54
2023-05-14,Tlaxcala,2,7,9
2023-05-14,Yucatán,3,22,25
2023-05-14,Zacatecas,2,18,20
2023-05-15,Aguascalientes,1,12,13
2023-05-15,Baja California Sur,3,18,21
2023-05-15,Chiapas,1,11,12
2023-05-15,Coahuila de Zaragoza,1,20,21
2023-05-15,Colima,2,16,18
2023-05-15,Guanajuato,3,34,37
2023-05-15,Guerrero,1,18,19
2023-05-15,Hidalgo,1,10,11
2023-05-15,Jalisco,1,41,42
2023-05-15,Michoacán de Ocampo,1,38,39
2023-05-15,Morelos,2,20,22
2023-05-15,Nayarit,2,6,8
2023-05-15,Nuevo León,1,198,199
2023-05-15,Oaxaca,1,14,15
2023-05-15,Puebla,4,49,53
2023-05-15,Querétaro,2,19,21
2023-05-15,Quintana Roo,3,15,18
2023-05-15,San Luis Potosí,2,18,20
2023-05-15,Sinaloa,1,19,20
2023-05-15,Sonora,1,65,66
2023-05-15,Tabasco,2,6,8
2023-05-15,Tamaulipas,2,28,30
2023-05-15,Veracruz de Ignacio de la Llave,3,31,34
2023-05-15,Yucatán,4,21,25
2023-05-15,Zacatecas,3,2,5
2023-05-16,Baja California Sur,3,16,19
2023-05-16,Campeche,2,16,18
2023-05-16,Chihuahua,2,72,74
2023-05-16,Coahuila de Zaragoza,3,25,28
2023-05-16,Colima,1,13,14
2023-05-16,Guanajuato,2,46,48
2023-05-16,Guerrero,2,19,21
2023-05-16,Hidalgo,3,18,21
2023-05-16,Michoacán de Ocampo,1,46,47
2023-05-16,Morelos,1,20,21
2023-05-16,México,3,60,63
2023-05-16,Nayarit,2,2,4
2023-05-16,Puebla,2,37,39
2023-05-16,Quintana Roo,1,16,17
2023-05-16,San Luis Potosí,3,15,18
2023-05-16,Sonora,2,61,63
2023-05-16,Tabasco,4,5,9
2023-05-16,Tamaulipas,2,36,38
2023-05-16,Tlaxcala,1,5,6
2023-05-16,Veracruz de Ignacio de la Llave,2,32,34
2023-05-16,Yucatán,2,24,26
2023-05-16,Zacatecas,3,4,7
2023-05-17,Aguascalientes,2,7,9
2023-05-17,Baja California,2,26,28
2023-05-17,Campeche,2,16,18
2023-05-17,Chiapas,3,13,16
2023-05-17,Chihuahua,4,60,64
2023-05-17,Coahuila de Zaragoza,3,29,32
2023-05-17,Colima,2,26,28
2023-05-17,Durango,3,35,38
2023-05-17,Guanajuato,3,49,52
2023-05-17,Hidalgo,4,9,13
2023-05-17,Jalisco,1,37,38
2023-05-17,Michoacán de Ocampo,1,48,49
2023-05-17,Morelos,2,15,17
2023-05-17,México,2,57,59
2023-05-17,Nayarit,4,2,6
2023-05-17,Nuevo León,1,226,227
2023-05-17,Oaxaca,2,13,15
2023-05-17,Puebla,1,42,43
2023-05-17,Querétaro,1,21,22
2023-05-17,San Luis Potosí,3,22,25
2023-05-17,Tabasco,3,8,11
2023-05-17,Tamaulipas,1,32,33
2023-05-17,Zacatecas,4,6,10
2023-05-18,Aguascalientes,1,10,11
2023-05-18,Baja California,4,23,27
2023-05-18,Campeche,1,14,15
2023-05-18,Chiapas,2,14,16
2023-05-18,Colima,1,17,18
2023-05-18,Guerrero,1,20,21
2023-05-18,Hidalgo,1,12,13
2023-05-18,Michoacán de Ocampo,1,45,46
2023-05-18,Nayarit,2,3,5
2023-05-18,Nuevo León,1,226,227
2023-05-18,Oaxaca,3,12,15
2023-05-18,Puebla,3,36,39
2023-05-18,Querétaro,2,21,23
2023-05-18,Quintana Roo,5,18,23
2023-05-18,San Luis Potosí,1,17,18
2023-05-18,Sinaloa,1,17,18
2023-05-18,Sonora,2,70,72
2023-05-18,Tabasco,1,6,7
2023-05-18,Tlaxcala,1,2,3
2023-05-18,Veracruz de Ignacio de la Llave,2,26,28
2023-05-18,Yucatán,2,29,31
2023-05-19,Aguascalientes,3,14,17
2023-05-19,Baja California,3,35,38
2023-05-19,Baja California Sur,2,14,16
2023-05-19,Campeche,1,14,15
2023-05-19,Coahuila de Zaragoza,1,28,29
2023-05-19,Durango,1,30,31
2023-05-19,Guanajuato,3,49,52
2023-05-19,Hidalgo,2,7,9
2023-05-19,Morelos,2,29,31
2023-05-19,Nuevo León,1,247,248
2023-05-19,Oaxaca,2,19,21
2023-05-19,Puebla,3,46,49
2023-05-19,Quintana Roo,3,14,17
2023-05-19,San Luis Potosí,2,21,23
2023-05-19,Sonora,1,86,87
2023-05-19,Tabasco,1,8,9
2023-05-19,Tamaulipas,2,32,34
2023-05-19,Veracruz de Ignacio de la Llave,1,26,27
2023-05-19,Yucatán,1,20,21
2023-05-19,Zacatecas,2,11,13
2023-05-20,Aguascalientes,1,17,18
2023-05-20,Baja California,3,40,43
2023-05-20,Campeche,2,17,19
2023-05-20,Chiapas,2,8,10
2023-05-20,Coahuila de Zaragoza,1,26,27
2023-05-20,Durango,1,42,43
2023-05-20,Guerrero,3,29,32
2023-05-20,Michoacán de Ocampo,2,48,50
2023-05-20,Morelos,1,25,26
2023-05-20,México,2,62,64
2023-05-20,Nuevo León,8,193,201
2023-05-20,Puebla,1,45,46
2023-05-20,Querétaro,1,38,39
2023-05-20,Quintana Roo,3,18,21
2023-05-20,San Luis Potosí,2,23,25
2023-05-20,Sinaloa,4,23,27
2023-05-20,Tabasco,2,5,7
2023-05-20,Tlaxcala,4,9,13
2023-05-20,Veracruz de Ignacio de la Llave,4,19,23
2023-05-20,Yucatán,3,26,29
2023-05-21,Baja California,1,25,26
2023-05-21,Baja California Sur,3,23,26
2023-05-21,Campeche,1,5,6
2023-05-21,Coahuila de Zaragoza,1,41,42
2023-05-21,Colima,2,18,20
2023-05-21,Durango,1,32,33
2023-05-21,Guanajuato,2,67,69
2023-05-21,Guerrero,2,14,16
2023-05-21,Hidalgo,3,14,17
2023-05-21,Jalisco,1,36,37
2023-05-21,Morelos,1,30,31
2023-05-21,Nuevo León,3,156,159
2023-05-21,Oaxaca,2,16,18
2023-05-21,Querétaro,1,34,35
2023-05-21,Quintana Roo,1,29,30
2023-05-21,San Luis Potosí,4,22,26
2023-05-21,Sinaloa,2,35,37
2023-05-21,Sonora,2,62,64
2023-05-21,Tabasco,1,8,9
2023-05-21,Tamaulipas,3,41,44
2023-05-21,Veracruz de Ignacio de la Llave,2,24,26
2023-05-21,Zacatecas,1,8,9
2023-05-22,Aguascalientes,4,16,20
2023-05-22,Baja California,2,40,42
2023-05-22,Baja California Sur,3,18,21
2023-05-22,Campeche,5,11,16
2023-05-22,Chiapas,3,9,12
2023-05-22,Chihuahua,2,72,74
2023-05-22,Coahuila de Zaragoza,1,24,25
2023-05-22,Durango,1,34,35
2023-05-22,Guanajuato,2,41,43
2023-05-22,Guerrero,1,18,19
2023-05-22,Hidalgo,2,12,14
2023-05-22,Jalisco,1,43,44
2023-05-22,Michoacán de Ocampo,2,55,57
2023-05-22,Morelos,1,11,12
2023-05-22,Nuevo León,2,263,265
2023-05-22,Oaxaca,3,19,22
2023-05-22,Puebla,1,37,38
2023-05-22,San Luis Potosí,2,19,21
2023-05-22,Tamaulipas,3,37,40
2023-05-22,Tlaxcala,4,2,6
2023-05-22,Veracruz de Ignacio de la Llave,1,19,20
2023-05-22,Yucatán,2,20,22
2023-05-22,Zacatecas,3,7,10
2023-05-23,Aguascalientes,4,12,16
2023-05-23,Baja California,5,26,31
2023-05-23,Baja California Sur,2,21,23
2023-05-23,Chihuahua,2,72,74
2023-05-23,Coahuila de Zaragoza,1,27,28
2023-05-23,Colima,1,12,13
2023-05-23,Guanajuato,4,46,50
2023-05-23,Guerrero,1,16,17
2023-05-23,Hidalgo,1,10,11
2023-05-23,Jalisco,1,29,30
2023-05-23,Michoacán de Ocampo,1,44,45
2023-05-23,Morelos,2,19,21
2023-05-23,México,4,53,57
2023-05-23,Nayarit,1,8,9
2023-05-23,Oaxaca,2,13,15
2023-05-23,Querétaro,1,14,15
2023-05-23,San Luis Potosí,2,14,16
2023-05-23,Sinaloa,5,17,22
2023-05-23,Tabasco,1,10,11
2023-05-23,Tlaxcala,3,3,6
2023-05-23,Veracruz de Ignacio de la Llave,2,33,35
2023-05-23,Yucatán,3,28,31
2023-05-23,Zacatecas,2,5,7
2023-05-24,Aguascalientes,3,11,14
2023-05-24,Baja California,3,30,33
2023-05-24,Baja California Sur,3,12,15
2023-05-24,Chiapas,1,12,13
2023-05-24,Chihuahua,1,61,62
2023-05-24,Coahuila de Zaragoza,2,30,32
2023-05-24,Durango,2,33,35
2023-05-24,Guanajuato,1,30,31
2023-05-24,Hidalgo,3,6,9
2023-05-24,Jalisco,1,37,38
2023-05-24,Morelos,2,15,17
2023-05-24,México,2,58,60
2023-05-24,Nayarit,1,10,11
2023-05-24,Nuevo León,2,239,241
2023-05-24,Oaxaca,3,15,18
2023-05-24,Querétaro,1,14,15
2023-05-24,Quintana Roo,1,14,15
2023-05-24,San Luis Potosí,1,17,18
2023-05-24,Sinaloa,3,28,31
2023-05-24,Sonora,2,69,71
2023-05-24,Tamaulipas,2,38,40
2023-05-24,Veracruz de Ignacio de la Llave,2,27,29
2023-05-24,Yucatán,3,20,23
2023-05-24,Zacatecas,3,5,8
2023-05-25,Baja California,1,26,27
2023-05-25,Baja California Sur,2,13,15
2023-05-25,Campeche,2,16,18
2023-05-25,Chiapas,1,15,16
2023-05-25,Chihuahua,1,71,72
2023-05-25,Coahuila de Zaragoza,2,21,23
2023-05-25,Durango,3,26,29
2023-05-25,Guanajuato,5,43,48
2023-05-25,Guerrero,1,15,16
2023-05-25,Hidalgo,1,11,12
2023-05-25,Jalisco,1,38,39
2023-05-25,Morelos,1,17,18
2023-05-25,México,1,52,53
2023-05-25,Nuevo León,1,252,253
2023-05-25,Puebla,2,38,40
2023-05-25,Querétaro,1,16,17
2023-05-25,Quintana Roo,1,16,17
2023-05-25,San Luis Potosí,3,23,26
2023-05-25,Sinaloa,2,25,27
2023-05-25,Sonora,2,69,71
2023-05-25,Tabasco,1,7,8
2023-05-25,Tamaulipas,3,29,32
2023-05-25,Tlaxcala,1,2,3
2023-05-25,Veracruz de Ignacio de la Llave,1,28,29
2023-05-25,Yucatán,1,23,24
2023-05-26,Baja California Sur,4,11,15
2023-05-26,Campeche,4,9,13
2023-05-26,Chiapas,1,10,11
2023-05-26,Chihuahua,2,69,71
2023-05-26,Coahuila de Zaragoza,3,24,27
2023-05-26,Durango,1,37,38
2023-05-26,Guanajuato,5,57,62
2023-05-26,Guerrero,2,31,33
2023-05-26,Jalisco,1,41,42
2023-05-26,Morelos,1,22,23
2023-05-26,Oaxaca,1,16,17
2023-05-26,Puebla,1,45,46
2023-05-26,Quintana Roo,3,20,23
2023-05-26,San Luis Potosí,2,11,13
2023-05-26,Sinaloa,1,21,22
2023-05-26,Tabasco,1,6,7
2023-05-26,Tamaulipas,1,40,41
2023-05-26,Veracruz de Ignacio de la Llave,5,16,21
2023-05-26,Yucatán,3,21,24
2023-05-26,Zacatecas,5,7,12
2023-05-27,Aguascalientes,2,16,18
2023-05-27,Baja California,1,47,48
2023-05-27,Baja California Sur,1,21,22
2023-05-27,Chiapas,1,19,20
2023-05-27,Chihuahua,2,57,59
2023-05-27,Colima,2,19,21
2023-05-27,Durango,3,44,47
2023-05-27,Guerrero,1,21,22
2023-05-27,Hidalgo,1,12,13
2023-05-27,Jalisco,4,51,55
2023-05-27,Michoacán de Ocampo,1,36,37
2023-05-27,Morelos,2,20,22
2023-05-27,México,1,56,57
2023-05-27,Nuevo León,4,210,214
2023-05-27,Oaxaca,2,12,14
2023-05-27,Querétaro,1,27,28
2023-05-27,Quintana Roo,1,17,18
2023-05-27,San Luis Potosí,1,23,24
2023-05-27,Sinaloa,2,27,29
2023-05-27,Sonora,5,87,92
2023-05-27,Tabasco,3,9,12
2023-05-27,Tamaulipas,2,38,40
2023-05-27,Tlaxcala,2,5,7
2023-05-27,Veracruz de Ignacio de la Llave,1,34,35
2023-05-27,Yucatán,2,26,28
2023-05-27,Zacatecas,1,12,13
2023-05-28,Aguascalientes,1,22,23
2023-05-28,Baja California,1,30,31
2023-05-28,Chihuahua,1,91,92
2023-05-28,Coahuila de Zaragoza,1,43,44
2023-05-28,Colima,1,18,19
2023-05-28,Durango,1,30,31
2023-05-28,Guanajuato,2,53,55
2023-05-28,Jalisco,1,118,119
2023-05-28,Michoacán de Ocampo,2,91,93
2023-05-28,Morelos,4,31,35
2023-05-28,México,2,60,62
2023-05-28,Nayarit,3,9,12
2023-05-28,Nuevo León,1,221,222
2023-05-28,Oaxaca,1,529,530
2023-05-28,Puebla,2,185,187
2023-05-28,Querétaro,2,24,26
2023-05-28,San Luis Potosí,4,62,66
2023-05-28,Sonora,1,98,99
2023-05-28,Tamaulipas,2,48,50
2023-05-28,Veracruz de Ignacio de la Llave,1,149,150
2023-05-29,Baja California,2,38,40
2023-05-29,Chihuahua,1,57,58
2023-05-29,Colima,1,13,14
2023-05-29,Guanajuato,2,61,63
2023-05-29,Guerrero,6,29,35
2023-05-29,Hidalgo,1,11,12
2023-05-29,Jalisco,1,47,48
2023-05-29,Morelos,1,21,22
2023-05-29,México,2,52,54
2023-05-29,Nayarit,1,4,5
2023-05-29,Oaxaca,2,14,16
2023-05-29,Puebla,2,49,51
2023-05-29,San Luis Potosí,1,15,16
2023-05-29,Sinaloa,1,27,28
2023-05-29,Sonora,1,70,71
2023-05-29,Tabasco,1,6,7
2023-05-29,Tamaulipas,1,34,35
2023-05-29,Veracruz de Ignacio de la Llave,2,30,32
2023-05-29,Yucatán,1,20,21
2023-05-30,Baja California,3,26,29
2023-05-30,Baja California Sur,1,15,16
2023-05-30,Campeche,1,9,10
2023-05-30,Chiapas,1,15,16
2023-05-30,Chihuahua,3,55,58
2023-05-30,Coahuila de Zaragoza,2,26,28
2023-05-30,Durango,1,24,25
2023-05-30,Guanajuato,3,46,49
2023-05-30,Guerrero,2,18,20
2023-05-30,Hidalgo,1,3,4
2023-05-30,Jalisco,2,34,36
2023-05-30,Michoacán de Ocampo,1,33,34
2023-05-30,Nuevo León,1,255,256
2023-05-30,Oaxaca,2,11,13
2023-05-30,Puebla,1,30,31
2023-05-30,Querétaro,1,25,26
2023-05-30,Quintana Roo,1,14,15
2023-05-30,San Luis Potosí,1,13,14
2023-05-30,Sinaloa,2,23,25
2023-05-30,Sonora,1,66,67
2023-05-30,Tabasco,3,2,5
2023-05-30,Tamaulipas,2,33,35
2023-05-30,Tlaxcala,1,2,3
2023-05-30,Veracruz de Ignacio de la Llave,1,23,24
2023-05-30,Yucatán,2,20,22
2023-05-31,Aguascalientes,2,11,13
2023-05-31,Baja California,3,28,31
2023-05-31,Chihuahua,2,54,56
2023-05-31,Colima,1,11,12
2023-05-31,Guanajuato,1,37,38
2023-05-31,Guerrero,2,15,17
2023-05-31,Hidalgo,1,12,13
2023-05-31,Jalisco,2,27,29
2023-05-31,Michoacán de Ocampo,3,40,43
2023-05-31,México,2,53,55
2023-05-31,Nayarit,2,3,5
2023-05-31,Querétaro,5,29,34
2023-05-31,Quintana Roo,2,16,18
2023-05-31,San Luis Potosí,2,13,15
2023-05-31,Sinaloa,2,34,36
2023-05-31,Sonora,4,76,80
2023-05-31,Tabasco,1,7,8
2023-05-31,Tlaxcala,1,4,5
2023-05-31,Veracruz de Ignacio de la Llave,3,24,27
2023-05-31,Yucatán,1,12,13
2023-05-31,Zacatecas,2,3,5
2023-06-01,Aguascalientes,3,18,21
2023-06-01,Baja California,1,41,42
2023-06-01,Baja California Sur,1,14,15
2023-06-01,Campeche,3,16,19
2023-06-01,Chihuahua,2,74,76
2023-06-01,Durango,1,42,43
2023-06-01,Guanajuato,2,42,44
2023-06-01,Guerrero,3,19,22
2023-06-01,Hidalgo,2,13,15
2023-06-01,Jalisco,2,36,38
2023-06-01,Michoacán de Ocampo,2,48,50
2023-06-01,México,3,89,92
2023-06-01,Nayarit,3,8,11
2023-06-01,Nuevo León,2,259,261
2023-06-01,Oaxaca,1,24,25
2023-06-01,Puebla,2,47,49
2023-06-01,Querétaro,1,29,30
2023-06-01,Quintana Roo,1,21,22
2023-06-01,San Luis Potosí,3,20,23
2023-06-01,Sinaloa,3,27,30
2023-06-01,Sonora,1,94,95
2023-06-01,Tlaxcala,1,7,8
2023-06-01,Veracruz de Ignacio de la Llave,3,22,25
2023-06-01,Yucatán,2,28,30
2023-06-01,Zacatecas,1,2,3
2023-06-02,Aguascalientes,4,14,18
2023-06-02,Baja California,2,19,21
2023-06-02,Campeche,2,11,13
2023-06-02,Chihuahua,1,48,49
2023-06-02,Coahuila de Zaragoza,2,27,29
2023-06-02,Colima,3,22,25
2023-06-02,Durango,2,29,31
2023-06-02,Guanajuato,1,38,39
2023-06-02,Guerrero,1,16,17
2023-06-02,Hidalgo,2,8,10
2023-06-02,Jalisco,3,50,53
2023-06-02,Michoacán de Ocampo,2,58,60
2023-06-02,Morelos,1,22,23
2023-06-02,México,1,79,80
2023-06-02,Nuevo León,3,241,244
2023-06-02,Puebla,1,43,44
2023-06-02,Querétaro,3,33,36
2023-06-02,Quintana Roo,4,27,31
2023-06-02,San Luis Potosí,2,19,21
2023-06-02,Sonora,1,82,83
2023-06-02,Tabasco,1,6,7
2023-06-02,Tlaxcala,2,7,9
2023-06-02,Yucatán,1,25,26
2023-06-03,Aguascalientes,4,17,21
2023-06-03,Baja California,3,35,38
2023-06-03,Chiapas,2,15,17
2023-06-03,Chihuahua,3,78,81
2023-06-03,Coahuila de Zaragoza,1,30,31
2023-06-03,Colima,2,9,11
2023-06-03,Durango,1,33,34
2023-06-03,Guanajuato,2,52,54
2023-06-03,Guerrero,2,24,26
2023-06-03,Hidalgo,1,11,12
2023-06-03,Jalisco,1,44,45
2023-06-03,Michoacán de Ocampo,2,53,55
2023-06-03,México,1,75,76
2023-06-03,Nayarit,4,6,10
2023-06-03,Nuevo León,3,236,239
2023-06-03,Puebla,2,48,50
2023-06-03,Querétaro,1,38,39
2023-06-03,Quintana Roo,3,13,16
2023-06-03,San Luis Potosí,4,16,20
2023-06-03,Tabasco,1,13,14
2023-06-03,Tamaulipas,4,46,50
2023-06-03,Tlaxcala,3,5,8
2023-06-03,Veracruz de Ignacio de la Llave,1,23,24
2023-06-03,Zacatecas,1,5,6
2023-06-04,Aguascalientes,1,26,27
2023-06-04,Baja California,1,35,36
2023-06-04,Baja California Sur,3,22,25
2023-06-04,Chiapas,3,8,11
2023-06-04,Coahuila de Zaragoza,2,27,29
2023-06-04,Colima,2,15,17
2023-06-04,Durango,2,38,40
2023-06-04,Guanajuato,3,41,44
2023-06-04,Guerrero,2,24,26
2023-06-04,Hidalgo,1,10,11
2023-06-04,Jalisco,4,51,55
2023-06-04,Michoacán de Ocampo,3,58,61
2023-06-04,Morelos,1,29,30
2023-06-04,México,1,38,39
2023-06-04,Nayarit,3,9,12
2023-06-04,Oaxaca,2,11,13
2023-06-04,Quintana Roo,1,23,24
2023-06-04,San Luis Potosí,1,24,25
2023-06-04,Sinaloa,1,38,39
2023-06-04,Sonora,1,73,74
2023-06-04,Tabasco,1,8,9
2023-06-04,Tlaxcala,1,3,4
2023-06-04,Veracruz de Ignacio de la Llave,1,26,27
2023-06-04,Zacatecas,4,9,13
2023-06-05,Aguascalientes,1,14,15
2023-06-05,Baja California,1,28,29
2023-06-05,Campeche,1,10,11
2023-06-05,Chiapas,2,12,14
2023-06-05,Chihuahua,2,76,78
2023-06-05,Coahuila de Zaragoza,3,29,32
2023-06-05,Colima,1,14,15
2023-06-05,Guanajuato,3,46,49
2023-06-05,Hidalgo,2,7,9
2023-06-05,Jalisco,2,36,38
2023-06-05,Morelos,1,27,28
2023-06-05,México,1,48,49
2023-06-05,Nayarit,1,8,9
2023-06-05,Nuevo León,2,226,228
2023-06-05,Oaxaca,1,10,11
2023-06-05,Puebla,3,47,50
2023-06-05,Querétaro,4,24,28
2023-06-05,Quintana Roo,1,10,11
2023-06-05,San Luis Potosí,2,16,18
2023-06-05,Sinaloa,2,21,23
2023-06-05,Sonora,2,87,89
2023-06-05,Tabasco,1,3,4
2023-06-05,Veracruz de Ignacio de la Llave,2,20,22
2023-06-06,Aguascalientes,2,4,6
2023-06-06,Baja California,2,36,38
2023-06-06,Baja California Sur,2,14,16
2023-06-06,Campeche,2,11,13
2023-06-06,Chiapas,1,11,12
2023-06-06,Chihuahua,2,53,55
2023-06-06,Coahuila de Zaragoza,1,31,32
2023-06-06,Colima,1,18,19
2023-06-06,Durango,2,25,27
2023-06-06,Guanajuato,1,47,48
2023-06-06,Guerrero,1,21,22
2023-06-06,Hidalgo,1,10,11
2023-06-06,Jalisco,3,39,42
2023-06-06,Michoacán de Ocampo,2,44,46
2023-06-06,Nayarit,2,9,11
2023-06-06,Nuevo León,1,218,219
2023-06-06,Oaxaca,3,19,22
2023-06-06,Puebla,1,38,39
2023-06-06,Querétaro,2,18,20
2023-06-06,Quintana Roo,2,12,14
2023-06-06,San Luis Potosí,5,17,22
2023-06-06,Sinaloa,2,19,21
2023-06-06,Tabasco,1,6,7
2023-06-06,Tamaulipas,2,36,38
2023-06-06,Zacatecas,1,4,5
2023-06-07,Aguascalientes,1,13,14
2023-06-07,Baja California Sur,3,11,14
2023-06-07,Campeche,1,19,20
2023-06-07,Chiapas,1,9,10
2023-06-07,Chihuahua,2,58,60
2023-06-07,Colima,1,21,22
2023-06-07,Durango,1,26,27
2023-06-07,Guanajuato,1,38,39
2023-06-07,Hidalgo,1,4,5
2023-06-07,Jalisco,1,39,40
2023-06-07,Morelos,1,25,26
2023-06-07,México,1,74,75
2023-06-07,Nayarit,1,6,7
2023-06-07,Nuevo León,2,263,265
2023-06-07,Oaxaca,1,8,9
2023-06-07,Puebla,3,49,52
2023-06-07,Querétaro,2,20,22
2023-06-07,Quintana Roo,1,22,23
2023-06-07,San Luis Potosí,1,12,13
2023-06-07,Sinaloa,1,18,19
2023-06-07,Sonora,2,76,78
2023-06-07,Tabasco,3,9,12
2023-06-07,Tamaulipas,3,45,48
2023-06-07,Veracruz de Ignacio de la Llave,2,25,27
2023-06-07,Yucatán,2,26,28
2023-06-07,Zacatecas,1,4,5
2023-06-08,Aguascalientes,3,9,12
2023-06-08,Baja California,1,29,30
2023-06-08,Baja California Sur,1,15,16
2023-06-08,Campeche,1,10,11
2023-06-08,Chihuahua,1,69,70
2023-06-08,Durango,1,33,34
2023-06-08,Guanajuato,1,56,57
2023-06-08,Guerrero,2,24,26
2023-06-08,Jalisco,3,32,35
2023-06-08,Michoacán de Ocampo,1,38,39
2023-06-08,Morelos,1,20,21
2023-06-08,México,3,59,62
2023-06-08,Nayarit,4,8,12
2023-06-08,Oaxaca,3,10,13
2023-06-08,Puebla,1,28,29
2023-06-08,Querétaro,3,19,22
2023-06-08,Quintana Roo,2,17,19
2023-06-08,Sinaloa,1,17,18
2023-06-08,Sonora,2,60,62
2023-06-08,Tabasco,2,9,11
2023-06-08,Tamaulipas,2,37,39
2023-06-08,Tlaxcala,1,2,3
2023-06-08,Veracruz de Ignacio de la Llave,1,22,23
2023-06-08,Yucatán,1,14,15
2023-06-08,Zacatecas,2,7,9
2023-06-09,Aguascalientes,1,17,18
2023-06-09,Baja California,1,38,39
2023-06-09,Baja California Sur,2,19,21
2023-06-09,Campeche,1,12,13
2023-06-09,Chiapas,1,13,14
2023-06-09,Coahuila de Zaragoza,1,32,33
2023-06-09,Colima,3,15,18
2023-06-09,Durango,1,33,34
2023-06-09,Guanajuato,3,68,71
2023-06-09,Guerrero,1,32,33
2023-06-09,Hidalgo,3,15,18
2023-06-09,Morelos,1,20,21
2023-06-09,México,3,59,62
2023-06-09,Nayarit,2,12,14
2023-06-09,Nuevo León,1,284,285
2023-06-09,Puebla,4,35,39
2023-06-09,Sinaloa,1,14,15
2023-06-09,Sonora,1,80,81
2023-06-09,Tabasco,1,6,7
2023-06-09,Tamaulipas,3,45,48
2023-06-09,Tlaxcala,2,1,3
2023-06-09,Yucatán,1,36,37
2023-06-10,Aguascalientes,3,13,16
2023-06-10,Baja California,1,45,46
2023-06-10,Baja California Sur,1,14,15
2023-06-10,Chihuahua,1,79,80
2023-06-10,Coahuila de Zaragoza,3,31,34
2023-06-10,Colima,2,20,22
2023-06-10,Durango,2,31,33
2023-06-10,Guanajuato,2,68,70
2023-06-10,Guerrero,1,36,37
2023-06-10,Hidalgo,5,17,22
2023-06-10,Jalisco,3,53,56
2023-06-10,Michoacán de Ocampo,1,51,52
2023-06-10,Morelos,2,37,39
2023-06-10,México,1,82,83
2023-06-10,Nayarit,2,5,7
2023-06-10,Nuevo León,4,229,233
2023-06-10,Oaxaca,1,16,17
2023-06-10,Puebla,2,39,41
2023-06-10,Querétaro,1,36,37
2023-06-10,Quintana Roo,1,16,17
2023-06-10,San Luis Potosí,2,24,26
2023-06-10,Sinaloa,3,27,30
2023-06-10,Sonora,1,69,70
2023-06-10,Tabasco,4,5,9
2023-06-10,Tamaulipas,1,51,52
2023-06-10,Tlaxcala,2,5,7
2023-06-10,Veracruz de Ignacio de la Llave,1,27,28
2023-06-10,Yucatán,1,35,36
2023-06-11,Aguascalientes,1,24,25
2023-06-11,Baja California,2,35,37
2023-06-11,Baja California Sur,1,14,15
2023-06-11,Campeche,4,20,24
2023-06-11,Chiapas,1,10,11
2023-06-11,Chihuahua,1,73,74
2023-06-11,Coahuila de Zaragoza,2,33,35
2023-06-11,Colima,2,19,21
2023-06-11,Durango,1,37,38
2023-06-11,Guanajuato,1,65,66
2023-06-11,Guerrero,3,30,33
2023-06-11,Hidalgo,1,12,13
2023-06-11,Jalisco,1,49,50
2023-06-11,Morelos,1,14,15
2023-06-11,México,1,60,61
2023-06-11,Nayarit,1,13,14
2023-06-11,Oaxaca,1,18,19
2023-06-11,Puebla,1,43,44
2023-06-11,Querétaro,2,31,33
2023-06-11,Quintana Roo,2,18,20
2023-06-11,San Luis Potosí,3,11,14
2023-06-11,Sonora,2,74,76
2023-06-11,Tabasco,5,13,18
2023-06-11,Tamaulipas,3,46,49
2023-06-11,Yucatán,1,32,33
2023-06-11,Zacatecas,2,15,17
2023-06-12,Aguascalientes,1,8,9
2023-06-12,Baja California Sur,1,18,19
2023-06-12,Campeche,1,6,7
2023-06-12,Chiapas,2,8,10
2023-06-12,Chihuahua,5,77,82
2023-06-12,Coahuila de Zaragoza,2,18,20
2023-06-12,Colima,1,28,29
2023-06-12,Guanajuato,1,41,42
2023-06-12,Guerrero,1,14,15
2023-06-12,Jalisco,2,44,46
2023-06-12,Michoacán de Ocampo,3,50,53
2023-06-12,Morelos,1,28,29
2023-06-12,México,1,55,56
2023-06-12,Nuevo León,2,253,255
2023-06-12,Oaxaca,1,15,16
2023-06-12,Puebla,1,41,42
2023-06-12,San Luis Potosí,2,21,23
2023-06-12,Sinaloa,2,21,23
2023-06-12,Sonora,3,76,79
2023-06-12,Tamaulipas,3,48,51
2023-06-12,Tlaxcala,1,3,4
2023-06-12,Yucatán,3,19,22
2023-06-13,Aguascalientes,4,11,15
2023-06-13,Baja California,1,30,31
2023-06-13,Campeche,1,12,13
2023-06-13,Chiapas,2,13,15
2023-06-13,Chihuahua,1,64,65
2023-06-13,Coahuila de Zaragoza,4,21,25
2023-06-13,Colima,2,20,22
2023-06-13,Durango,1,27,28
2023-06-13,Guerrero,2,26,28
2023-06-13,Hidalgo,2,8,10
2023-06-13,Michoacán de Ocampo,2,36,38
2023-06-13,Nayarit,2,6,8
2023-06-13,Nuevo León,1,234,235
2023-06-13,Querétaro,1,34,35
2023-06-13,Quintana Roo,3,21,24
2023-06-13,Sonora,5,69,74
2023-06-13,Tamaulipas,3,31,34
2023-06-13,Tlaxcala,1,3,4
2023-06-13,Veracruz de Ignacio de la Llave,1,31,32
2023-06-13,Yucatán,2,23,25
2023-06-13,Zacatecas,4,10,14
2023-06-14,Aguascalientes,2,11,13
2023-06-14,Baja California,2,27,29
2023-06-14,Baja California Sur,1,18,19
2023-06-14,Campeche,2,14,16
2023-06-14,Chiapas,3,9,12
2023-06-14,Chihuahua,1,66,67
2023-06-14,Coahuila de Zaragoza,3,30,33
2023-06-14,Colima,2,16,18
2023-06-14,Guanajuato,2,45,47
2023-06-14,Guerrero,1,15,16
2023-06-14,Jalisco,3,33,36
2023-06-14,Michoacán de Ocampo,2,34,36
2023-06-14,Nayarit,3,4,7
2023-06-14,Nuevo León,2,243,245
2023-06-14,Oaxaca,1,17,18
2023-06-14,Puebla,4,44,48
2023-06-14,Querétaro,2,28,30
2023-06-14,Quintana Roo,3,23,26
2023-06-14,Sinaloa,1,19,20
2023-06-14,Sonora,1,61,62
2023-06-14,Tamaulipas,1,25,26
2023-06-14,Tlaxcala,1,5,6
2023-06-14,Yucatán,1,21,22
2023-06-14,Zacatecas,1,8,9
2023-06-15,Aguascalientes,1,10,11
2023-06-15,Baja California,4,26,30
2023-06-15,Baja California Sur,2,16,18
2023-06-15,Chiapas,2,16,18
2023-06-15,Chihuahua,1,68,69
2023-06-15,Coahuila de Zaragoza,1,32,33
2023-06-15,Colima,3,8,11
2023-06-15,Guerrero,3,22,25
2023-06-15,Michoacán de Ocampo,2,38,40
2023-06-15,Morelos,4,22,26
2023-06-15,Nayarit,6,10,16
2023-06-15,Nuevo León,1,235,236
2023-06-15,Oaxaca,1,15,16
2023-06-15,Querétaro,1,26,27
2023-06-15,Quintana Roo,1,15,16
2023-06-15,San Luis Potosí,1,17,18
2023-06-15,Sonora,3,68,71
2023-06-15,Tabasco,1,4,5
2023-06-15,Tamaulipas,1,49,50
2023-06-15,Tlaxcala,2,4,6
2023-06-15,Veracruz de Ignacio de la Llave,1,24,25
2023-06-15,Yucatán,2,27,29
2023-06-15,Zacatecas,2,5,7
2023-06-16,Aguascalientes,2,12,14
2023-06-16,Baja California,1,57,58
2023-06-16,Baja California Sur,4,19,23
2023-06-16,Campeche,1,23,24
2023-06-16,Chiapas,1,13,14
2023-06-16,Chihuahua,1,80,81
2023-06-16,Coahuila de Zaragoza,2,38,40
2023-06-16,Durango,1,34,35
2023-06-16,Guanajuato,2,57,59
2023-06-16,Guerrero,1,28,29
2023-06-16,Hidalgo,2,9,11
2023-06-16,Jalisco,1,40,41
2023-06-16,Morelos,1,25,26
2023-06-16,México,1,69,70
2023-06-16,Nayarit,1,11,12
2023-06-16,Querétaro,1,26,27
2023-06-16,Quintana Roo,1,16,17
2023-06-16,San Luis Potosí,1,15,16
2023-06-16,Sinaloa,1,17,18
2023-06-16,Sonora,1,74,75
2023-06-16,Tabasco,1,7,8
2023-06-16,Tamaulipas,1,57,58
2023-06-16,Tlaxcala,2,7,9
2023-06-16,Veracruz de Ignacio de la Llave,2,37,39
2023-06-16,Yucatán,1,20,21
2023-06-16,Zacatecas,1,6,7
2023-06-17,Aguascalientes,2,23,25
2023-06-17,Baja California,2,31,33
2023-06-17,Baja California Sur,2,28,30
2023-06-17,Campeche,6,14,20
2023-06-17,Chihuahua,1,69,70
2023-06-17,Coahuila de Zaragoza,1,36,37
2023-06-17,Colima,2,18,20
2023-06-17,Guanajuato,2,67,69
2023-06-17,Guerrero,3,19,22
2023-06-17,Hidalgo,2,13,15
2023-06-17,Jalisco,3,46,49
2023-06-17,Michoacán de Ocampo,1,55,56
2023-06-17,México,1,62,63
2023-06-17,Nuevo León,2,240,242
2023-06-17,Puebla,2,36,38
2023-06-17,Querétaro,3,33,36
2023-06-17,Quintana Roo,1,21,22
2023-06-17,San Luis Potosí,1,18,19
2023-06-17,Sinaloa,5,25,30
2023-06-17,Tamaulipas,2,41,43
2023-06-17,Tlaxcala,2,10,12
2023-06-17,Veracruz de Ignacio de la Llave,1,31,32
2023-06-17,Yucatán,1,34,35
2023-06-17,Zacatecas,2,8,10
2023-06-18,Aguascalientes,2,14,16
2023-06-18,Baja California,2,37,39
2023-06-18,Baja California Sur,1,20,21
2023-06-18,Campeche,1,14,15
2023-06-18,Chihuahua,3,91,94
2023-06-18,Coahuila de Zaragoza,1,38,39
2023-06-18,Colima,2,25,27
2023-06-18,Guerrero,4,28,32
2023-06-18,Hidalgo,1,14,15
2023-06-18,Morelos,2,31,33
2023-06-18,México,1,58,59
2023-06-18,Nayarit,4,9,13
2023-06-18,Nuevo León,3,186,189
2023-06-18,Oaxaca,1,17,18
2023-06-18,Puebla,3,30,33
2023-06-18,Querétaro,2,23,25
2023-06-18,Quintana Roo,2,24,26
2023-06-18,San Luis Potosí,1,16,17
2023-06-18,Sinaloa,3,32,35
2023-06-18,Sonora,1,77,78
2023-06-18,Tabasco,4,7,11
2023-06-18,Tlaxcala,1,8,9
2023-06-18,Veracruz de Ignacio de la Llave,1,25,26
2023-06-18,Yucatán,1,30,31
2023-06-19,Aguascalientes,1,17,18
2023-06-19,Baja California,2,41,43
2023-06-19,Campeche,3,13,16
2023-06-19,Chiapas,4,4,8
2023-06-19,Chihuahua,2,52,54
2023-06-19,Colima,2,21,23
2023-06-19,Durango,2,33,35
2023-06-19,Guanajuato,1,47,48
2023-06-19,Guerrero,1,27,28
2023-06-19,Hidalgo,2,12,14
2023-06-19,Jalisco,1,42,43
2023-06-19,Morelos,1,29,30
2023-06-19,México,1,57,58
2023-06-19,Nayarit,1,9,10
2023-06-19,Nuevo León,1,241,242
2023-06-19,Oaxaca,1,17,18
2023-06-19,Querétaro,1,26,27
2023-06-19,San Luis Potosí,2,16,18
2023-06-19,Sonora,2,66,68
2023-06-19,Tabasco,1,7,8
2023-06-19,Tamaulipas,1,46,47
2023-06-19,Yucatán,1,31,32
2023-06-19,Zacatecas,1,7,8
2023-06-20,Aguascalientes,1,14,15
2023-06-20,Baja California,2,33,35
2023-06-20,Baja California Sur,2,18,20
2023-06-20,Campeche,1,16,17
2023-06-20,Chiapas,1,10,11
2023-06-20,Coahuila de Zaragoza,3,36,39
2023-06-20,Colima,1,22,23
2023-06-20,Durango,1,29,30
2023-06-20,Guerrero,1,15,16
2023-06-20,Hidalgo,1,6,7
2023-06-20,Jalisco,4,42,46
2023-06-20,Michoacán de Ocampo,2,42,44
2023-06-20,Morelos,3,22,25
2023-06-20,México,3,53,56
2023-06-20,Nayarit,2,11,13
2023-06-20,Oaxaca,1,16,17
2023-06-20,Puebla,1,38,39
2023-06-20,Querétaro,3,16,19
2023-06-20,Quintana Roo,1,11,12
2023-06-20,San Luis Potosí,1,25,26
2023-06-20,Sinaloa,1,21,22
2023-06-20,Sonora,2,73,75
2023-06-20,Tabasco,3,4,7
2023-06-20,Tamaulipas,2,33,35
2023-06-20,Veracruz de Ignacio de la Llave,2,34,36
2023-06-20,Zacatecas,1,4,5
2023-06-21,Aguascalientes,1,15,16
2023-06-21,Baja California,2,33,35
2023-06-21,Baja California Sur,1,20,21
2023-06-21,Chiapas,1,8,9
2023-06-21,Coahuila de Zaragoza,4,29,33
2023-06-21,Colima,2,16,18
2023-06-21,Durango,2,36,38
2023-06-21,Guanajuato,3,46,49
2023-06-21,Hidalgo,1,14,15
2023-06-21,Michoacán de Ocampo,1,38,39
2023-06-21,Morelos,2,19,21
2023-06-21,Oaxaca,3,14,17
2023-06-21,Puebla,2,34,36
2023-06-21,Querétaro,1,29,30
2023-06-21,Quintana Roo,1,21,22
2023-06-21,San Luis Potosí,2,23,25
2023-06-21,Sinaloa,2,16,18
2023-06-21,Sonora,2,63,65
2023-06-21,Tabasco,1,5,6
2023-06-21,Tamaulipas,2,40,42
2023-06-21,Tlaxcala,1,4,5
2023-06-21,Veracruz de Ignacio de la Llave,2,21,23
2023-06-21,Yucatán,1,20,21
2023-06-21,Zacatecas,1,5,6
2023-06-22,Baja California Sur,2,12,14
2023-06-22,Campeche,1,13,14
2023-06-22,Chiapas,3,11,14
2023-06-22,Chihuahua,2,60,62
2023-06-22,Coahuila de Zaragoza,2,27,29
2023-06-22,Colima,3,16,19
2023-06-22,Durango,4,29,33
2023-06-22,Guerrero,2,20,22
2023-06-22,Jalisco,2,39,41
2023-06-22,Michoacán de Ocampo,2,38,40
2023-06-22,Morelos,1,35,36
2023-06-22,México,2,49,51
2023-06-22,Nayarit,1,6,7
2023-06-22,Oaxaca,2,9,11
2023-06-22,Puebla,2,37,39
2023-06-22,Querétaro,2,22,24
2023-06-22,Quintana Roo,4,16,20
2023-06-22,San Luis Potosí,1,16,17
2023-06-22,Sonora,2,71,73
2023-06-22,Tabasco,1,4,5
2023-06-22,Tamaulipas,1,43,44
2023-06-22,Tlaxcala,2,9,11
2023-06-22,Veracruz de Ignacio de la Llave,1,28,29
2023-06-22,Zacatecas,3,2,5
2023-06-23,Baja California Sur,1,24,25
2023-06-23,Campeche,1,17,18
2023-06-23,Chiapas,1,11,12
2023-06-23,Chihuahua,1,78,79
2023-06-23,Coahuila de Zaragoza,2,31,33
2023-06-23,Durango,3,26,29
2023-06-23,Guanajuato,1,53,54
2023-06-23,Guerrero,1,24,25
2023-06-23,Hidalgo,1,17,18
2023-06-23,Jalisco,3,41,44
2023-06-23,Michoacán de Ocampo,2,32,34
2023-06-23,México,1,69,70
2023-06-23,Nayarit,1,11,12
2023-06-23,Nuevo León,1,259,260
2023-06-23,Puebla,2,24,26
2023-06-23,Querétaro,1,29,30
2023-06-23,Quintana Roo,1,12,13
2023-06-23,San Luis Potosí,1,23,24
2023-06-23,Sonora,1,64,65
2023-06-23,Tabasco,1,6,7
2023-06-23,Tamaulipas,1,40,41
2023-06-23,Tlaxcala,2,2,4
2023-06-23,Yucatán,3,28,31
2023-06-23,Zacatecas,1,4,5
2023-06-24,Aguascalientes,1,13,14
2023-06-24,Baja California,2,39,41
2023-06-24,Campeche,2,14,16
2023-06-24,Chiapas,2,14,16
2023-06-24,Chihuahua,1,87,88
2023-06-24,Durango,1,31,32
2023-06-24,Guanajuato,2,73,75
2023-06-24,Jalisco,3,37,40
2023-06-24,Michoacán de Ocampo,2,49,51
2023-06-24,Morelos,1,18,19
2023-06-24,México,2,69,71
2023-06-24,Nayarit,1,3,4
2023-06-24,Nuevo León,2,194,196
2023-06-24,Puebla,1,45,46
2023-06-24,San Luis Potosí,1,16,17
2023-06-24,Sinaloa,2,28,30
2023-06-24,Sonora,2,84,86
2023-06-24,Tamaulipas,5,43,48
2023-06-24,Tlaxcala,3,3,6
2023-06-24,Yucatán,1,25,26
2023-06-24,Zacatecas,2,9,11
2023-06-25,Aguascalientes,4,24,28
2023-06-25,Baja California,3,43,46
2023-06-25,Baja California Sur,1,24,25
2023-06-25,Campeche,1,12,13
2023-06-25,Chihuahua,3,89,92
2023-06-25,Coahuila de Zaragoza,1,28,29
2023-06-25,Colima,3,30,33
2023-06-25,Guanajuato,3,43,46
2023-06-25,Guerrero,1,20,21
2023-06-25,Hidalgo,1,24,25
2023-06-25,Michoacán de Ocampo,1,66,67
2023-06-25,Morelos,1,29,30
2023-06-25,México,3,53,56
2023-06-25,Nuevo León,2,141,143
2023-06-25,Puebla,1,44,45
2023-06-25,Querétaro,2,26,28
2023-06-25,Quintana Roo,2,15,17
2023-06-25,Sinaloa,1,27,28
2023-06-25,Tamaulipas,1,52,53
2023-06-25,Tlaxcala,1,2,3
2023-06-25,Veracruz de Ignacio de la Llave,1,18,19
2023-06-25,Yucatán,1,32,33
2023-06-25,Zacatecas,2,4,6
2023-06-26,Baja California,1,34,35
2023-06-26,Baja California Sur,2,16,18
2023-06-26,Campeche,1,6,7
2023-06-26,Chiapas,2,8,10
2023-06-26,Coahuila de Zaragoza,1,35,36
2023-06-26,Colima,1,17,18
2023-06-26,Guerrero,1,25,26
2023-06-26,Hidalgo,1,9,10
2023-06-26,Jalisco,3,40,43
2023-06-26,Michoacán de Ocampo,2,41,43
2023-06-26,Morelos,1,18,19
2023-06-26,México,2,64,66
2023-06-26,Nayarit,1,13,14
2023-06-26,Nuevo León,2,249,251
2023-06-26,Oaxaca,1,11,12
2023-06-26,Puebla,1,39,40
2023-06-26,Quintana Roo,1,15,16
2023-06-26,Sinaloa,1,19,20
2023-06-26,Sonora,1,73,74
2023-06-26,Veracruz de Ignacio de la Llave,3,36,39
2023-06-26,Yucatán,2,23,25
2023-06-27,Aguascalientes,2,7,9
2023-06-27,Baja California,2,40,42
2023-06-27,Baja California Sur,1,11,12
2023-06-27,Campeche,1,13,14
2023-06-27,Chiapas,3,11,14
2023-06-27,Chihuahua,1,60,61
2023-06-27,Coahuila de Zaragoza,1,29,30
2023-06-27,Colima,3,26,29
2023-06-27,Durango,1,23,24
2023-06-27,Guanajuato,2,46,48
2023-06-27,Guerrero,1,17,18
2023-06-27,Hidalgo,2,16,18
2023-06-27,Jalisco,1,44,45
2023-06-27,Morelos,4,22,26
2023-06-27,México,1,48,49
2023-06-27,Nuevo León,1,226,227
2023-06-27,Puebla,1,36,37
2023-06-27,Quintana Roo,2,15,17
2023-06-27,Sinaloa,2,10,12
2023-06-27,Sonora,1,64,65
2023-06-27,Tabasco,2,6,8
2023-06-27,Veracruz de Ignacio de la Llave,1,20,21
2023-06-27,Yucatán,1,28,29
2023-06-27,Zacatecas,1,4,5
2023-06-28,Aguascalientes,2,10,12
2023-06-28,Baja California,2,28,30
2023-06-28,Baja California Sur,3,10,13
2023-06-28,Campeche,3,14,17
2023-06-28,Chihuahua,2,79,81
2023-06-28,Coahuila de Zaragoza,2,36,38
2023-06-28,Durango,1,38,39
2023-06-28,Guerrero,3,51,54
2023-06-28,Jalisco,2,103,105
2023-06-28,Michoacán de Ocampo,1,59,60
2023-06-28,Morelos,1,15,16
2023-06-28,México,1,61,62
2023-06-28,Nayarit,1,15,16
2023-06-28,Nuevo León,1,248,249
2023-06-28,Oaxaca,2,522,524
2023-06-28,Puebla,3,180,183
2023-06-28,Querétaro,3,19,22
2023-06-28,Quintana Roo,1,14,15
2023-06-28,San Luis Potosí,4,56,60
2023-06-28,Sinaloa,1,11,12
2023-06-28,Sonora,3,110,113
2023-06-28,Tlaxcala,2,38,40
2023-06-28,Veracruz de Ignacio de la Llave,1,157,158
2023-06-28,Yucatán,2,27,29
2023-06-29,Aguascalientes,1,9,10
2023-06-29,Baja California,1,29,30
2023-06-29,Baja California Sur,3,16,19
2023-06-29,Chiapas,3,9,12
2023-06-29,Colima,2,21,23
2023-06-29,Durango,1,18,19
2023-06-29,Guanajuato,3,42,45
2023-06-29,Guerrero,1,14,15
2023-06-29,Hidalgo,1,12,13
2023-06-29,Jalisco,2,32,34
2023-06-29,Morelos,4,22,26
2023-06-29,México,1,65,66
2023-06-29,Nayarit,2,17,19
2023-06-29,Nuevo León,1,230,231
2023-06-29,Oaxaca,1,9,10
2023-06-29,Puebla,2,48,50
2023-06-29,Querétaro,1,29,30
2023-06-29,San Luis Potosí,2,14,16
2023-06-29,Sinaloa,1,13,14
2023-06-29,Sonora,2,51,53
2023-06-29,Tabasco,4,1,5
2023-06-29,Tamaulipas,1,31,32
2023-06-29,Tlaxcala,2,2,4
2023-06-29,Veracruz de Ignacio de la Llave,1,24,25
2023-06-29,Yucatán,1,22,23
2023-06-30,Aguascalientes,2,19,21
2023-06-30,Campeche,1,16,17
2023-06-30,Chiapas,2,8,10
2023-06-30,Chihuahua,2,75,77
2023-06-30,Coahuila de Zaragoza,1,27,28
2023-06-30,Colima,5,19,24
2023-06-30,Guerrero,1,14,15
2023-06-30,Hidalgo,1,18,19
2023-06-30,Jalisco,1,35,36
2023-06-30,Michoacán de Ocampo,5,43,48
2023-06-30,Morelos,2,27,29
2023-06-30,México,2,63,65
2023-06-30,Nayarit,2,6,8
2023-06-30,Nuevo León,2,221,223
2023-06-30,Oaxaca,4,15,19
2023-06-30,Querétaro,1,24,25
2023-06-30,Quintana Roo,1,14,15
2023-06-30,San Luis Potosí,3,9,12
2023-06-30,Sinaloa,4,19,23
2023-06-30,Sonora,1,80,81
2023-06-30,Tabasco,2,10,12
2023-06-30,Tamaulipas,1,43,44
2023-06-30,Tlaxcala,1,6,7
2023-06-30,Veracruz de Ignacio de la Llave,2,30,32
2023-06-30,Yucatán,4,26,30
2023-06-30,Zacatecas,1,7,8
2023-07-01,Baja California Sur,3,22,25
2023-07-01,Campeche,3,18,21
2023-07-01,Chiapas,1,15,16
2023-07-01,Coahuila de Zaragoza,1,38,39
2023-07-01,Colima,2,19,21
2023-07-01,Durango,2,26,28
2023-07-01,Guanajuato,2,74,76
2023-07-01,Hidalgo,1,15,16
2023-07-01,Michoacán de Ocampo,3,50,53
2023-07-01,México,1,74,75
2023-07-01,Nuevo León,1,254,255
2023-07-01,Oaxaca,1,14,15
2023-07-01,Puebla,3,42,45
2023-07-01,Querétaro,1,32,33
2023-07-01,Quintana Roo,1,27,28
2023-07-01,San Luis Potosí,2,25,27
2023-07-01,Sonora,1,77,78
2023-07-01,Tabasco,2,9,11
2023-07-01,Yucatán,2,35,37
2023-07-01,Zacatecas,2,7,9
2023-07-02,Aguascalientes,2,16,18
2023-07-02,Baja California,4,36,40
2023-07-02,Campeche,2,11,13
2023-07-02,Chiapas,3,10,13
2023-07-02,Chihuahua,2,80,82
2023-07-02,Coahuila de Zaragoza,1,21,22
2023-07-02,Colima,2,10,12
2023-07-02,Durango,3,36,39
2023-07-02,Guanajuato,1,58,59
2023-07-02,Jalisco,1,52,53
2023-07-02,Morelos,1,26,27
2023-07-02,México,1,64,65
2023-07-02,Nuevo León,2,186,188
2023-07-02,Oaxaca,3,14,17
2023-07-02,Querétaro,2,32,34
2023-07-02,Quintana Roo,1,14,15
2023-07-02,San Luis Potosí,1,15,16
2023-07-02,Sinaloa,2,25,27
2023-07-02,Sonora,2,76,78
2023-07-02,Tabasco,2,12,14
2023-07-02,Tamaulipas,3,42,45
2023-07-02,Tlaxcala,1,10,11
2023-07-02,Zacatecas,1,5,6
2023-07-03,Aguascalientes,7,7,14
2023-07-03,Baja California,2,31,33
2023-07-03,Baja California Sur,2,18,20
2023-07-03,Campeche,1,8,9
2023-07-03,Chihuahua,1,75,76
2023-07-03,Coahuila de Zaragoza,2,17,19
2023-07-03,Colima,1,8,9
2023-07-03,Durango,3,32,35
2023-07-03,Guanajuato,1,55,56
2023-07-03,Guerrero,2,26,28
2023-07-03,Hidalgo,2,21,23
2023-07-03,Jalisco,1,33,34
2023-07-03,Michoacán de Ocampo,2,32,34
2023-07-03,Morelos,3,21,24
2023-07-03,Nayarit,1,10,11
2023-07-03,Nuevo León,1,212,213
2023-07-03,Oaxaca,1,9,10
2023-07-03,Puebla,3,44,47
2023-07-03,Querétaro,1,18,19
2023-07-03,Quintana Roo,1,18,19
2023-07-03,San Luis Potosí,1,20,21
2023-07-03,Sonora,3,76,79
2023-07-03,Tabasco,1,6,7
2023-07-03,Tamaulipas,6,35,41
2023-07-03,Yucatán,1,21,22
2023-07-03,Zacatecas,1,5,6
2023-07-04,Aguascalientes,2,11,13
2023-07-04,Baja California,1,33,34
2023-07-04,Baja California Sur,2,16,18
2023-07-04,Campeche,2,12,14
2023-07-04,Chihuahua,3,63,66
2023-07-04,Colima,1,29,30
2023-07-04,Durango,2,28,30
2023-07-04,Guanajuato,1,39,40
2023-07-04,Guerrero,4,20,24
2023-07-04,Hidalgo,2,13,15
2023-07-04,Michoacán de Ocampo,2,39,41
2023-07-04,Nayarit,1,7,8
2023-07-04,Nuevo León,1,217,218
2023-07-04,Oaxaca,1,16,17
2023-07-04,Puebla,1,39,40
2023-07-04,Quintana Roo,4,16,20
2023-07-04,San Luis Potosí,3,11,14
2023-07-04,Sinaloa,1,17,18
2023-07-04,Sonora,3,69,72
2023-07-04,Tamaulipas,1,54,55
2023-07-04,Tlaxcala,1,13,14
2023-07-04,Veracruz de Ignacio de la Llave,1,24,25
2023-07-04,Yucatán,5,26,31
2023-07-04,Zacatecas,1,3,4
2023-07-05,Aguascalientes,1,10,11
2023-07-05,Baja California,4,27,31
2023-07-05,Baja California Sur,3,21,24
2023-07-05,Chiapas,2,10,12
2023-07-05,Chihuahua,1,65,66
2023-07-05,Colima,1,14,15
2023-07-05,Durango,1,36,37
2023-07-05,Guanajuato,1,40,41
2023-07-05,Guerrero,1,16,17
2023-07-05,Hidalgo,1,9,10
2023-07-05,Jalisco,4,29,33
2023-07-05,Morelos,1,22,23
2023-07-05,Nuevo León,2,201,203
2023-07-05,Oaxaca,1,16,17
2023-07-05,Puebla,3,36,39
2023-07-05,Querétaro,1,20,21
2023-07-05,Quintana Roo,2,23,25
2023-07-05,Sinaloa,1,16,17
2023-07-05,Sonora,3,77,80
2023-07-05,Tabasco,3,6,9
2023-07-05,Tamaulipas,3,34,37
2023-07-05,Tlaxcala,2,5,7
2023-07-05,Veracruz de Ignacio de la Llave,3,26,29
2023-07-05,Yucatán,1,18,19
2023-07-05,Zacatecas,1,4,5
2023-07-06,Baja California Sur,1,17,18
2023-07-06,Campeche,2,10,12
2023-07-06,Chihuahua,1,62,63
2023-07-06,Coahuila de Zaragoza,2,30,32
2023-07-06,Colima,1,20,21
2023-07-06,Guanajuato,4,46,50
2023-07-06,Guerrero,1,19,20
2023-07-06,Hidalgo,4,16,20
2023-07-06,Jalisco,2,41,43
2023-07-06,Morelos,1,22,23
2023-07-06,Nayarit,1,6,7
2023-07-06,Nuevo León,2,216,218
2023-07-06,Puebla,1,36,37
2023-07-06,Quintana Roo,1,15,16
2023-07-06,Sinaloa,1,19,20
2023-07-06,Sonora,1,61,62
2023-07-06,Tabasco,1,2,3
2023-07-06,Tlaxcala,1,6,7
2023-07-06,Veracruz de Ignacio de la Llave,2,31,33
2023-07-06,Yucatán,2,24,26
2023-07-06,Zacatecas,3,8,11
2023-07-07,Aguascalientes,2,12,14
2023-07-07,Baja California,3,40,43
2023-07-07,Baja California Sur,1,29,30
2023-07-07,Campeche,1,14,15
2023-07-07,Coahuila de Zaragoza,1,35,36
2023-07-07,Colima,1,24,25
2023-07-07,Durango,2,28,30
2023-07-07,Guanajuato,1,41,42
2023-07-07,Guerrero,3,30,33
2023-07-07,Hidalgo,2,13,15
2023-07-07,Jalisco,2,36,38
2023-07-07,Michoacán de Ocampo,1,52,53
2023-07-07,México,3,75,78
2023-07-07,Nuevo León,1,224,225
2023-07-07,Oaxaca,3,24,27
2023-07-07,Puebla,1,45,46
2023-07-07,Querétaro,1,25,26
2023-07-07,Quintana Roo,1,20,21
2023-07-07,San Luis Potosí,3,22,25
2023-07-07,Sinaloa,1,24,25
2023-07-07,Sonora,4,65,69
2023-07-07,Tabasco,1,8,9
2023-07-07,Tamaulipas,2,41,43
2023-07-07,Tlaxcala,1,8,9
2023-07-07,Veracruz de Ignacio de la Llave,2,28,30
2023-07-07,Yucatán,1,15,16
2023-07-08,Aguascalientes,3,20,23
2023-07-08,Baja California,1,34,35
2023-07-08,Baja California Sur,1,24,25
2023-07-08,Campeche,2,10,12
2023-07-08,Chihuahua,5,99,104
2023-07-08,Colima,5,24,29
2023-07-08,Durango,1,35,36
2023-07-08,Guanajuato,2,58,60
2023-07-08,Hidalgo,3,20,23
2023-07-08,Morelos,2,22,24
2023-07-08,México,1,76,77
2023-07-08,Oaxaca,2,18,20
2023-07-08,Querétaro,6,33,39
2023-07-08,San Luis Potosí,1,19,20
2023-07-08,Sinaloa,4,27,31
2023-07-08,Sonora,1,92,93
2023-07-08,Tabasco,1,7,8
2023-07-08,Tamaulipas,4,59,63
2023-07-08,Tlaxcala,2,7,9
2023-07-08,Veracruz de Ignacio de la Llave,2,38,40
2023-07-08,Zacatecas,1,4,5
2023-07-09,Aguascalientes,3,10,13
2023-07-09,Baja California,2,42,44
2023-07-09,Baja California Sur,2,11,13
2023-07-09,Campeche,1,6,7
2023-07-09,Chiapas,3,8,11
2023-07-09,Chihuahua,3,80,83
2023-07-09,Coahuila de Zaragoza,2,31,33
2023-07-09,Colima,2,18,20
2023-07-09,Durango,1,28,29
2023-07-09,Guanajuato,2,51,53
2023-07-09,Guerrero,3,26,29
2023-07-09,Hidalgo,2,10,12
2023-07-09,Jalisco,1,41,42
2023-07-09,Morelos,2,26,28
2023-07-09,México,2,56,58
2023-07-09,Nuevo León,2,146,148
2023-07-09,Oaxaca,1,23,24
2023-07-09,Quintana Roo,1,21,22
2023-07-09,San Luis Potosí,1,20,21
2023-07-09,Sinaloa,2,18,20
2023-07-09,Tabasco,2,5,7
2023-07-09,Tamaulipas,1,44,45
2023-07-09,Yucatán,1,27,28
2023-07-09,Zacatecas,1,8,9
2023-07-10,Baja California,2,21,23
2023-07-10,Baja California Sur,3,12,15
2023-07-10,Campeche,4,8,12
2023-07-10,Chiapas,1,10,11
2023-07-10,Colima,1,17,18
2023-07-10,Durango,6,30,36
2023-07-10,Guanajuato,3,47,50
2023-07-10,Guerrero,1,18,19
2023-07-10,Hidalgo,3,12,15
2023-07-10,Jalisco,1,40,41
2023-07-10,Michoacán de Ocampo,1,40,41
2023-07-10,Morelos,2,25,27
2023-07-10,Oaxaca,3,12,15
2023-07-10,Puebla,1,31,32
2023-07-10,Querétaro,1,21,22
2023-07-10,Quintana Roo,3,21,24
2023-07-10,Sinaloa,2,22,24
2023-07-10,Sonora,1,84,85
2023-07-10,Tabasco,1,10,11
2023-07-10,Tamaulipas,2,46,48
2023-07-10,Tlaxcala,1,6,7
2023-07-10,Veracruz de Ignacio de la Llave,1,23,24
2023-07-10,Yucatán,1,21,22
2023-07-10,Zacatecas,5,7,12
2023-07-11,Baja California,1,34,35
2023-07-11,Baja California Sur,1,19,20
2023-07-11,Campeche,2,7,9
2023-07-11,Chiapas,2,12,14
2023-07-11,Chihuahua,1,72,73
2023-07-11,Coahuila de Zaragoza,1,24,25
2023-07-11,Colima,4,14,18
2023-07-11,Durango,1,31,32
2023-07-11,Guanajuato,1,60,61
2023-07-11,Guerrero,1,15,16
2023-07-11,Hidalgo,2,11,13
2023-07-11,Jalisco,3,30,33
2023-07-11,Michoacán de Ocampo,2,31,33
2023-07-11,Morelos,1,13,14
2023-07-11,México,3,54,57
2023-07-11,Nayarit,2,6,8
2023-07-11,Nuevo León,4,234,238
2023-07-11,Oaxaca,2,17,19
2023-07-11,Querétaro,2,17,19
2023-07-11,Quintana Roo,3,15,18
2023-07-11,San Luis Potosí,4,17,21
2023-07-11,Sinaloa,2,16,18
2023-07-11,Sonora,3,43,46
2023-07-11,Tabasco,4,5,9
2023-07-11,Tlaxcala,1,2,3
2023-07-11,Yucatán,1,22,23
2023-07-12,Aguascalientes,2,5,7
2023-07-12,Baja California,2,28,30
2023-07-12,Baja California Sur,1,21,22
2023-07-12,Campeche,2,8,10
2023-07-12,Chiapas,1,6,7
2023-07-12,Chihuahua,1,59,60
2023-07-12,Coahuila de Zaragoza,1,29,30
2023-07-12,Colima,3,15,18
2023-07-12,Durango,2,22,24
2023-07-12,Guanajuato,2,45,47
2023-07-12,Michoacán de Ocampo,1,31,32
2023-07-12,Morelos,1,21,22
2023-07-12,Nayarit,2,4,6
2023-07-12,Nuevo León,1,212,213
2023-07-12,Oaxaca,1,19,20
2023-07-12,Puebla,1,25,26
2023-07-12,Quintana Roo,1,17,18
2023-07-12,San Luis Potosí,1,17,18
2023-07-12,Sinaloa,2,26,28
2023-07-12,Sonora,1,72,73
2023-07-12,Tabasco,3,6,9
2023-07-12,Tamaulipas,2,46,48
2023-07-12,Tlaxcala,1,4,5
2023-07-12,Veracruz de Ignacio de la Llave,1,33,34
2023-07-12,Zacatecas,2,6,8
2023-07-13,Aguascalientes,1,4,5
2023-07-13,Baja California,1,32,33
2023-07-13,Baja California Sur,3,15,18
2023-07-13,Campeche,1,12,13
2023-07-13,Chiapas,1,11,12
2023-07-13,Coahuila de Zaragoza,4,25,29
2023-07-13,Colima,1,19,20
2023-07-13,Guerrero,2,28,30
2023-07-13,Jalisco,2,36,38
2023-07-13,Michoacán de Ocampo,3,37,40
2023-07-13,Morelos,1,15,16
2023-07-13,México,2,51,53
2023-07-13,Nuevo León,3,211,214
2023-07-13,Oaxaca,1,16,17
2023-07-13,Quintana Roo,5,9,14
2023-07-13,Sinaloa,1,20,21
2023-07-13,Sonora,2,87,89
2023-07-13,Tabasco,1,2,3
2023-07-13,Tamaulipas,1,36,37
2023-07-13,Tlaxcala,2,4,6
2023-07-13,Yucatán,2,24,26
2023-07-13,Zacatecas,1,3,4
2023-07-14,Aguascalientes,1,11,12
2023-07-14,Baja California,1,28,29
2023-07-14,Baja California Sur,2,26,28
2023-07-14,Campeche,3,5,8
2023-07-14,Chiapas,1,9,10
2023-07-14,Chihuahua,1,70,71
2023-07-14,Coahuila de Zaragoza,1,27,28
2023-07-14,Colima,1,22,23
2023-07-14,Durango,2,35,37
2023-07-14,Guanajuato,2,52,54
2023-07-14,Guerrero,5,19,24
2023-07-14,Hidalgo,1,11,12
2023-07-14,Jalisco,1,43,44
2023-07-14,Michoacán de Ocampo,2,33,35
2023-07-14,Morelos,2,17,19
2023-07-14,México,1,65,66
2023-07-14,Nuevo León,1,265,266
2023-07-14,Oaxaca,1,12,13
2023-07-14,Puebla,1,39,40
2023-07-14,Querétaro,1,25,26
2023-07-14,Quintana Roo,3,14,17
2023-07-14,San Luis Potosí,2,21,23
2023-07-14,Sinaloa,2,28,30
2023-07-14,Sonora,1,77,78
2023-07-14,Tamaulipas,3,46,49
2023-07-14,Tlaxcala,2,3,5
2023-07-14,Veracruz de Ignacio de la Llave,1,25,26
2023-07-14,Yucatán,3,20,23
2023-07-15,Aguascalientes,6,14,20
2023-07-15,Baja California Sur,1,30,31
2023-07-15,Campeche,1,25,26
2023-07-15,Chihuahua,2,88,90
2023-07-15,Coahuila de Zaragoza,5,36,41
2023-07-15,Colima,1,31,32
2023-07-15,Durango,1,30,31
2023-07-15,Guanajuato,1,51,52
2023-07-15,Guerrero,2,18,20
2023-07-15,Hidalgo,1,16,17
2023-07-15,Jalisco,2,48,50
2023-07-15,Michoacán de Ocampo,2,47,49
2023-07-15,Morelos,1,28,29
2023-07-15,México,1,71,72
2023-07-15,Oaxaca,1,15,16
2023-07-15,Puebla,2,37,39
2023-07-15,Querétaro,4,36,40
2023-07-15,Quintana Roo,2,25,27
2023-07-15,San Luis Potosí,1,22,23
2023-07-15,Sinaloa,1,32,33
2023-07-15,Sonora,1,70,71
2023-07-15,Tabasco,1,6,7
2023-07-15,Tlaxcala,2,8,10
2023-07-15,Veracruz de Ignacio de la Llave,3,40,43
2023-07-15,Yucatán,2,30,32
2023-07-15,Zacatecas,2,12,14
2023-07-16,Aguascalientes,1,23,24
2023-07-16,Baja California,1,41,42
2023-07-16,Baja California Sur,1,20,21
2023-07-16,Campeche,1,14,15
2023-07-16,Chiapas,4,11,15
2023-07-16,Chihuahua,2,88,90
2023-07-16,Durango,1,29,30
2023-07-16,Guanajuato,2,54,56
2023-07-16,Guerrero,1,12,13
2023-07-16,Hidalgo,3,22,25
2023-07-16,Jalisco,2,35,37
2023-07-16,Michoacán de Ocampo,5,43,48
2023-07-16,Morelos,2,24,26
2023-07-16,Nayarit,1,6,7
2023-07-16,Puebla,2,42,44
2023-07-16,Querétaro,1,26,27
2023-07-16,Quintana Roo,2,24,26
2023-07-16,San Luis Potosí,5,20,25
2023-07-16,Sinaloa,1,33,34
2023-07-16,Tabasco,3,10,13
2023-07-16,Tamaulipas,2,57,59
2023-07-16,Veracruz de Ignacio de la Llave,2,23,25
2023-07-16,Yucatán,1,34,35
2023-07-16,Zacatecas,3,6,9
2023-07-17,Baja California Sur,1,12,13
2023-07-17,Campeche,2,14,16
2023-07-17,Chiapas,2,9,11
2023-07-17,Colima,4,21,25
2023-07-17,Durango,4,35,39
2023-07-17,Guerrero,5,14,19
2023-07-17,Hidalgo,1,9,10
2023-07-17,Jalisco,1,42,43
2023-07-17,Michoacán de Ocampo,1,45,46
2023-07-17,Morelos,1,21,22
2023-07-17,México,2,51,53
2023-07-17,Nuevo León,3,232,235
2023-07-17,Oaxaca,1,8,9
2023-07-17,Sinaloa,3,24,27
2023-07-17,Sonora,2,68,70
2023-07-17,Tabasco,1,7,8
2023-07-17,Tlaxcala,1,5,6
2023-07-17,Yucatán,4,18,22
2023-07-17,Zacatecas,2,6,8
2023-07-18,Aguascalientes,3,8,11
2023-07-18,Baja California,1,18,19
2023-07-18,Campeche,1,7,8
2023-07-18,Coahuila de Zaragoza,3,20,23
2023-07-18,Colima,1,29,30
2023-07-18,Durango,2,35,37
2023-07-18,Guanajuato,1,42,43
2023-07-18,Jalisco,1,35,36
2023-07-18,México,3,53,56
2023-07-18,Nayarit,1,4,5
2023-07-18,Nuevo León,2,250,252
2023-07-18,Oaxaca,1,14,15
2023-07-18,Puebla,1,24,25
2023-07-18,Querétaro,1,26,27
2023-07-18,Quintana Roo,1,16,17
2023-07-18,Sinaloa,2,12,14
2023-07-18,Sonora,2,62,64
2023-07-18,Tabasco,2,4,6
2023-07-18,Tamaulipas,1,32,33
2023-07-18,Tlaxcala,2,8,10
2023-07-18,Veracruz de Ignacio de la Llave,1,21,22
2023-07-18,Yucatán,2,22,24
2023-07-18,Zacatecas,1,10,11
2023-07-19,Campeche,3,11,14
2023-07-19,Chiapas,2,13,15
2023-07-19,Chihuahua,2,62,64
2023-07-19,Colima,2,12,14
2023-07-19,Guanajuato,2,44,46
2023-07-19,Hidalgo,4,17,21
2023-07-19,Michoacán de Ocampo,3,33,36
2023-07-19,Morelos,2,23,25
2023-07-19,México,1,54,55
2023-07-19,Nayarit,1,4,5
2023-07-19,Nuevo León,1,231,232
2023-07-19,Puebla,2,36,38
2023-07-19,Querétaro,2,18,20
2023-07-19,San Luis Potosí,2,13,15
2023-07-19,Sinaloa,1,13,14
2023-07-19,Sonora,1,51,52
2023-07-19,Tabasco,2,6,8
2023-07-19,Tamaulipas,1,25,26
2023-07-19,Tlaxcala,2,3,5
2023-07-19,Veracruz de Ignacio de la Llave,2,25,27
2023-07-19,Yucatán,2,24,26
2023-07-19,Zacatecas,1,8,9
2023-07-20,Baja California,3,29,32
2023-07-20,Baja California Sur,1,11,12
2023-07-20,Chiapas,3,12,15
2023-07-20,Chihuahua,1,67,68
2023-07-20,Coahuila de Zaragoza,4,28,32
2023-07-20,Colima,2,22,24
2023-07-20,Durango,2,27,29
2023-07-20,Guerrero,1,16,17
2023-07-20,Hidalgo,4,14,18
2023-07-20,Jalisco,1,45,46
2023-07-20,Michoacán de Ocampo,2,29,31
2023-07-20,Morelos,1,18,19
2023-07-20,México,1,49,50
2023-07-20,Nayarit,1,6,7
2023-07-20,Nuevo León,4,210,214
2023-07-20,Oaxaca,1,13,14
2023-07-20,Puebla,6,35,41
2023-07-20,Querétaro,4,26,30
2023-07-20,Quintana Roo,2,20,22
2023-07-20,San Luis Potosí,1,16,17
2023-07-20,Sonora,5,64,69
2023-07-20,Tabasco,2,6,8
2023-07-20,Tlaxcala,2,4,6
2023-07-20,Veracruz de Ignacio de la Llave,1,27,28
2023-07-20,Yucatán,1,17,18
2023-07-21,Aguascalientes,2,6,8
2023-07-21,Baja California,1,21,22
2023-07-21,Baja California Sur,1,9,10
2023-07-21,Chiapas,2,18,20
2023-07-21,Chihuahua,6,63,69
2023-07-21,Coahuila de Zaragoza,3,30,33
2023-07-21,Colima,1,16,17
2023-07-21,Durango,1,38,39
2023-07-21,Guanajuato,2,48,50
2023-07-21,Guerrero,3,13,16
2023-07-21,Hidalgo,1,11,12
2023-07-21,Jalisco,3,40,43
2023-07-21,Michoacán de Ocampo,2,43,45
2023-07-21,Morelos,1,25,26
2023-07-21,México,4,55,59
2023-07-21,Nayarit,3,11,14
2023-07-21,Nuevo León,1,243,244
2023-07-21,Oaxaca,4,14,18
2023-07-21,Quintana Roo,2,16,18
2023-07-21,Sinaloa,1,17,18
2023-07-21,Sonora,5,77,82
2023-07-21,Tabasco,2,4,6
2023-07-21,Tlaxcala,1,4,5
2023-07-21,Veracruz de Ignacio de la Llave,3,18,21
2023-07-21,Yucatán,2,26,28
2023-07-22,Aguascalientes,2,11,13
2023-07-22,Baja California,2,40,42
2023-07-22,Baja California Sur,1,11,12
2023-07-22,Chiapas,1,12,13
2023-07-22,Coahuila de Zaragoza,1,30,31
2023-07-22,Durango,2,37,39
2023-07-22,Guanajuato,2,51,53
2023-07-22,Guerrero,1,25,26
2023-07-22,Hidalgo,1,14,15
2023-07-22,Jalisco,1,38,39
2023-07-22,Michoacán de Ocampo,1,52,53
2023-07-22,Morelos,2,31,33
2023-07-22,México,2,52,54
2023-07-22,Oaxaca,1,25,26
2023-07-22,Puebla,2,29,31
2023-07-22,Querétaro,4,41,45
2023-07-22,San Luis Potosí,2,16,18
2023-07-22,Sinaloa,1,22,23
2023-07-22,Sonora,2,92,94
2023-07-22,Tabasco,1,9,10
2023-07-22,Tamaulipas,1,50,51
2023-07-22,Tlaxcala,2,9,11
2023-07-22,Veracruz de Ignacio de la Llave,1,29,30
2023-07-22,Yucatán,2,19,21
2023-07-23,Aguascalientes,1,12,13
2023-07-23,Baja California,4,27,31
2023-07-23,Baja California Sur,2,16,18
2023-07-23,Campeche,2,10,12
2023-07-23,Chiapas,1,12,13
2023-07-23,Chihuahua,1,82,83
2023-07-23,Coahuila de Zaragoza,1,36,37
2023-07-23,Colima,2,22,24
2023-07-23,Durango,3,30,33
2023-07-23,Hidalgo,2,18,20
2023-07-23,Jalisco,4,38,42
2023-07-23,Michoacán de Ocampo,3,45,48
2023-07-23,Morelos,2,22,24
2023-07-23,México,3,43,46
2023-07-23,Nayarit,4,13,17
2023-07-23,Nuevo León,1,130,131
2023-07-23,Oaxaca,1,15,16
2023-07-23,Puebla,2,30,32
2023-07-23,Querétaro,1,31,32
2023-07-23,Quintana Roo,1,26,27
2023-07-23,San Luis Potosí,1,21,22
2023-07-23,Sonora,1,68,69
2023-07-23,Tlaxcala,1,5,6
2023-07-23,Zacatecas,2,9,11
2023-07-24,Aguascalientes,4,10,14
2023-07-24,Baja California,1,31,32
2023-07-24,Baja California Sur,2,21,23
2023-07-24,Campeche,1,7,8
2023-07-24,Chiapas,1,13,14
2023-07-24,Chihuahua,2,63,65
2023-07-24,Durango,1,32,33
2023-07-24,Guanajuato,2,42,44
2023-07-24,Guerrero,1,15,16
2023-07-24,Hidalgo,2,7,9
2023-07-24,Jalisco,1,28,29
2023-07-24,Michoacán de Ocampo,3,43,46
2023-07-24,Morelos,1,30,31
2023-07-24,México,2,41,43
2023-07-24,Nayarit,1,8,9
2023-07-24,Nuevo León,2,249,251
2023-07-24,Oaxaca,3,14,17
2023-07-24,Puebla,1,40,41
2023-07-24,Querétaro,2,26,28
2023-07-24,San Luis Potosí,2,19,21
2023-07-24,Sinaloa,1,20,21
2023-07-24,Tabasco,2,4,6
2023-07-24,Tamaulipas,3,21,24
2023-07-24,Veracruz de Ignacio de la Llave,4,32,36
2023-07-24,Yucatán,2,13,15
2023-07-25,Aguascalientes,1,5,6
2023-07-25,Baja California,1,25,26
2023-07-25,Campeche,1,6,7
2023-07-25,Chihuahua,1,50,51
2023-07-25,Colima,1,9,10
2023-07-25,Durango,2,30,32
2023-07-25,Hidalgo,2,6,8
2023-07-25,Jalisco,1,26,27
2023-07-25,Morelos,1,16,17
2023-07-25,Nayarit,1,10,11
2023-07-25,Oaxaca,1,18,19
2023-07-25,Puebla,1,28,29
2023-07-25,Querétaro,2,14,16
2023-07-25,Quintana Roo,2,19,21
2023-07-25,Sinaloa,1,13,14
2023-07-25,Tabasco,3,1,4
2023-07-25,Tamaulipas,1,31,32
2023-07-25,Tlaxcala,4,2,6
2023-07-25,Veracruz de Ignacio de la Llave,2,15,17
2023-07-25,Yucatán,2,22,24
2023-07-25,Zacatecas,2,3,5
2023-07-26,Aguascalientes,2,6,8
2023-07-26,Baja California,3,33,36
2023-07-26,Campeche,4,12,16
2023-07-26,Chihuahua,3,75,78
2023-07-26,Coahuila de Zaragoza,3,26,29
2023-07-26,Colima,1,19,20
2023-07-26,Durango,1,31,32
2023-07-26,Guerrero,2,14,16
2023-07-26,Jalisco,3,22,25
2023-07-26,México,3,43,46
2023-07-26,Nayarit,1,9,10
2023-07-26,Nuevo León,3,238,241
2023-07-26,Quintana Roo,1,14,15
2023-07-26,San Luis Potosí,2,15,17
2023-07-26,Sinaloa,3,7,10
2023-07-26,Sonora,3,62,65
2023-07-26,Tamaulipas,1,37,38
2023-07-26,Tlaxcala,1,5,6
2023-07-26,Zacatecas,5,7,12
2023-07-27,Baja California,1,25,26
2023-07-27,Campeche,1,10,11
2023-07-27,Chiapas,2,10,12
2023-07-27,Chihuahua,3,67,70
2023-07-27,Coahuila de Zaragoza,2,28,30
2023-07-27,Colima,1,18,19
2023-07-27,Durango,1,22,23
2023-07-27,Guanajuato,2,37,39
2023-07-27,Guerrero,3,16,19
2023-07-27,Hidalgo,2,9,11
2023-07-27,Morelos,1,16,17
2023-07-27,México,2,55,57
2023-07-27,Nayarit,1,7,8
2023-07-27,Nuevo León,2,248,250
2023-07-27,Querétaro,1,15,16
2023-07-27,Quintana Roo,1,11,12
2023-07-27,San Luis Potosí,2,17,19
2023-07-27,Sinaloa,1,10,11
2023-07-27,Sonora,3,54,57
2023-07-27,Tabasco,1,10,11
2023-07-27,Tlaxcala,2,1,3
2023-07-27,Veracruz de Ignacio de la Llave,1,22,23
2023-07-28,Aguascalientes,1,18,19
2023-07-28,Baja California,3,20,23
2023-07-28,Baja California Sur,1,20,21
2023-07-28,Campeche,1,15,16
2023-07-28,Chiapas,1,106,107
2023-07-28,Chihuahua,4,91,95
2023-07-28,Colima,2,17,19
2023-07-28,Durango,1,31,32
2023-07-28,Guanajuato,4,34,38
2023-07-28,Guerrero,2,52,54
2023-07-28,Hidalgo,3,82,85
2023-07-28,Jalisco,1,104,105
2023-07-28,Michoacán de Ocampo,1,65,66
2023-07-28,Morelos,1,25,26
2023-07-28,México,1,47,48
2023-07-28,Nayarit,2,8,10
2023-07-28,Nuevo León,1,272,273
2023-07-28,Oaxaca,2,530,532
2023-07-28,Querétaro,2,30,32
2023-07-28,Quintana Roo,1,11,12
2023-07-28,San Luis Potosí,1,55,56
2023-07-28,Sinaloa,1,19,20
2023-07-28,Sonora,1,115,116
2023-07-28,Tamaulipas,1,61,62
2023-07-28,Tlaxcala,1,37,38
2023-07-28,Yucatán,3,33,36
2023-07-28,Zacatecas,3,23,26
2023-07-29,Aguascalientes,3,14,17
2023-07-29,Baja California,2,31,33
2023-07-29,Campeche,1,12,13
2023-07-29,Chihuahua,2,78,80
2023-07-29,Colima,4,16,20
2023-07-29,Guanajuato,1,56,57
2023-07-29,Guerrero,2,27,29
2023-07-29,Hidalgo,1,15,16
2023-07-29,Jalisco,6,45,51
2023-07-29,Michoacán de Ocampo,2,31,33
2023-07-29,Morelos,1,25,26
2023-07-29,México,1,70,71
2023-07-29,Nayarit,2,8,10
2023-07-29,Nuevo León,2,271,273
2023-07-29,Oaxaca,2,16,18
2023-07-29,Puebla,4,37,41
2023-07-29,Querétaro,2,31,33
2023-07-29,Quintana Roo,1,21,22
2023-07-29,San Luis Potosí,1,19,20
2023-07-29,Sinaloa,3,15,18
2023-07-29,Sonora,3,79,82
2023-07-29,Tabasco,1,8,9
2023-07-29,Veracruz de Ignacio de la Llave,1,18,19
2023-07-29,Yucatán,1,20,21
2023-07-29,Zacatecas,3,11,14
2023-07-30,Aguascalientes,2,20,22
2023-07-30,Baja California,1,25,26
2023-07-30,Baja California Sur,3,15,18
2023-07-30,Chiapas,3,14,17
2023-07-30,Coahuila de Zaragoza,2,23,25
2023-07-30,Colima,1,16,17
2023-07-30,Durango,2,35,37
2023-07-30,Guanajuato,1,39,40
2023-07-30,Guerrero,1,20,21
2023-07-30,Hidalgo,3,12,15
2023-07-30,Jalisco,2,49,51
2023-07-30,Michoacán de Ocampo,2,48,50
2023-07-30,Morelos,1,15,16
2023-07-30,México,2,45,47
2023-07-30,Nayarit,1,10,11
2023-07-30,Nuevo León,1,197,198
2023-07-30,Puebla,2,38,40
2023-07-30,Querétaro,3,22,25
2023-07-30,Quintana Roo,1,17,18
2023-07-30,San Luis Potosí,2,14,16
2023-07-30,Sinaloa,1,26,27
2023-07-30,Sonora,3,60,63
2023-07-30,Tlaxcala,1,6,7
2023-07-30,Yucatán,2,22,24
2023-07-30,Zacatecas,1,6,7
2023-07-31,Aguascalientes,2,9,11
2023-07-31,Baja California,2,32,34
2023-07-31,Baja California Sur,1,9,10
2023-07-31,Campeche,1,9,10
2023-07-31,Chiapas,4,9,13
2023-07-31,Chihuahua,2,62,64
2023-07-31,Coahuila de Zaragoza,1,17,18
2023-07-31,Colima,2,13,15
2023-07-31,Durango,2,30,32
2023-07-31,Guanajuato,2,46,48
2023-07-31,Guerrero,1,25,26
2023-07-31,Michoacán de Ocampo,2,43,45
2023-07-31,Morelos,2,18,20
2023-07-31,México,2,58,60
2023-07-31,Nayarit,1,5,6
2023-07-31,Nuevo León,2,239,241
2023-07-31,Oaxaca,2,10,12
2023-07-31,Puebla,2,34,36
2023-07-31,San Luis Potosí,2,19,21
2023-07-31,Sinaloa,3,10,13
2023-07-31,Sonora,3,66,69
2023-07-31,Tabasco,1,6,7
2023-07-31,Tamaulipas,2,41,43
2023-07-31,Tlaxcala,2,1,3
2023-07-31,Yucatán,1,21,22
2023-07-31,Zacatecas,1,6,7
2023-08-01,Aguascalientes,3,11,14
2023-08-01,Baja California,3,32,35
2023-08-01,Baja California Sur,1,14,15
2023-08-01,Campeche,2,16,18
2023-08-01,Chiapas,2,5,7
2023-08-01,Chihuahua,1,79,80
2023-08-01,Coahuila de Zaragoza,2,33,35
2023-08-01,Colima,1,22,23
2023-08-01,Guanajuato,1,34,35
2023-08-01,Guerrero,1,14,15
2023-08-01,Hidalgo,1,9,10
2023-08-01,Michoacán de Ocampo,3,34,37
2023-08-01,México,3,64,67
2023-08-01,Nuevo León,2,293,295
2023-08-01,Oaxaca,3,20,23
2023-08-01,Querétaro,2,24,26
2023-08-01,Quintana Roo,1,16,17
2023-08-01,San Luis Potosí,1,25,26
2023-08-01,Sinaloa,2,17,19
2023-08-01,Sonora,2,74,76
2023-08-01,Tabasco,2,6,8
2023-08-01,Tamaulipas,2,34,36
2023-08-01,Tlaxcala,2,3,5
2023-08-01,Zacatecas,2,3,5
2023-08-02,Aguascalientes,2,6,8
2023-08-02,Baja California,2,22,24
2023-08-02,Baja California Sur,1,14,15
2023-08-02,Chiapas,1,5,6
2023-08-02,Chihuahua,1,62,63
2023-08-02,Coahuila de Zaragoza,2,24,26
2023-08-02,Colima,2,9,11
2023-08-02,Guanajuato,1,38,39
2023-08-02,Hidalgo,1,8,9
2023-08-02,Michoacán de Ocampo,2,37,39
2023-08-02,Morelos,1,16,17
2023-08-02,Nayarit,1,6,7
2023-08-02,Nuevo León,1,227,228
2023-08-02,Oaxaca,2,7,9
2023-08-02,Sinaloa,2,8,10
2023-08-02,Tamaulipas,2,34,36
2023-08-02,Veracruz de Ignacio de la Llave,1,16,17
2023-08-02,Yucatán,1,23,24
2023-08-03,Aguascalientes,2,2,4
2023-08-03,Baja California,1,26,27
2023-08-03,Campeche,1,12,13
2023-08-03,Chiapas,1,12,13
2023-08-03,Chihuahua,2,73,75
2023-08-03,Coahuila de Zaragoza,1,16,17
2023-08-03,Colima,1,21,22
2023-08-03,Durango,1,32,33
2023-08-03,Guanajuato,2,44,46
2023-08-03,Guerrero,2,20,22
2023-08-03,Hidalgo,1,9,10
2023-08-03,Jalisco,2,31,33
2023-08-03,Michoacán de Ocampo,2,38,40
2023-08-03,Morelos,3,21,24
2023-08-03,Nayarit,1,5,6
2023-08-03,Nuevo León,1,238,239
2023-08-03,Oaxaca,2,20,22
2023-08-03,Puebla,2,27,29
2023-08-03,Querétaro,1,31,32
2023-08-03,San Luis Potosí,2,19,21
2023-08-03,Sonora,3,59,62
2023-08-03,Tabasco,1,6,7
2023-08-03,Tamaulipas,1,29,30
2023-08-03,Tlaxcala,1,3,4
2023-08-03,Zacatecas,2,5,7
2023-08-04,Aguascalientes,1,11,12
2023-08-04,Baja California Sur,3,21,24
2023-08-04,Campeche,3,13,16
2023-08-04,Chiapas,2,8,10
2023-08-04,Chihuahua,2,61,63
2023-08-04,Coahuila de Zaragoza,2,32,34
2023-08-04,Colima,3,13,16
2023-08-04,Durango,2,38,40
2023-08-04,Guanajuato,1,40,41
2023-08-04,Guerrero,3,16,19
2023-08-04,Hidalgo,3,22,25
2023-08-04,Jalisco,3,40,43
2023-08-04,Michoacán de Ocampo,1,31,32
2023-08-04,México,3,50,53
2023-08-04,Oaxaca,3,24,27
2023-08-04,Querétaro,2,22,24
2023-08-04,Quintana Roo,1,16,17
2023-08-04,San Luis Potosí,1,19,20
2023-08-04,Sinaloa,1,19,20
2023-08-04,Sonora,1,64,65
2023-08-04,Tabasco,2,7,9
2023-08-04,Tamaulipas,2,37,39
2023-08-04,Tlaxcala,3,1,4
2023-08-04,Veracruz de Ignacio de la Llave,1,33,34
2023-08-04,Yucatán,2,21,23
2023-08-04,Zacatecas,4,4,8
2023-08-05,Aguascalientes,1,7,8
2023-08-05,Baja California,1,49,50
2023-08-05,Baja California Sur,1,21,22
2023-08-05,Campeche,2,20,22
2023-08-05,Chiapas,3,17,20
2023-08-05,Chihuahua,2,73,75
2023-08-05,Coahuila de Zaragoza,2,29,31
2023-08-05,Colima,2,19,21
2023-08-05,Guerrero,1,30,31
2023-08-05,Hidalgo,1,14,15
2023-08-05,Michoacán de Ocampo,1,73,74
2023-08-05,Nuevo León,1,248,249
2023-08-05,Oaxaca,3,10,13
2023-08-05,Querétaro,2,31,33
2023-08-05,Quintana Roo,2,20,22
2023-08-05,San Luis Potosí,2,23,25
2023-08-05,Sonora,2,64,66
2023-08-05,Tabasco,1,9,10
2023-08-05,Tlaxcala,1,6,7
2023-08-05,Veracruz de Ignacio de la Llave,3,24,27
2023-08-05,Yucatán,3,26,29
2023-08-05,Zacatecas,2,3,5
2023-08-06,Aguascalientes,2,25,27
2023-08-06,Baja California,3,48,51
2023-08-06,Baja California Sur,1,15,16
2023-08-06,Chiapas,1,9,10
2023-08-06,Chihuahua,2,64,66
2023-08-06,Coahuila de Zaragoza,1,27,28
2023-08-06,Colima,3,22,25
2023-08-06,Durango,3,32,35
2023-08-06,Guanajuato,1,68,69
2023-08-06,Jalisco,1,36,37
2023-08-06,Michoacán de Ocampo,1,40,41
2023-08-06,Morelos,1,32,33
2023-08-06,México,2,59,61
2023-08-06,Nayarit,4,7,11
2023-08-06,Nuevo León,2,207,209
2023-08-06,Puebla,1,30,31
2023-08-06,Querétaro,1,25,26
2023-08-06,Quintana Roo,1,15,16
2023-08-06,Sonora,2,67,69
2023-08-06,Tamaulipas,1,44,45
2023-08-06,Zacatecas,3,4,7
2023-08-07,Aguascalientes,2,10,12
2023-08-07,Baja California,4,41,45
2023-08-07,Baja California Sur,2,16,18
2023-08-07,Campeche,2,12,14
2023-08-07,Chiapas,2,10,12
2023-08-07,Chihuahua,2,63,65
2023-08-07,Coahuila de Zaragoza,1,38,39
2023-08-07,Colima,5,15,20
2023-08-07,Durango,2,38,40
2023-08-07,Guerrero,2,24,26
2023-08-07,Hidalgo,2,10,12
2023-08-07,Jalisco,1,30,31
2023-08-07,Michoacán de Ocampo,1,37,38
2023-08-07,Morelos,1,28,29
2023-08-07,Nayarit,1,7,8
2023-08-07,Nuevo León,1,281,282
2023-08-07,Oaxaca,3,23,26
2023-08-07,Puebla,1,39,40
2023-08-07,Quintana Roo,1,14,15
2023-08-07,Sinaloa,2,19,21
2023-08-07,Sonora,2,67,69
2023-08-07,Veracruz de Ignacio de la Llave,1,21,22
2023-08-07,Yucatán,1,21,22
2023-08-07,Zacatecas,2,4,6
2023-08-08,Baja California,2,29,31
2023-08-08,Baja California Sur,2,18,20
2023-08-08,Campeche,2,12,14
2023-08-08,Coahuila de Zaragoza,1,26,27
2023-08-08,Guanajuato,3,43,46
2023-08-08,Guerrero,3,20,23
2023-08-08,Hidalgo,1,11,12
2023-08-08,Jalisco,1,31,32
2023-08-08,Michoacán de Ocampo,2,36,38
2023-08-08,Morelos,1,27,28
2023-08-08,México,1,57,58
2023-08-08,Oaxaca,2,14,16
2023-08-08,Puebla,1,31,32
2023-08-08,Querétaro,1,16,17
2023-08-08,Quintana Roo,3,11,14
2023-08-08,Sinaloa,1,16,17
2023-08-08,Sonora,1,74,75
2023-08-08,Tabasco,4,5,9
2023-08-08,Tlaxcala,2,3,5
2023-08-08,Veracruz de Ignacio de la Llave,2,21,23
2023-08-08,Yucatán,1,13,14
2023-08-08,Zacatecas,1,7,8
2023-08-09,Aguascalientes,2,9,11
2023-08-09,Baja California,2,30,32
2023-08-09,Campeche,2,8,10
2023-08-09,Chiapas,1,13,14
2023-08-09,Chihuahua,3,73,76
2023-08-09,Coahuila de Zaragoza,2,22,24
2023-08-09,Guanajuato,1,35,36
2023-08-09,Hidalgo,2,13,15
2023-08-09,Michoacán de Ocampo,2,37,39
2023-08-09,México,2,43,45
2023-08-09,Nayarit,1,6,7
2023-08-09,Nuevo León,6,235,241
2023-08-09,Oaxaca,1,12,13
2023-08-09,Puebla,3,31,34
2023-08-09,Querétaro,1,16,17
2023-08-09,San Luis Potosí,4,12,16
2023-08-09,Sinaloa,2,11,13
2023-08-09,Sonora,1,59,60
2023-08-09,Tabasco,2,6,8
2023-08-09,Tamaulipas,4,33,37
2023-08-09,Veracruz de Ignacio de la Llave,1,24,25
2023-08-09,Zacatecas,1,6,7
2023-08-10,Aguascalientes,2,6,8
2023-08-10,Baja California,3,31,34
2023-08-10,Baja California Sur,1,12,13
2023-08-10,Campeche,1,16,17
2023-08-10,Coahuila de Zaragoza,1,19,20
2023-08-10,Colima,1,8,9
2023-08-10,Guanajuato,3,45,48
2023-08-10,Guerrero,4,24,28
2023-08-10,Hidalgo,4,10,14
2023-08-10,Jalisco,1,33,34
2023-08-10,Michoacán de Ocampo,2,28,30
2023-08-10,México,3,47,50
2023-08-10,Nayarit,1,10,11
2023-08-10,Puebla,1,17,18
2023-08-10,Querétaro,1,22,23
2023-08-10,Quintana Roo,3,17,20
2023-08-10,San Luis Potosí,2,26,28
2023-08-10,Tabasco,4,4,8
2023-08-10,Tamaulipas,4,30,34
2023-08-10,Tlaxcala,3,3,6
2023-08-10,Veracruz de Ignacio de la Llave,1,24,25
2023-08-10,Yucatán,2,13,15
2023-08-10,Zacatecas,3,2,5
2023-08-11,Aguascalientes,2,8,10
2023-08-11,Baja California,1,29,30
2023-08-11,Baja California Sur,4,16,20
2023-08-11,Chiapas,1,7,8
2023-08-11,Coahuila de Zaragoza,2,37,39
2023-08-11,Colima,1,9,10
2023-08-11,Guanajuato,2,40,42
2023-08-11,Guerrero,2,21,23
2023-08-11,Jalisco,1,36,37
2023-08-11,Michoacán de Ocampo,1,33,34
2023-08-11,Morelos,1,33,34
2023-08-11,México,3,65,68
2023-08-11,Nayarit,1,10,11
2023-08-11,Nuevo León,1,284,285
2023-08-11,Oaxaca,1,11,12
2023-08-11,Puebla,1,57,58
2023-08-11,Querétaro,1,16,17
2023-08-11,Quintana Roo,1,17,18
2023-08-11,San Luis Potosí,4,24,28
2023-08-11,Sinaloa,1,12,13
2023-08-11,Sonora,2,72,74
2023-08-11,Tabasco,2,7,9
2023-08-11,Yucatán,2,28,30
2023-08-11,Zacatecas,1,8,9
2023-08-12,Baja California,1,34,35
2023-08-12,Baja California Sur,2,22,24
2023-08-12,Campeche,1,13,14
2023-08-12,Chiapas,1,14,15
2023-08-12,Coahuila de Zaragoza,2,34,36
2023-08-12,Colima,2,12,14
2023-08-12,Durango,1,25,26
2023-08-12,Guanajuato,2,55,57
2023-08-12,Jalisco,1,40,41
2023-08-12,Michoacán de Ocampo,3,45,48
2023-08-12,Morelos,1,30,31
2023-08-12,Nayarit,1,10,11
2023-08-12,Nuevo León,4,186,190
2023-08-12,Puebla,2,42,44
2023-08-12,Quintana Roo,1,16,17
2023-08-12,Sinaloa,3,21,24
2023-08-12,Sonora,1,65,66
2023-08-12,Tabasco,3,8,11
2023-08-12,Tamaulipas,1,52,53
2023-08-12,Veracruz de Ignacio de la Llave,1,31,32
2023-08-12,Yucatán,2,38,40
2023-08-12,Zacatecas,1,5,6
2023-08-13,Aguascalientes,1,25,26
2023-08-13,Baja California,2,41,43
2023-08-13,Baja California Sur,1,13,14
2023-08-13,Campeche,2,10,12
2023-08-13,Chihuahua,1,73,74
2023-08-13,Coahuila de Zaragoza,1,34,35
2023-08-13,Colima,2,24,26
2023-08-13,Guanajuato,5,52,57
2023-08-13,Guerrero,5,18,23
2023-08-13,Hidalgo,2,7,9
2023-08-13,Jalisco,3,41,44
2023-08-13,Michoacán de Ocampo,1,32,33
2023-08-13,Morelos,2,36,38
2023-08-13,México,1,50,51
2023-08-13,Nayarit,3,7,10
2023-08-13,Nuevo León,3,191,194
2023-08-13,Oaxaca,1,16,17
2023-08-13,Puebla,3,29,32
2023-08-13,Querétaro,2,32,34
2023-08-13,Quintana Roo,2,20,22
2023-08-13,San Luis Potosí,5,20,25
2023-08-13,Sinaloa,2,33,35
2023-08-13,Sonora,7,73,80
2023-08-13,Tamaulipas,1,41,42
2023-08-13,Tlaxcala,1,8,9
2023-08-13,Yucatán,1,26,27
2023-08-14,Aguascalientes,1,13,14
2023-08-14,Baja California,2,32,34
2023-08-14,Baja California Sur,2,14,16
2023-08-14,Campeche,1,10,11
2023-08-14,Chihuahua,1,67,68
2023-08-14,Coahuila de Zaragoza,1,39,40
2023-08-14,Colima,1,14,15
2023-08-14,Durango,2,25,27
2023-08-14,Guerrero,1,15,16
2023-08-14,Michoacán de Ocampo,3,34,37
2023-08-14,México,2,56,58
2023-08-14,Nayarit,2,7,9
2023-08-14,Oaxaca,4,17,21
2023-08-14,Puebla,1,31,32
2023-08-14,Querétaro,1,19,20
2023-08-14,Quintana Roo,1,12,13
2023-08-14,San Luis Potosí,2,22,24
2023-08-14,Sinaloa,1,18,19
2023-08-14,Sonora,2,64,66
2023-08-14,Tabasco,1,8,9
2023-08-14,Tlaxcala,1,3,4
2023-08-14,Yucatán,1,33,34
2023-08-15,Aguascalientes,1,7,8
2023-08-15,Baja California,1,36,37
2023-08-15,Campeche,2,10,12
2023-08-15,Chihuahua,1,60,61
2023-08-15,Coahuila de Zaragoza,2,33,35
2023-08-15,Durango,2,33,35
2023-08-15,Guerrero,2,16,18
2023-08-15,Hidalgo,1,11,12
2023-08-15,Morelos,1,23,24
2023-08-15,México,2,43,45
2023-08-15,Nayarit,2,6,8
2023-08-15,Oaxaca,1,16,17
2023-08-15,Querétaro,4,20,24
2023-08-15,Quintana Roo,1,11,12
2023-08-15,San Luis Potosí,2,14,16
2023-08-15,Sinaloa,1,16,17
2023-08-15,Sonora,1,68,69
2023-08-15,Tamaulipas,1,39,40
2023-08-15,Veracruz de Ignacio de la Llave,1,22,23
2023-08-15,Yucatán,2,18,20
2023-08-15,Zacatecas,1,4,5
2023-08-16,Aguascalientes,2,10,12
2023-08-16,Baja California,2,25,27
2023-08-16,Baja California Sur,3,14,17
2023-08-16,Chiapas,1,7,8
2023-08-16,Chihuahua,2,64,66
2023-08-16,Coahuila de Zaragoza,2,20,22
2023-08-16,Colima,1,9,10
2023-08-16,Durango,1,23,24
2023-08-16,Guanajuato,1,39,40
2023-08-16,Guerrero,1,16,17
2023-08-16,Hidalgo,3,7,10
2023-08-16,Jalisco,1,41,42
2023-08-16,México,1,45,46
2023-08-16,Nuevo León,1,266,267
2023-08-16,Puebla,1,37,38
2023-08-16,Querétaro,3,13,16
2023-08-16,Quintana Roo,2,12,14
2023-08-16,Sinaloa,2,15,17
2023-08-16,Sonora,2,61,63
2023-08-16,Tabasco,4,6,10
2023-08-16,Tamaulipas,2,34,36
2023-08-16,Yucatán,3,17,20
2023-08-17,Aguascalientes,1,11,12
2023-08-17,Baja California,1,26,27
2023-08-17,Baja California Sur,2,14,16
2023-08-17,Chiapas,3,3,6
2023-08-17,Chihuahua,1,63,64
2023-08-17,Coahuila de Zaragoza,1,19,20
2023-08-17,Colima,1,12,13
2023-08-17,Durango,3,21,24
2023-08-17,Guanajuato,3,34,37
2023-08-17,Guerrero,2,13,15
2023-08-17,Hidalgo,2,11,13
2023-08-17,Jalisco,2,29,31
2023-08-17,Morelos,2,20,22
2023-08-17,México,2,37,39
2023-08-17,Nayarit,2,7,9
2023-08-17,Nuevo León,2,257,259
2023-08-17,Puebla,3,32,35
2023-08-17,Querétaro,2,16,18
2023-08-17,Quintana Roo,2,16,18
2023-08-17,San Luis Potosí,1,10,11
2023-08-17,Sinaloa,1,20,21
2023-08-17,Tabasco,1,2,3
2023-08-17,Tlaxcala,1,5,6
2023-08-17,Veracruz de Ignacio de la Llave,2,28,30
2023-08-17,Zacatecas,1,3,4
2023-08-18,Aguascalientes,1,15,16
2023-08-18,Baja California,2,30,32
2023-08-18,Baja California Sur,2,15,17
2023-08-18,Campeche,2,15,17
2023-08-18,Chiapas,1,13,14
2023-08-18,Chihuahua,1,56,57
2023-08-18,Coahuila de Zaragoza,2,29,31
2023-08-18,Durango,2,26,28
2023-08-18,Guerrero,3,28,31
2023-08-18,Hidalgo,1,13,14
2023-08-18,Jalisco,3,44,47
2023-08-18,Michoacán de Ocampo,2,33,35
2023-08-18,Morelos,2,24,26
2023-08-18,México,2,48,50
2023-08-18,Nuevo León,3,281,284
2023-08-18,Oaxaca,3,17,20
2023-08-18,Puebla,1,37,38
2023-08-18,Querétaro,3,23,26
2023-08-18,Quintana Roo,1,12,13
2023-08-18,San Luis Potosí,1,20,21
2023-08-18,Sinaloa,1,11,12
2023-08-18,Yucatán,2,20,22
2023-08-19,Aguascalientes,2,25,27
2023-08-19,Baja California,1,32,33
2023-08-19,Baja California Sur,2,12,14
2023-08-19,Campeche,4,17,21
2023-08-19,Chiapas,1,14,15
2023-08-19,Chihuahua,1,91,92
2023-08-19,Coahuila de Zaragoza,1,27,28
2023-08-19,Colima,2,24,26
2023-08-19,Durango,2,31,33
2023-08-19,Guanajuato,2,46,48
2023-08-19,Jalisco,1,37,38
2023-08-19,Michoacán de Ocampo,1,56,57
2023-08-19,México,2,72,74
2023-08-19,Nayarit,1,6,7
2023-08-19,Nuevo León,2,235,237
2023-08-19,Oaxaca,2,15,17
2023-08-19,Puebla,1,42,43
2023-08-19,Quintana Roo,1,21,22
2023-08-19,San Luis Potosí,1,16,17
2023-08-19,Sinaloa,3,18,21
2023-08-19,Sonora,1,81,82
2023-08-19,Tamaulipas,1,48,49
2023-08-19,Tlaxcala,3,6,9
2023-08-19,Veracruz de Ignacio de la Llave,1,28,29
2023-08-19,Yucatán,3,29,32
2023-08-19,Zacatecas,3,7,10
2023-08-20,Baja California,1,18,19
2023-08-20,Baja California Sur,4,9,13
2023-08-20,Campeche,1,9,10
2023-08-20,Chihuahua,3,71,74
2023-08-20,Colima,2,16,18
2023-08-20,Guanajuato,2,34,36
2023-08-20,Guerrero,1,28,29
2023-08-20,Hidalgo,1,10,11
2023-08-20,Michoacán de Ocampo,2,48,50
2023-08-20,Morelos,1,21,22
2023-08-20,México,1,38,39
2023-08-20,Nayarit,1,7,8
2023-08-20,Nuevo León,4,187,191
2023-08-20,Oaxaca,1,8,9
2023-08-20,Puebla,1,38,39
2023-08-20,Querétaro,3,22,25
2023-08-20,Quintana Roo,1,12,13
2023-08-20,San Luis Potosí,2,27,29
2023-08-20,Sinaloa,3,24,27
2023-08-20,Sonora,1,63,64
2023-08-20,Tabasco,3,8,11
2023-08-20,Tamaulipas,1,41,42
2023-08-20,Tlaxcala,2,2,4
2023-08-20,Yucatán,1,24,25
2023-08-20,Zacatecas,1,10,11
2023-08-21,Baja California,2,17,19
2023-08-21,Baja California Sur,2,12,14
2023-08-21,Campeche,1,11,12
2023-08-21,Chiapas,1,8,9
2023-08-21,Chihuahua,2,64,66
2023-08-21,Coahuila de Zaragoza,2,21,23
2023-08-21,Colima,2,18,20
2023-08-21,Durango,2,29,31
2023-08-21,Guanajuato,1,51,52
2023-08-21,Guerrero,1,18,19
2023-08-21,Hidalgo,2,8,10
2023-08-21,Jalisco,1,35,36
2023-08-21,Michoacán de Ocampo,3,38,41
2023-08-21,Morelos,1,29,30
2023-08-21,México,1,40,41
2023-08-21,Nuevo León,1,241,242
2023-08-21,Oaxaca,1,9,10
2023-08-21,Puebla,3,51,54
2023-08-21,Quintana Roo,1,15,16
2023-08-21,San Luis Potosí,2,19,21
2023-08-21,Sinaloa,2,13,15
2023-08-21,Sonora,2,71,73
2023-08-21,Tabasco,2,6,8
2023-08-21,Tlaxcala,2,7,9
2023-08-21,Veracruz de Ignacio de la Llave,2,35,37
2023-08-21,Yucatán,3,20,23
2023-08-21,Zacatecas,2,4,6
2023-08-22,Baja California,2,17,19
2023-08-22,Baja California Sur,4,16,20
2023-08-22,Chiapas,1,7,8
2023-08-22,Chihuahua,2,79,81
2023-08-22,Coahuila de Zaragoza,1,25,26
2023-08-22,Colima,2,11,13
2023-08-22,Durango,1,29,30
2023-08-22,Guanajuato,1,39,40
2023-08-22,Guerrero,3,18,21
2023-08-22,Hidalgo,2,9,11
2023-08-22,Jalisco,1,34,35
2023-08-22,Michoacán de Ocampo,1,31,32
2023-08-22,Morelos,3,13,16
2023-08-22,México,2,49,51
2023-08-22,Nayarit,1,7,8
2023-08-22,Nuevo León,3,231,234
2023-08-22,Puebla,2,40,42
2023-08-22,Quintana Roo,1,17,18
2023-08-22,San Luis Potosí,2,20,22
2023-08-22,Sinaloa,1,12,13
2023-08-22,Tabasco,3,6,9
2023-08-22,Tamaulipas,2,31,33
2023-08-22,Veracruz de Ignacio de la Llave,2,16,18
2023-08-22,Yucatán,1,18,19
2023-08-23,Aguascalientes,1,7,8
2023-08-23,Baja California,1,24,25
2023-08-23,Baja California Sur,1,16,17
2023-08-23,Campeche,1,11,12
2023-08-23,Chiapas,1,7,8
2023-08-23,Chihuahua,3,63,66
2023-08-23,Coahuila de Zaragoza,2,23,25
2023-08-23,Durango,1,26,27
2023-08-23,Guanajuato,3,34,37
2023-08-23,Guerrero,1,20,21
2023-08-23,Hidalgo,1,10,11
2023-08-23,Jalisco,2,30,32
2023-08-23,Michoacán de Ocampo,1,30,31
2023-08-23,Morelos,1,18,19
2023-08-23,México,2,55,57
2023-08-23,Nayarit,2,7,9
2023-08-23,Puebla,2,29,31
2023-08-23,Querétaro,1,16,17
2023-08-23,Quintana Roo,1,9,10
2023-08-23,San Luis Potosí,2,26,28
2023-08-23,Sinaloa,1,13,14
2023-08-23,Tabasco,1,8,9
2023-08-23,Tamaulipas,2,28,30
2023-08-23,Tlaxcala,2,4,6
2023-08-23,Veracruz de Ignacio de la Llave,1,30,31
2023-08-23,Yucatán,2,19,21
2023-08-23,Zacatecas,3,6,9
2023-08-24,Aguascalientes,1,10,11
2023-08-24,Baja California,1,32,33
2023-08-24,Baja California Sur,3,16,19
2023-08-24,Campeche,1,16,17
2023-08-24,Chihuahua,1,60,61
2023-08-24,Coahuila de Zaragoza,1,27,28
2023-08-24,Colima,2,23,25
2023-08-24,Guanajuato,1,39,40
2023-08-24,Hidalgo,1,8,9
2023-08-24,Jalisco,1,38,39
2023-08-24,Morelos,1,19,20
2023-08-24,México,2,40,42
2023-08-24,Nuevo León,4,218,222
2023-08-24,Oaxaca,1,12,13
2023-08-24,Puebla,2,36,38
2023-08-24,Querétaro,4,29,33
2023-08-24,San Luis Potosí,1,11,12
2023-08-24,Sonora,2,56,58
2023-08-24,Tlaxcala,1,4,5
2023-08-24,Yucatán,2,20,22
2023-08-24,Zacatecas,1,6,7
2023-08-25,Aguascalientes,2,11,13
2023-08-25,Baja California,2,28,30
2023-08-25,Baja California Sur,2,6,8
2023-08-25,Campeche,1,9,10
2023-08-25,Chiapas,1,13,14
2023-08-25,Chihuahua,1,66,67
2023-08-25,Coahuila de Zaragoza,1,27,28
2023-08-25,Colima,2,20,22
2023-08-25,Durango,1,37,38
2023-08-25,Guerrero,1,15,16
2023-08-25,Hidalgo,2,8,10
2023-08-25,Jalisco,1,38,39
2023-08-25,Michoacán de Ocampo,3,35,38
2023-08-25,México,2,52,54
2023-08-25,Nayarit,2,11,13
2023-08-25,Oaxaca,1,15,16
2023-08-25,Querétaro,1,31,32
2023-08-25,Quintana Roo,1,15,16
2023-08-25,San Luis Potosí,1,18,19
2023-08-25,Sinaloa,1,20,21
2023-08-25,Sonora,1,62,63
2023-08-25,Tabasco,2,10,12
2023-08-25,Tamaulipas,3,45,48
2023-08-25,Tlaxcala,5,4,9
2023-08-25,Veracruz de Ignacio de la Llave,3,28,31
2023-08-25,Zacatecas,3,6,9
2023-08-26,Aguascalientes,3,11,14
2023-08-26,Baja California Sur,2,22,24
2023-08-26,Campeche,3,23,26
2023-08-26,Chiapas,1,15,16
2023-08-26,Chihuahua,4,78,82
2023-08-26,Coahuila de Zaragoza,1,35,36
2023-08-26,Guanajuato,2,65,67
2023-08-26,Guerrero,3,25,28
2023-08-26,Jalisco,1,47,48
2023-08-26,Michoacán de Ocampo,2,33,35
2023-08-26,Morelos,2,24,26
2023-08-26,México,2,54,56
2023-08-26,Nayarit,1,7,8
2023-08-26,Nuevo León,3,199,202
2023-08-26,Oaxaca,3,17,20
2023-08-26,Puebla,1,49,50
2023-08-26,Quintana Roo,2,11,13
2023-08-26,San Luis Potosí,1,18,19
2023-08-26,Tabasco,1,12,13
2023-08-26,Tamaulipas,4,47,51
2023-08-26,Tlaxcala,1,6,7
2023-08-26,Veracruz de Ignacio de la Llave,1,24,25
2023-08-26,Yucatán,2,24,26
2023-08-26,Zacatecas,1,8,9
2023-08-27,Chiapas,1,12,13
2023-08-27,Chihuahua,2,88,90
2023-08-27,Colima,2,24,26
2023-08-27,Durango,3,26,29
2023-08-27,Guanajuato,3,48,51
2023-08-27,Guerrero,1,15,16
2023-08-27,Hidalgo,1,8,9
2023-08-27,Jalisco,1,40,41
2023-08-27,Michoacán de Ocampo,2,44,46
2023-08-27,México,1,46,47
2023-08-27,Nayarit,2,10,12
2023-08-27,Nuevo León,2,179,181
2023-08-27,Oaxaca,3,12,15
2023-08-27,Puebla,3,35,38
2023-08-27,Querétaro,2,30,32
2023-08-27,Quintana Roo,1,12,13
2023-08-27,Sinaloa,1,17,18
2023-08-27,Tamaulipas,1,44,45
2023-08-27,Tlaxcala,1,6,7
2023-08-27,Yucatán,2,19,21
2023-08-27,Zacatecas,2,10,12
2023-08-28,Aguascalientes,3,12,15
2023-08-28,Baja California,3,21,24
2023-08-28,Baja California Sur,2,14,16
2023-08-28,Campeche,1,17,18
2023-08-28,Chiapas,2,111,113
2023-08-28,Chihuahua,2,92,94
2023-08-28,Coahuila de Zaragoza,2,46,48
2023-08-28,Colima,1,22,23
2023-08-28,Durango,3,34,37
2023-08-28,Guerrero,2,51,53
2023-08-28,Hidalgo,1,80,81
2023-08-28,Michoacán de Ocampo,2,76,78
2023-08-28,Morelos,2,13,15
2023-08-28,México,1,51,52
2023-08-28,Nayarit,6,6,12
2023-08-28,Nuevo León,1,271,272
2023-08-28,Oaxaca,1,527,528
2023-08-28,Puebla,2,189,191
2023-08-28,Querétaro,3,20,23
2023-08-28,Quintana Roo,3,16,19
2023-08-28,San Luis Potosí,1,61,62
2023-08-28,Sonora,4,119,123
2023-08-28,Tabasco,3,13,16
2023-08-28,Tamaulipas,3,57,60
2023-08-28,Tlaxcala,2,39,41
2023-08-28,Veracruz de Ignacio de la Llave,2,162,164
2023-08-28,Yucatán,2,40,42
2023-08-28,Zacatecas,2,24,26
2023-08-29,Baja California Sur,2,16,18
2023-08-29,Chiapas,2,14,16
2023-08-29,Chihuahua,2,57,59
2023-08-29,Durango,3,36,39
2023-08-29,Guanajuato,1,35,36
2023-08-29,Guerrero,3,20,23
2023-08-29,Jalisco,3,45,48
2023-08-29,Michoacán de Ocampo,1,37,38
2023-08-29,Morelos,1,25,26
2023-08-29,México,3,38,41
2023-08-29,Nayarit,1,9,10
2023-08-29,Nuevo León,1,284,285
2023-08-29,Puebla,3,24,27
2023-08-29,Querétaro,3,23,26
2023-08-29,Quintana Roo,1,12,13
2023-08-29,San Luis Potosí,1,23,24
2023-08-29,Sonora,1,82,83
2023-08-29,Tabasco,4,4,8
2023-08-29,Tamaulipas,1,41,42
2023-08-29,Tlaxcala,1,7,8
2023-08-29,Veracruz de Ignacio de la Llave,3,32,35
2023-08-29,Yucatán,1,27,28
2023-08-29,Zacatecas,2,5,7
2023-08-30,Aguascalientes,1,10,11
2023-08-30,Baja California,1,24,25
2023-08-30,Baja California Sur,1,18,19
2023-08-30,Campeche,1,8,9
2023-08-30,Chiapas,1,11,12
2023-08-30,Coahuila de Zaragoza,1,28,29
2023-08-30,Colima,1,14,15
2023-08-30,Durango,2,27,29
2023-08-30,Guerrero,2,15,17
2023-08-30,Hidalgo,4,9,13
2023-08-30,Jalisco,2,34,36
2023-08-30,Morelos,1,26,27
2023-08-30,México,1,55,56
2023-08-30,Nayarit,1,5,6
2023-08-30,Nuevo León,2,276,278
2023-08-30,Oaxaca,2,9,11
2023-08-30,Puebla,4,36,40
2023-08-30,Quintana Roo,1,14,15
2023-08-30,San Luis Potosí,2,18,20
2023-08-30,Sinaloa,1,7,8
2023-08-30,Sonora,1,79,80
2023-08-30,Tabasco,1,5,6
2023-08-30,Tamaulipas,1,37,38
2023-08-30,Veracruz de Ignacio de la Llave,1,28,29
2023-08-30,Yucatán,3,13,16
2023-08-30,Zacatecas,3,2,5
2023-08-31,Aguascalientes,1,7,8
2023-08-31,Baja California,1,38,39
2023-08-31,Baja California Sur,2,10,12
2023-08-31,Campeche,1,12,13
2023-08-31,Chiapas,1,16,17
2023-08-31,Chihuahua,1,73,74
2023-08-31,Coahuila de Zaragoza,2,12,14
2023-08-31,Colima,2,23,25
2023-08-31,Guanajuato,1,37,38
2023-08-31,Guerrero,2,6,8
2023-08-31,Hidalgo,1,17,18
2023-08-31,Jalisco,3,34,37
2023-08-31,Michoacán de Ocampo,5,38,43
2023-08-31,Morelos,1,21,22
2023-08-31,México,3,46,49
2023-08-31,Nayarit,1,5,6
2023-08-31,Nuevo León,2,294,296
2023-08-31,Oaxaca,2,9,11
2023-08-31,Puebla,3,46,49
2023-08-31,Quintana Roo,2,11,13
2023-08-31,San Luis Potosí,1,17,18
2023-08-31,Sinaloa,2,12,14
2023-08-31,Sonora,1,59,60
2023-08-31,Tabasco,1,3,4
2023-08-31,Tamaulipas,1,36,37
2023-08-31,Yucatán,1,16,17
2023-08-31,Zacatecas,1,3,4
2023-09-01,Aguascalientes,3,5,8
2023-09-01,Baja California,2,32,34
2023-09-01,Baja California Sur,1,20,21
2023-09-01,Campeche,1,14,15
2023-09-01,Chiapas,2,8,10
2023-09-01,Chihuahua,1,71,72
2023-09-01,Coahuila de Zaragoza,2,44,46
2023-09-01,Colima,2,15,17
2023-09-01,Hidalgo,2,14,16
2023-09-01,Jalisco,1,35,36
2023-09-01,Morelos,2,25,27
2023-09-01,México,1,76,77
2023-09-01,Nayarit,3,13,16
2023-09-01,Oaxaca,2,13,15
2023-09-01,Querétaro,2,35,37
2023-09-01,San Luis Potosí,2,24,26
2023-09-01,Sinaloa,2,25,27
2023-09-01,Sonora,2,102,104
2023-09-01,Tabasco,3,9,12
2023-09-01,Tamaulipas,1,31,32
2023-09-01,Tlaxcala,1,5,6
2023-09-01,Veracruz de Ignacio de la Llave,3,25,28
2023-09-01,Yucatán,3,21,24
2023-09-01,Zacatecas,2,1,3
2023-09-02,Aguascalientes,4,11,15
2023-09-02,Baja California,1,35,36
2023-09-02,Baja California Sur,1,24,25
2023-09-02,Campeche,2,16,18
2023-09-02,Coahuila de Zaragoza,1,37,38
2023-09-02,Colima,1,19,20
2023-09-02,Guanajuato,1,64,65
2023-09-02,Guerrero,2,21,23
2023-09-02,Hidalgo,3,21,24
2023-09-02,Jalisco,2,50,52
2023-09-02,Michoacán de Ocampo,2,47,49
2023-09-02,México,2,70,72
2023-09-02,Nayarit,3,10,13
2023-09-02,Nuevo León,4,243,247
2023-09-02,Oaxaca,1,13,14
2023-09-02,Puebla,1,43,44
2023-09-02,Quintana Roo,1,18,19
2023-09-02,San Luis Potosí,2,15,17
2023-09-02,Sonora,1,78,79
2023-09-02,Tabasco,1,8,9
2023-09-02,Tamaulipas,2,51,53
2023-09-02,Tlaxcala,1,5,6
2023-09-02,Zacatecas,3,3,6
2023-09-03,Baja California,1,36,37
2023-09-03,Chihuahua,1,75,76
2023-09-03,Coahuila de Zaragoza,3,40,43
2023-09-03,Colima,2,25,27
2023-09-03,Durango,1,32,33
2023-09-03,Hidalgo,2,15,17
2023-09-03,Jalisco,1,43,44
2023-09-03,Michoacán de Ocampo,3,51,54
2023-09-03,Morelos,2,18,20
2023-09-03,México,2,65,67
2023-09-03,Nayarit,1,12,13
2023-09-03,Oaxaca,2,15,17
2023-09-03,Puebla,1,37,38
2023-09-03,Querétaro,1,28,29
2023-09-03,Quintana Roo,3,19,22
2023-09-03,San Luis Potosí,3,22,25
2023-09-03,Sinaloa,4,31,35
2023-09-03,Sonora,1,77,78
2023-09-03,Tabasco,1,5,6
2023-09-03,Tamaulipas,3,49,52
2023-09-03,Tlaxcala,1,4,5
2023-09-03,Veracruz de Ignacio de la Llave,1,13,14
2023-09-03,Zacatecas,1,9,10
2023-09-04,Baja California,1,35,36
2023-09-04,Campeche,1,13,14
2023-09-04,Chiapas,1,18,19
2023-09-04,Chihuahua,2,79,81
2023-09-04,Colima,2,15,17
2023-09-04,Durango,3,31,34
2023-09-04,Guerrero,1,28,29
2023-09-04,Hidalgo,2,13,15
2023-09-04,Morelos,1,21,22
2023-09-04,México,2,67,69
2023-09-04,Nayarit,3,4,7
2023-09-04,Quintana Roo,2,15,17
2023-09-04,San Luis Potosí,1,22,23
2023-09-04,Sinaloa,2,16,18
2023-09-04,Tamaulipas,3,44,47
2023-09-04,Tlaxcala,2,2,4
2023-09-04,Veracruz de Ignacio de la Llave,1,36,37
2023-09-04,Zacatecas,1,8,9
2023-09-05,Baja California,1,21,22
2023-09-05,Baja California Sur,1,13,14
2023-09-05,Campeche,1,18,19
2023-09-05,Chiapas,1,19,20
2023-09-05,Chihuahua,1,51,52
2023-09-05,Colima,1,21,22
2023-09-05,Durango,1,36,37
2023-09-05,Guanajuato,3,36,39
2023-09-05,Hidalgo,3,16,19
2023-09-05,Jalisco,2,35,37
2023-09-05,Michoacán de Ocampo,1,42,43
2023-09-05,México,4,85,89
2023-09-05,Nuevo León,2,261,263
2023-09-05,Oaxaca,4,19,23
2023-09-05,Puebla,1,28,29
2023-09-05,Querétaro,1,21,22
2023-09-05,San Luis Potosí,2,19,21
2023-09-05,Sinaloa,1,19,20
2023-09-05,Tabasco,2,9,11
2023-09-05,Tamaulipas,2,48,50
2023-09-05,Tlaxcala,1,6,7
2023-09-05,Yucatán,2,27,29
2023-09-05,Zacatecas,2,5,7
2023-09-06,Aguascalientes,5,8,13
2023-09-06,Baja California,1,26,27
2023-09-06,Baja California Sur,3,14,17
2023-09-06,Campeche,2,15,17
2023-09-06,Chiapas,5,8,13
2023-09-06,Chihuahua,2,58,60
2023-09-06,Coahuila de Zaragoza,2,24,26
2023-09-06,Colima,1,11,12
2023-09-06,Guerrero,1,14,15
2023-09-06,Hidalgo,3,12,15
2023-09-06,Jalisco,1,48,49
2023-09-06,Michoacán de Ocampo,1,50,51
2023-09-06,México,3,60,63
2023-09-06,Nuevo León,2,245,247
2023-09-06,Oaxaca,1,14,15
2023-09-06,Querétaro,2,27,29
2023-09-06,Quintana Roo,3,19,22
2023-09-06,San Luis Potosí,2,21,23
2023-09-06,Sonora,1,77,78
2023-09-06,Tamaulipas,2,38,40
2023-09-06,Tlaxcala,1,5,6
2023-09-06,Yucatán,2,10,12
2023-09-06,Zacatecas,1,4,5
2023-09-07,Aguascalientes,1,11,12
2023-09-07,Baja California,1,26,27
2023-09-07,Campeche,2,11,13
2023-09-07,Chiapas,6,12,18
2023-09-07,Chihuahua,2,82,84
2023-09-07,Colima,4,17,21
2023-09-07,Durango,1,31,32
2023-09-07,Guanajuato,1,37,38
2023-09-07,Guerrero,1,12,13
2023-09-07,Hidalgo,2,11,13
2023-09-07,Jalisco,1,44,45
2023-09-07,Michoacán de Ocampo,2,44,46
2023-09-07,Morelos,2,24,26
2023-09-07,México,1,49,50
2023-09-07,Nayarit,1,10,11
2023-09-07,Nuevo León,2,258,260
2023-09-07,Oaxaca,1,13,14
2023-09-07,Puebla,1,42,43
2023-09-07,Querétaro,1,17,18
2023-09-07,Quintana Roo,3,14,17
2023-09-07,San Luis Potosí,1,21,22
2023-09-07,Sinaloa,2,12,14
2023-09-07,Sonora,3,62,65
2023-09-07,Tabasco,1,6,7
2023-09-07,Tlaxcala,1,2,3
2023-09-07,Veracruz de Ignacio de la Llave,1,27,28
2023-09-08,Aguascalientes,1,12,13
2023-09-08,Baja California,1,28,29
2023-09-08,Baja California Sur,2,11,13
2023-09-08,Campeche,2,13,15
2023-09-08,Chiapas,2,12,14
2023-09-08,Durango,4,34,38
2023-09-08,Guanajuato,3,62,65
2023-09-08,Guerrero,1,20,21
2023-09-08,Hidalgo,2,9,11
2023-09-08,Jalisco,1,44,45
2023-09-08,Michoacán de Ocampo,2,51,53
2023-09-08,Morelos,1,21,22
2023-09-08,México,3,57,60
2023-09-08,Nayarit,1,15,16
2023-09-08,Nuevo León,3,278,281
2023-09-08,Puebla,1,22,23
2023-09-08,Querétaro,2,31,33
2023-09-08,San Luis Potosí,1,25,26
2023-09-08,Sinaloa,2,19,21
2023-09-08,Sonora,1,86,87
2023-09-08,Tabasco,2,9,11
2023-09-08,Tamaulipas,3,51,54
2023-09-08,Tlaxcala,1,2,3
2023-09-08,Yucatán,1,16,17
2023-09-08,Zacatecas,4,2,6
2023-09-09,Aguascalientes,3,22,25
2023-09-09,Baja California,1,40,41
2023-09-09,Baja California Sur,2,13,15
2023-09-09,Campeche,1,14,15
2023-09-09,Chihuahua,1,77,78
2023-09-09,Coahuila de Zaragoza,1,41,42
2023-09-09,Colima,3,15,18
2023-09-09,Durango,1,27,28
2023-09-09,Guanajuato,2,64,66
2023-09-09,Guerrero,1,22,23
2023-09-09,Jalisco,1,38,39
2023-09-09,Michoacán de Ocampo,2,51,53
2023-09-09,Morelos,2,32,34
2023-09-09,Nayarit,1,13,14
2023-09-09,Nuevo León,2,253,255
2023-09-09,Oaxaca,1,16,17
2023-09-09,Puebla,2,42,44
2023-09-09,Querétaro,4,24,28
2023-09-09,Sinaloa,2,14,16
2023-09-09,Sonora,1,78,79
2023-09-09,Tabasco,3,7,10
2023-09-09,Tamaulipas,3,53,56
2023-09-09,Yucatán,3,25,28
2023-09-09,Zacatecas,2,4,6
2023-09-10,Aguascalientes,2,18,20
2023-09-10,Baja California Sur,2,16,18
2023-09-10,Chiapas,1,14,15
2023-09-10,Chihuahua,3,84,87
2023-09-10,Colima,1,23,24
2023-09-10,Durango,2,31,33
2023-09-10,Guanajuato,2,64,66
2023-09-10,Guerrero,3,20,23
2023-09-10,Hidalgo,3,12,15
2023-09-10,Jalisco,1,39,40
2023-09-10,Morelos,2,25,27
2023-09-10,México,2,50,52
2023-09-10,Nayarit,1,10,11
2023-09-10,Nuevo León,2,187,189
2023-09-10,Oaxaca,3,15,18
2023-09-10,Puebla,2,41,43
2023-09-10,Quintana Roo,2,20,22
2023-09-10,Sinaloa,2,32,34
2023-09-10,Sonora,1,53,54
2023-09-10,Tabasco,2,11,13
2023-09-10,Veracruz de Ignacio de la Llave,2,17,19
2023-09-10,Yucatán,2,25,27
2023-09-10,Zacatecas,1,7,8
2023-09-11,Aguascalientes,1,13,14
2023-09-11,Baja California,1,27,28
2023-09-11,Baja California Sur,2,13,15
2023-09-11,Campeche,4,21,25
2023-09-11,Chihuahua,1,86,87
2023-09-11,Coahuila de Zaragoza,1,26,27
2023-09-11,Colima,2,18,20
2023-09-11,Guanajuato,1,61,62
2023-09-11,Hidalgo,1,13,14
2023-09-11,Jalisco,3,40,43
2023-09-11,Michoacán de Ocampo,1,40,41
2023-09-11,Morelos,1,22,23
2023-09-11,México,1,68,69
2023-09-11,Nayarit,2,8,10
2023-09-11,Nuevo León,2,274,276
2023-09-11,Oaxaca,1,11,12
2023-09-11,Querétaro,3,25,28
2023-09-11,Quintana Roo,2,12,14
2023-09-11,San Luis Potosí,3,18,21
2023-09-11,Sinaloa,1,18,19
2023-09-11,Sonora,2,82,84
2023-09-11,Tabasco,3,3,6
2023-09-11,Tamaulipas,2,56,58
2023-09-11,Tlaxcala,3,3,6
2023-09-11,Veracruz de Ignacio de la Llave,1,21,22
2023-09-12,Aguascalientes,2,7,9
2023-09-12,Baja California,2,39,41
2023-09-12,Baja California Sur,1,16,17
2023-09-12,Campeche,2,10,12
2023-09-12,Chiapas,3,12,15
2023-09-12,Chihuahua,2,61,63
2023-09-12,Coahuila de Zaragoza,2,35,37
2023-09-12,Durango,3,31,34
2023-09-12,Guanajuato,1,41,42
2023-09-12,Guerrero,1,20,21
2023-09-12,Hidalgo,1,13,14
2023-09-12,Jalisco,1,33,34
2023-09-12,Michoacán de Ocampo,1,51,52
2023-09-12,Morelos,1,27,28
2023-09-12,México,3,61,64
2023-09-12,Nayarit,1,4,5
2023-09-12,Nuevo León,3,236,239
2023-09-12,Oaxaca,1,9,10
2023-09-12,Puebla,2,27,29
2023-09-12,Querétaro,1,20,21
2023-09-12,Quintana Roo,1,16,17
2023-09-12,Sinaloa,1,12,13
2023-09-12,Sonora,3,68,71
2023-09-12,Tabasco,1,3,4
2023-09-12,Zacatecas,2,8,10
2023-09-13,Baja California,2,20,22
2023-09-13,Baja California Sur,1,15,16
2023-09-13,Campeche,2,15,17
2023-09-13,Chiapas,1,14,15
2023-09-13,Chihuahua,2,53,55
2023-09-13,Coahuila de Zaragoza,1,35,36
2023-09-13,Durango,2,28,30
2023-09-13,Guanajuato,2,33,35
2023-09-13,Guerrero,4,16,20
2023-09-13,Jalisco,2,50,52
2023-09-13,Michoacán de Ocampo,4,32,36
2023-09-13,Morelos,3,21,24
2023-09-13,Nayarit,3,10,13
2023-09-13,Nuevo León,1,250,251
2023-09-13,Oaxaca,1,11,12
2023-09-13,Puebla,1,44,45
2023-09-13,Querétaro,1,20,21
2023-09-13,Quintana Roo,3,15,18
2023-09-13,San Luis Potosí,1,22,23
2023-09-13,Sinaloa,3,23,26
2023-09-13,Sonora,4,74,78
2023-09-13,Tamaulipas,3,33,36
2023-09-13,Tlaxcala,1,5,6
2023-09-13,Veracruz de Ignacio de la Llave,4,30,34
2023-09-13,Yucatán,2,22,24
2023-09-14,Aguascalientes,1,14,15
2023-09-14,Baja California,3,33,36
2023-09-14,Campeche,2,16,18
2023-09-14,Chiapas,2,11,13
2023-09-14,Chihuahua,1,57,58
2023-09-14,Coahuila de Zaragoza,1,27,28
2023-09-14,Durango,6,24,30
2023-09-14,Guanajuato,2,36,38
2023-09-14,Hidalgo,2,14,16
2023-09-14,Michoacán de Ocampo,2,39,41
2023-09-14,Morelos,2,34,36
2023-09-14,México,1,57,58
2023-09-14,Nayarit,1,6,7
2023-09-14,Nuevo León,2,227,229
2023-09-14,Oaxaca,1,12,13
2023-09-14,Querétaro,1,26,27
2023-09-14,San Luis Potosí,3,20,23
2023-09-14,Sinaloa,1,21,22
2023-09-14,Sonora,2,79,81
2023-09-14,Tabasco,2,13,15
2023-09-14,Tamaulipas,1,41,42
2023-09-14,Tlaxcala,3,8,11
2023-09-14,Zacatecas,1,6,7
2023-09-15,Aguascalientes,3,13,16
2023-09-15,Baja California,4,41,45
2023-09-15,Baja California Sur,2,20,22
2023-09-15,Chiapas,3,13,16
2023-09-15,Coahuila de Zaragoza,1,41,42
2023-09-15,Durango,2,21,23
2023-09-15,Guerrero,1,22,23
2023-09-15,Hidalgo,1,15,16
2023-09-15,Jalisco,5,45,50
2023-09-15,Michoacán de Ocampo,3,42,45
2023-09-15,Morelos,2,30,32
2023-09-15,México,1,53,54
2023-09-15,Nuevo León,1,217,218
2023-09-15,Puebla,2,57,59
2023-09-15,Quintana Roo,1,14,15
2023-09-15,Sinaloa,3,14,17
2023-09-15,Sonora,1,96,97
2023-09-15,Tamaulipas,3,45,48
2023-09-15,Tlaxcala,1,2,3
2023-09-15,Veracruz de Ignacio de la Llave,2,22,24
2023-09-15,Zacatecas,1,4,5
2023-09-16,Aguascalientes,1,10,11
2023-09-16,Campeche,1,11,12
2023-09-16,Chiapas,4,12,16
2023-09-16,Chihuahua,2,79,81
2023-09-16,Coahuila de Zaragoza,2,39,41
2023-09-16,Colima,1,24,25
2023-09-16,Durango,3,27,30
2023-09-16,Guanajuato,2,63,65
2023-09-16,Guerrero,4,30,34
2023-09-16,Hidalgo,2,11,13
2023-09-16,Jalisco,1,47,48
2023-09-16,Michoacán de Ocampo,1,60,61
2023-09-16,Morelos,1,24,25
2023-09-16,Nayarit,1,10,11
2023-09-16,Nuevo León,2,182,184
2023-09-16,Puebla,1,43,44
2023-09-16,Querétaro,1,34,35
2023-09-16,Quintana Roo,3,20,23
2023-09-16,San Luis Potosí,2,14,16
2023-09-16,Sinaloa,3,22,25
2023-09-16,Tabasco,2,12,14
2023-09-16,Tamaulipas,2,52,54
2023-09-16,Tlaxcala,1,4,5
2023-09-16,Veracruz de Ignacio de la Llave,1,32,33
2023-09-16,Yucatán,2,21,23
2023-09-16,Zacatecas,4,12,16
2023-09-17,Aguascalientes,4,19,23
2023-09-17,Baja California,3,27,30
2023-09-17,Campeche,1,14,15
2023-09-17,Chiapas,3,8,11
2023-09-17,Chihuahua,1,61,62
2023-09-17,Coahuila de Zaragoza,1,27,28
2023-09-17,Guanajuato,2,47,49
2023-09-17,Hidalgo,1,6,7
2023-09-17,Jalisco,2,34,36
2023-09-17,Michoacán de Ocampo,1,34,35
2023-09-17,Morelos,2,19,21
2023-09-17,México,2,53,55
2023-09-17,Nayarit,1,8,9
2023-09-17,Nuevo León,1,166,167
2023-09-17,Oaxaca,3,19,22
2023-09-17,Puebla,2,35,37
2023-09-17,Quintana Roo,1,21,22
2023-09-17,San Luis Potosí,1,19,20
2023-09-17,Sinaloa,2,26,28
2023-09-17,Sonora,1,62,63
2023-09-17,Tabasco,2,5,7
2023-09-17,Tamaulipas,2,38,40
2023-09-17,Veracruz de Ignacio de la Llave,4,22,26
2023-09-17,Yucatán,1,28,29
2023-09-17,Zacatecas,1,5,6
2023-09-18,Aguascalientes,4,12,16
2023-09-18,Baja California,1,23,24
2023-09-18,Baja California Sur,1,8,9
2023-09-18,Campeche,1,12,13
2023-09-18,Chihuahua,1,82,83
2023-09-18,Coahuila de Zaragoza,2,46,48
2023-09-18,Colima,3,12,15
2023-09-18,Guanajuato,1,43,44
2023-09-18,Guerrero,3,23,26
2023-09-18,Hidalgo,1,12,13
2023-09-18,Jalisco,2,44,46
2023-09-18,Michoacán de Ocampo,1,41,42
2023-09-18,Morelos,2,21,23
2023-09-18,México,3,48,51
2023-09-18,Nayarit,1,10,11
2023-09-18,Nuevo León,4,261,265
2023-09-18,Oaxaca,1,13,14
2023-09-18,Puebla,3,46,49
2023-09-18,Quintana Roo,2,19,21
2023-09-18,Sinaloa,2,17,19
2023-09-18,Sonora,1,77,78
2023-09-18,Tabasco,2,8,10
2023-09-18,Tamaulipas,2,45,47
2023-09-18,Tlaxcala,1,7,8
2023-09-18,Veracruz de Ignacio de la Llave,1,27,28
2023-09-18,Yucatán,3,13,16
2023-09-18,Zacatecas,3,7,10
2023-09-19,Aguascalientes,4,8,12
2023-09-19,Campeche,1,14,15
2023-09-19,Chihuahua,2,74,76
2023-09-19,Coahuila de Zaragoza,3,22,25
2023-09-19,Colima,1,18,19
2023-09-19,Guanajuato,2,41,43
2023-09-19,Guerrero,1,23,24
2023-09-19,Hidalgo,2,19,21
2023-09-19,Jalisco,1,34,35
2023-09-19,Michoacán de Ocampo,1,37,38
2023-09-19,Morelos,1,16,17
2023-09-19,México,1,67,68
2023-09-19,Nayarit,1,11,12
2023-09-19,Nuevo León,2,260,262
2023-09-19,Oaxaca,4,17,21
2023-09-19,Puebla,1,35,36
2023-09-19,Quintana Roo,3,20,23
2023-09-19,San Luis Potosí,1,14,15
2023-09-19,Sinaloa,1,21,22
2023-09-19,Sonora,3,69,72
2023-09-19,Tabasco,2,7,9
2023-09-19,Tamaulipas,2,34,36
2023-09-19,Tlaxcala,2,7,9
2023-09-19,Veracruz de Ignacio de la Llave,3,33,36
2023-09-19,Yucatán,3,31,34
2023-09-19,Zacatecas,2,4,6
2023-09-20,Aguascalientes,4,12,16
2023-09-20,Baja California,3,36,39
2023-09-20,Baja California Sur,1,15,16
2023-09-20,Campeche,1,9,10
2023-09-20,Chiapas,1,8,9
2023-09-20,Chihuahua,1,69,70
2023-09-20,Coahuila de Zaragoza,1,35,36
2023-09-20,Colima,3,18,21
2023-09-20,Durango,1,32,33
2023-09-20,Guanajuato,1,44,45
2023-09-20,Hidalgo,2,6,8
2023-09-20,Jalisco,2,38,40
2023-09-20,Michoacán de Ocampo,4,35,39
2023-09-20,Morelos,5,22,27
2023-09-20,México,2,47,49
2023-09-20,Nayarit,1,6,7
2023-09-20,Nuevo León,1,250,251
2023-09-20,Oaxaca,2,11,13
2023-09-20,Puebla,1,48,49
2023-09-20,Querétaro,1,25,26
2023-09-20,Quintana Roo,1,14,15
2023-09-20,Sonora,1,62,63
2023-09-20,Tabasco,2,11,13
2023-09-20,Tamaulipas,2,35,37
2023-09-20,Veracruz de Ignacio de la Llave,1,21,22
2023-09-20,Yucatán,2,26,28
2023-09-20,Zacatecas,2,14,16
2023-09-21,Aguascalientes,1,9,10
2023-09-21,Baja California,2,27,29
2023-09-21,Campeche,1,12,13
2023-09-21,Chiapas,1,11,12
2023-09-21,Colima,2,13,15
2023-09-21,Durango,1,31,32
2023-09-21,Hidalgo,2,13,15
2023-09-21,Jalisco,1,40,41
2023-09-21,Michoacán de Ocampo,1,44,45
2023-09-21,Morelos,2,21,23
2023-09-21,México,2,65,67
2023-09-21,Nuevo León,2,256,258
2023-09-21,Oaxaca,2,11,13
2023-09-21,Puebla,2,28,30
2023-09-21,Querétaro,1,27,28
2023-09-21,San Luis Potosí,2,19,21
2023-09-21,Sinaloa,2,11,13
2023-09-21,Sonora,3,84,87
2023-09-21,Tabasco,3,8,11
2023-09-21,Tamaulipas,3,38,41
2023-09-21,Tlaxcala,2,7,9
2023-09-21,Veracruz de Ignacio de la Llave,1,31,32
2023-09-21,Yucatán,2,19,21
2023-09-22,Aguascalientes,2,15,17
2023-09-22,Baja California,1,39,40
2023-09-22,Baja California Sur,1,22,23
2023-09-22,Chiapas,2,9,11
2023-09-22,Coahuila de Zaragoza,1,31,32
2023-09-22,Colima,1,23,24
2023-09-22,Guanajuato,3,53,56
2023-09-22,Hidalgo,1,10,11
2023-09-22,Jalisco,4,49,53
2023-09-22,Michoacán de Ocampo,2,54,56
2023-09-22,Morelos,4,24,28
2023-09-22,Nayarit,1,11,12
2023-09-22,Nuevo León,2,244,246
2023-09-22,Oaxaca,1,11,12
2023-09-22,Quintana Roo,4,17,21
2023-09-22,Sonora,4,72,76
2023-09-22,Tabasco,2,5,7
2023-09-22,Tamaulipas,3,37,40
2023-09-22,Tlaxcala,3,3,6
2023-09-22,Veracruz de Ignacio de la Llave,2,28,30
2023-09-22,Zacatecas,3,2,5
2023-09-23,Aguascalientes,2,24,26
2023-09-23,Baja California Sur,1,28,29
2023-09-23,Campeche,2,11,13
2023-09-23,Chiapas,2,11,13
2023-09-23,Chihuahua,2,82,84
2023-09-23,Coahuila de Zaragoza,1,56,57
2023-09-23,Colima,4,25,29
2023-09-23,Durango,2,46,48
2023-09-23,Guanajuato,1,53,54
2023-09-23,Hidalgo,1,17,18
2023-09-23,Jalisco,2,44,46
2023-09-23,Michoacán de Ocampo,1,45,46
2023-09-23,Morelos,1,25,26
2023-09-23,México,2,63,65
2023-09-23,Nayarit,2,14,16
2023-09-23,Nuevo León,1,217,218
2023-09-23,Oaxaca,1,18,19
2023-09-23,Puebla,4,37,41
2023-09-23,Querétaro,2,30,32
2023-09-23,Quintana Roo,3,16,19
2023-09-23,San Luis Potosí,4,33,37
2023-09-23,Sinaloa,2,22,24
2023-09-23,Veracruz de Ignacio de la Llave,1,22,23
2023-09-23,Yucatán,2,37,39
2023-09-23,Zacatecas,2,8,10
2023-09-24,Aguascalientes,1,18,19
2023-09-24,Baja California Sur,1,20,21
2023-09-24,Campeche,4,7,11
2023-09-24,Chihuahua,1,76,77
2023-09-24,Coahuila de Zaragoza,1,35,36
2023-09-24,Colima,2,18,20
2023-09-24,Durango,1,31,32
2023-09-24,Guanajuato,2,47,49
2023-09-24,Guerrero,2,9,11
2023-09-24,Hidalgo,2,14,16
2023-09-24,Jalisco,4,56,60
2023-09-24,Morelos,5,27,32
2023-09-24,México,3,57,60
2023-09-24,Nayarit,1,7,8
2023-09-24,Nuevo León,2,171,173
2023-09-24,Oaxaca,1,16,17
2023-09-24,Puebla,1,25,26
2023-09-24,Querétaro,4,24,28
2023-09-24,Sinaloa,3,20,23
2023-09-24,Sonora,1,86,87
2023-09-24,Tamaulipas,1,43,44
2023-09-24,Tlaxcala,1,6,7
2023-09-24,Yucatán,1,38,39
2023-09-24,Zacatecas,1,13,14
2023-09-25,Aguascalientes,2,8,10
2023-09-25,Baja California Sur,1,17,18
2023-09-25,Campeche,3,14,17
2023-09-25,Chiapas,3,17,20
2023-09-25,Chihuahua,5,71,76
2023-09-25,Coahuila de Zaragoza,1,23,24
2023-09-25,Durango,3,31,34
2023-09-25,Hidalgo,3,15,18
2023-09-25,Jalisco,2,47,49
2023-09-25,Michoacán de Ocampo,1,33,34
2023-09-25,Nuevo León,2,202,204
2023-09-25,Oaxaca,1,8,9
2023-09-25,Puebla,1,31,32
2023-09-25,Querétaro,2,19,21
2023-09-25,Sinaloa,2,20,22
2023-09-25,Sonora,2,85,87
2023-09-25,Veracruz de Ignacio de la Llave,6,34,40
2023-09-25,Yucatán,2,16,18
2023-09-26,Aguascalientes,2,5,7
2023-09-26,Baja California Sur,3,21,24
2023-09-26,Chihuahua,1,68,69
2023-09-26,Coahuila de Zaragoza,1,20,21
2023-09-26,Colima,1,11,12
2023-09-26,Guerrero,1,8,9
2023-09-26,Hidalgo,3,12,15
2023-09-26,Jalisco,1,39,40
2023-09-26,Michoacán de Ocampo,2,40,42
2023-09-26,México,1,47,48
2023-09-26,Nayarit,3,6,9
2023-09-26,Nuevo León,2,246,248
2023-09-26,Puebla,2,36,38
2023-09-26,Sinaloa,1,21,22
2023-09-26,Tabasco,1,4,5
2023-09-26,Tamaulipas,2,32,34
2023-09-26,Tlaxcala,1,6,7
2023-09-26,Yucatán,3,18,21
2023-09-27,Baja California,2,25,27
2023-09-27,Baja California Sur,2,13,15
2023-09-27,Campeche,1,9,10
2023-09-27,Chiapas,1,5,6
2023-09-27,Chihuahua,3,66,69
2023-09-27,Coahuila de Zaragoza,1,23,24
2023-09-27,Colima,2,15,17
2023-09-27,Guanajuato,3,48,51
2023-09-27,Guerrero,1,11,12
2023-09-27,Jalisco,2,29,31
2023-09-27,Morelos,3,20,23
2023-09-27,Nayarit,2,5,7
2023-09-27,Querétaro,1,26,27
2023-09-27,Quintana Roo,1,12,13
2023-09-27,San Luis Potosí,1,14,15
2023-09-27,Sinaloa,4,11,15
2023-09-27,Sonora,1,76,77
2023-09-27,Tabasco,1,7,8
2023-09-27,Veracruz de Ignacio de la Llave,2,27,29
2023-09-27,Yucatán,1,20,21
2023-09-27,Zacatecas,1,4,5
2023-09-28,Aguascalientes,4,5,9
2023-09-28,Campeche,1,13,14
2023-09-28,Coahuila de Zaragoza,2,46,48
2023-09-28,Colima,3,19,22
2023-09-28,Durango,2,32,34
2023-09-28,Guerrero,2,43,45
2023-09-28,Jalisco,4,107,111
2023-09-28,Michoacán de Ocampo,1,64,65
2023-09-28,Morelos,1,13,14
2023-09-28,México,1,59,60
2023-09-28,Nuevo León,1,283,284
2023-09-28,Oaxaca,2,521,523
2023-09-28,Puebla,2,188,190
2023-09-28,Querétaro,1,24,25
2023-09-28,San Luis Potosí,4,69,73
2023-09-28,Sonora,3,111,114
2023-09-28,Tabasco,2,7,9
2023-09-28,Tamaulipas,2,55,57
2023-09-28,Tlaxcala,1,42,43
2023-09-28,Veracruz de Ignacio de la Llave,1,165,166
2023-09-28,Yucatán,2,30,32
2023-09-28,Zacatecas,1,23,24
2023-09-29,Aguascalientes,2,7,9
2023-09-29,Baja California,1,30,31
2023-09-29,Chiapas,3,14,17
2023-09-29,Chihuahua,1,70,71
2023-09-29,Coahuila de Zaragoza,1,28,29
2023-09-29,Colima,1,20,21
2023-09-29,Durango,1,33,34
2023-09-29,Guanajuato,1,49,50
2023-09-29,Guerrero,2,9,11
2023-09-29,Jalisco,5,47,52
2023-09-29,Michoacán de Ocampo,3,49,52
2023-09-29,Morelos,1,23,24
2023-09-29,México,1,59,60
2023-09-29,Nuevo León,2,281,283
2023-09-29,Oaxaca,2,14,16
2023-09-29,Puebla,1,40,41
2023-09-29,Quintana Roo,2,15,17
2023-09-29,Sinaloa,2,16,18
2023-09-29,Sonora,1,85,86
2023-09-29,Tamaulipas,1,48,49
2023-09-29,Tlaxcala,7,1,8
2023-09-29,Veracruz de Ignacio de la Llave,1,32,33
2023-09-29,Yucatán,1,21,22
2023-09-29,Zacatecas,2,14,16
2023-09-30,Aguascalientes,4,15,19
2023-09-30,Baja California Sur,2,17,19
2023-09-30,Chiapas,1,18,19
2023-09-30,Chihuahua,2,68,70
2023-09-30,Coahuila de Zaragoza,3,23,26
2023-09-30,Durango,1,42,43
2023-09-30,Guanajuato,1,58,59
2023-09-30,Guerrero,1,15,16
2023-09-30,Hidalgo,2,13,15
2023-09-30,Jalisco,3,46,49
2023-09-30,Michoacán de Ocampo,3,44,47
2023-09-30,Morelos,2,32,34
2023-09-30,Nayarit,1,12,13
2023-09-30,Nuevo León,1,260,261
2023-09-30,Oaxaca,1,14,15
2023-09-30,Puebla,3,41,44
2023-09-30,Querétaro,1,33,34
2023-09-30,Quintana Roo,1,13,14
2023-09-30,San Luis Potosí,1,20,21
2023-09-30,Sinaloa,2,14,16
2023-09-30,Tabasco,3,14,17
2023-09-30,Tamaulipas,2,50,52
2023-09-30,Tlaxcala,1,9,10
2023-09-30,Veracruz de Ignacio de la Llave,1,25,26
2023-09-30,Yucatán,2,32,34
2023-09-30,Zacatecas,1,4,5
2023-10-01,Baja California Sur,1,25,26
2023-10-01,Chihuahua,1,75,76
2023-10-01,Coahuila de Zaragoza,1,34,35
2023-10-01,Colima,2,20,22
2023-10-01,Hidalgo,5,15,20
2023-10-01,Jalisco,1,50,51
2023-10-01,Michoacán de Ocampo,4,54,58
2023-10-01,México,2,63,65
2023-10-01,Nayarit,2,11,13
2023-10-01,Nuevo León,1,165,166
2023-10-01,Oaxaca,4,11,15
2023-10-01,Querétaro,1,34,35
2023-10-01,Quintana Roo,1,21,22
2023-10-01,Tabasco,1,10,11
2023-10-01,Tamaulipas,2,43,45
2023-10-01,Tlaxcala,1,2,3
2023-10-02,Baja California,1,39,40
2023-10-02,Campeche,1,11,12
2023-10-02,Chiapas,2,11,13
2023-10-02,Coahuila de Zaragoza,1,35,36
2023-10-02,Colima,1,24,25
2023-10-02,Guanajuato,1,49,50
2023-10-02,Hidalgo,1,16,17
2023-10-02,Jalisco,1,40,41
2023-10-02,Michoacán de Ocampo,3,41,44
2023-10-02,Morelos,1,25,26
2023-10-02,México,2,57,59
2023-10-02,Nayarit,1,10,11
2023-10-02,Nuevo León,1,245,246
2023-10-02,Oaxaca,3,13,16
2023-10-02,Querétaro,3,19,22
2023-10-02,Quintana Roo,1,16,17
2023-10-02,Tabasco,1,5,6
2023-10-02,Tamaulipas,3,43,46
2023-10-02,Tlaxcala,2,4,6
2023-10-02,Veracruz de Ignacio de la Llave,2,33,35
2023-10-02,Zacatecas,1,7,8
2023-10-03,Aguascalientes,2,7,9
2023-10-03,Baja California,2,26,28
2023-10-03,Chiapas,3,8,11
2023-10-03,Chihuahua,1,69,70
2023-10-03,Colima,4,14,18
2023-10-03,Durango,3,30,33
2023-10-03,Guanajuato,1,34,35
2023-10-03,Guerrero,3,20,23
2023-10-03,Hidalgo,2,13,15
2023-10-03,Jalisco,1,37,38
2023-10-03,Michoacán de Ocampo,2,38,40
2023-10-03,Morelos,1,12,13
2023-10-03,México,2,67,69
2023-10-03,Nayarit,2,2,4
2023-10-03,Nuevo León,1,230,231
2023-10-03,Oaxaca,2,15,17
2023-10-03,Quintana Roo,1,17,18
2023-10-03,San Luis Potosí,1,24,25
2023-10-03,Sinaloa,1,18,19
2023-10-03,Tamaulipas,1,25,26
2023-10-03,Tlaxcala,2,1,3
2023-10-03,Yucatán,2,15,17
2023-10-03,Zacatecas,4,7,11
2023-10-04,Aguascalientes,1,6,7
2023-10-04,Baja California,1,33,34
2023-10-04,Campeche,2,7,9
2023-10-04,Chiapas,1,11,12
2023-10-04,Chihuahua,2,63,65
2023-10-04,Durango,1,29,30
2023-10-04,Guanajuato,2,38,40
2023-10-04,Guerrero,1,14,15
2023-10-04,Hidalgo,1,13,14
2023-10-04,Michoacán de Ocampo,1,44,45
2023-10-04,Morelos,3,21,24
2023-10-04,México,2,70,72
2023-10-04,Nuevo León,2,250,252
2023-10-04,Quintana Roo,1,16,17
2023-10-04,San Luis Potosí,1,14,15
2023-10-04,Sinaloa,1,16,17
2023-10-04,Sonora,1,88,89
2023-10-04,Tabasco,3,2,5
2023-10-04,Veracruz de Ignacio de la Llave,1,38,39
2023-10-04,Zacatecas,1,7,8
2023-10-05,Aguascalientes,1,5,6
2023-10-05,Baja California,1,47,48
2023-10-05,Baja California Sur,2,17,19
2023-10-05,Campeche,1,7,8
2023-10-05,Chiapas,2,6,8
2023-10-05,Chihuahua,2,57,59
2023-10-05,Coahuila de Zaragoza,1,29,30
2023-10-05,Colima,2,15,17
2023-10-05,Durango,1,30,31
2023-10-05,Guanajuato,1,55,56
2023-10-05,Guerrero,1,24,25
2023-10-05,Hidalgo,1,11,12
2023-10-05,Jalisco,1,35,36
2023-10-05,Michoacán de Ocampo,1,48,49
2023-10-05,Morelos,1,19,20
2023-10-05,México,1,64,65
2023-10-05,Nayarit,1,16,17
2023-10-05,Oaxaca,2,11,13
2023-10-05,Puebla,1,39,40
2023-10-05,Querétaro,2,31,33
2023-10-05,Quintana Roo,2,19,21
2023-10-05,San Luis Potosí,2,19,21
2023-10-05,Sinaloa,2,16,18
2023-10-05,Sonora,3,80,83
2023-10-05,Tabasco,2,11,13
2023-10-05,Tamaulipas,1,50,51
2023-10-05,Tlaxcala,3,1,4
2023-10-05,Veracruz de Ignacio de la Llave,1,26,27
2023-10-05,Yucatán,1,22,23
2023-10-05,Zacatecas,3,4,7
2023-10-06,Aguascalientes,3,14,17
2023-10-06,Baja California,2,36,38
2023-10-06,Baja California Sur,2,17,19
2023-10-06,Campeche,2,11,13
2023-10-06,Chiapas,1,17,18
2023-10-06,Chihuahua,2,72,74
2023-10-06,Coahuila de Zaragoza,1,21,22
2023-10-06,Durango,3,30,33
2023-10-06,Guanajuato,2,61,63
2023-10-06,Guerrero,1,16,17
2023-10-06,Jalisco,1,34,35
2023-10-06,Michoacán de Ocampo,2,39,41
2023-10-06,Morelos,1,21,22
2023-10-06,México,1,61,62
2023-10-06,Nayarit,3,10,13
2023-10-06,Nuevo León,1,154,155
2023-10-06,Oaxaca,1,17,18
2023-10-06,Querétaro,2,32,34
2023-10-06,Quintana Roo,2,25,27
2023-10-06,San Luis Potosí,3,24,27
2023-10-06,Sinaloa,1,14,15
2023-10-06,Sonora,1,95,96
2023-10-06,Tabasco,1,8,9
2023-10-06,Tamaulipas,3,35,38
2023-10-06,Tlaxcala,2,10,12
2023-10-06,Veracruz de Ignacio de la Llave,1,24,25
2023-10-06,Yucatán,2,25,27
2023-10-06,Zacatecas,4,7,11
2023-10-07,Baja California Sur,4,25,29
2023-10-07,Campeche,2,18,20
2023-10-07,Chiapas,1,19,20
2023-10-07,Chihuahua,2,63,65
2023-10-07,Colima,2,25,27
2023-10-07,Guanajuato,2,59,61
2023-10-07,Guerrero,2,30,32
2023-10-07,Hidalgo,1,9,10
2023-10-07,Jalisco,2,31,33
2023-10-07,Michoacán de Ocampo,1,38,39
2023-10-07,Morelos,2,22,24
2023-10-07,México,1,48,49
2023-10-07,Nayarit,1,11,12
2023-10-07,Nuevo León,2,150,152
2023-10-07,Puebla,1,34,35
2023-10-07,Querétaro,1,29,30
2023-10-07,San Luis Potosí,1,22,23
2023-10-07,Sinaloa,2,23,25
2023-10-07,Tamaulipas,4,32,36
2023-10-07,Tlaxcala,2,1,3
2023-10-07,Veracruz de Ignacio de la Llave,2,28,30
2023-10-07,Yucatán,2,30,32
2023-10-07,Zacatecas,5,6,11
2023-10-08,Baja California,3,37,40
2023-10-08,Baja California Sur,1,16,17
2023-10-08,Campeche,1,11,12
2023-10-08,Coahuila de Zaragoza,3,29,32
2023-10-08,Colima,4,24,28
2023-10-08,Durango,1,22,23
2023-10-08,Guanajuato,1,34,35
2023-10-08,Guerrero,2,21,23
2023-10-08,Hidalgo,1,15,16
2023-10-08,Michoacán de Ocampo,1,37,38
2023-10-08,México,3,38,41
2023-10-08,Nayarit,3,6,9
2023-10-08,Nuevo León,1,133,134
2023-10-08,Oaxaca,4,14,18
2023-10-08,Puebla,2,37,39
2023-10-08,Querétaro,2,18,20
2023-10-08,Quintana Roo,3,18,21
2023-10-08,San Luis Potosí,1,23,24
2023-10-08,Sinaloa,2,22,24
2023-10-08,Sonora,2,85,87
2023-10-08,Tabasco,2,7,9
2023-10-08,Tlaxcala,1,4,5
2023-10-08,Yucatán,2,25,27
2023-10-08,Zacatecas,4,5,9
2023-10-09,Aguascalientes,1,10,11
2023-10-09,Baja California,3,28,31
2023-10-09,Baja California Sur,1,14,15
2023-10-09,Campeche,2,7,9
2023-10-09,Chiapas,1,10,11
2023-10-09,Coahuila de Zaragoza,3,23,26
2023-10-09,Colima,2,5,7
2023-10-09,Durango,2,29,31
2023-10-09,Guanajuato,2,52,54
2023-10-09,Guerrero,3,13,16
2023-10-09,Hidalgo,1,14,15
2023-10-09,Jalisco,1,34,35
2023-10-09,Michoacán de Ocampo,4,44,48
2023-10-09,Morelos,2,27,29
2023-10-09,Nayarit,1,6,7
2023-10-09,Nuevo León,3,186,189
2023-10-09,Oaxaca,1,15,16
2023-10-09,Querétaro,1,23,24
2023-10-09,Quintana Roo,1,22,23
2023-10-09,San Luis Potosí,3,14,17
2023-10-09,Sonora,1,111,112
2023-10-09,Tamaulipas,1,39,40
2023-10-09,Tlaxcala,1,7,8
2023-10-09,Veracruz de Ignacio de la Llave,1,20,21
2023-10-09,Yucatán,1,22,23
2023-10-09,Zacatecas,1,7,8
2023-10-10,Aguascalientes,2,3,5
2023-10-10,Baja California Sur,2,11,13
2023-10-10,Chiapas,1,14,15
2023-10-10,Chihuahua,1,61,62
2023-10-10,Durango,1,25,26
2023-10-10,Guanajuato,6,52,58
2023-10-10,Guerrero,1,17,18
2023-10-10,Hidalgo,6,6,12
2023-10-10,Michoacán de Ocampo,2,43,45
2023-10-10,Morelos,1,20,21
2023-10-10,México,1,38,39
2023-10-10,Nayarit,1,5,6
2023-10-10,Oaxaca,2,15,17
2023-10-10,Querétaro,2,24,26
2023-10-10,Sonora,1,81,82
2023-10-10,Tabasco,1,5,6
2023-10-10,Tlaxcala,1,4,5
2023-10-10,Veracruz de Ignacio de la Llave,2,28,30
2023-10-10,Zacatecas,1,10,11
2023-10-11,Aguascalientes,2,9,11
2023-10-11,Baja California,1,29,30
2023-10-11,Baja California Sur,2,8,10
2023-10-11,Campeche,2,11,13
2023-10-11,Coahuila de Zaragoza,1,14,15
2023-10-11,Colima,6,7,13
2023-10-11,Durango,1,35,36
2023-10-11,Guanajuato,1,42,43
2023-10-11,Guerrero,3,14,17
2023-10-11,Jalisco,2,36,38
2023-10-11,Michoacán de Ocampo,1,42,43
2023-10-11,Morelos,2,11,13
2023-10-11,México,1,35,36
2023-10-11,Nayarit,2,8,10
2023-10-11,Nuevo León,1,255,256
2023-10-11,Oaxaca,1,10,11
2023-10-11,Puebla,1,35,36
2023-10-11,Querétaro,1,19,20
2023-10-11,Quintana Roo,2,16,18
2023-10-11,San Luis Potosí,3,12,15
2023-10-11,Sinaloa,1,17,18
2023-10-11,Sonora,2,72,74
2023-10-11,Tabasco,2,7,9
2023-10-11,Tamaulipas,1,28,29
2023-10-11,Tlaxcala,1,9,10
2023-10-11,Veracruz de Ignacio de la Llave,3,19,22
2023-10-11,Yucatán,1,19,20
2023-10-11,Zacatecas,1,4,5
2023-10-12,Aguascalientes,3,7,10
2023-10-12,Baja California,1,26,27
2023-10-12,Campeche,1,14,15
2023-10-12,Chiapas,1,11,12
2023-10-12,Chihuahua,4,62,66
2023-10-12,Coahuila de Zaragoza,4,23,27
2023-10-12,Colima,2,18,20
2023-10-12,Guanajuato,2,41,43
2023-10-12,Guerrero,1,15,16
2023-10-12,Hidalgo,2,9,11
2023-10-12,Jalisco,2,34,36
2023-10-12,Michoacán de Ocampo,2,38,40
2023-10-12,Morelos,2,27,29
2023-10-12,México,1,48,49
2023-10-12,Nayarit,4,8,12
2023-10-12,Nuevo León,2,236,238
2023-10-12,Oaxaca,1,18,19
2023-10-12,Puebla,2,33,35
2023-10-12,Querétaro,1,27,28
2023-10-12,Quintana Roo,1,13,14
2023-10-12,San Luis Potosí,3,15,18
2023-10-12,Sinaloa,2,13,15
2023-10-12,Tabasco,1,8,9
2023-10-12,Tamaulipas,3,35,38
2023-10-12,Tlaxcala,2,5,7
2023-10-12,Veracruz de Ignacio de la Llave,3,27,30
2023-10-12,Yucatán,3,26,29
2023-10-13,Aguascalientes,3,12,15
2023-10-13,Campeche,1,7,8
2023-10-13,Chiapas,1,9,10
2023-10-13,Chihuahua,1,85,86
2023-10-13,Coahuila de Zaragoza,2,36,38
2023-10-13,Colima,2,17,19
2023-10-13,Durango,1,35,36
2023-10-13,Guerrero,4,34,38
2023-10-13,Hidalgo,2,19,21
2023-10-13,Jalisco,1,38,39
2023-10-13,Michoacán de Ocampo,3,46,49
2023-10-13,Morelos,1,28,29
2023-10-13,México,1,44,45
2023-10-13,Nayarit,2,6,8
2023-10-13,Nuevo León,3,262,265
2023-10-13,Oaxaca,1,19,20
2023-10-13,Puebla,2,55,57
2023-10-13,Querétaro,3,36,39
2023-10-13,Quintana Roo,2,14,16
2023-10-13,Tabasco,1,6,7
2023-10-13,Tlaxcala,3,3,6
2023-10-13,Veracruz de Ignacio de la Llave,4,24,28
2023-10-14,Aguascalientes,2,23,25
2023-10-14,Campeche,1,16,17
2023-10-14,Chiapas,3,17,20
2023-10-14,Chihuahua,1,81,82
2023-10-14,Colima,1,14,15
2023-10-14,Durango,3,39,42
2023-10-14,Guanajuato,2,58,60
2023-10-14,Guerrero,1,25,26
2023-10-14,Jalisco,2,38,40
2023-10-14,Michoacán de Ocampo,1,42,43
2023-10-14,México,1,59,60
2023-10-14,Nayarit,1,11,12
2023-10-14,Nuevo León,1,189,190
2023-10-14,Oaxaca,1,23,24
2023-10-14,Puebla,2,55,57
2023-10-14,Querétaro,3,32,35
2023-10-14,Quintana Roo,1,16,17
2023-10-14,San Luis Potosí,3,24,27
2023-10-14,Sinaloa,2,18,20
2023-10-14,Sonora,2,69,71
2023-10-14,Tabasco,2,12,14
2023-10-14,Tamaulipas,1,52,53
2023-10-14,Tlaxcala,1,5,6
2023-10-14,Veracruz de Ignacio de la Llave,2,22,24
2023-10-14,Yucatán,4,24,28
2023-10-14,Zacatecas,1,7,8
2023-10-15,Aguascalientes,1,15,16
2023-10-15,Baja California,7,30,37
2023-10-15,Baja California Sur,3,18,21
2023-10-15,Chiapas,1,13,14
2023-10-15,Chihuahua,3,91,94
2023-10-15,Coahuila de Zaragoza,3,37,40
2023-10-15,Colima,1,21,22
2023-10-15,Durango,2,22,24
2023-10-15,Guanajuato,2,52,54
2023-10-15,Guerrero,2,33,35
2023-10-15,Hidalgo,2,15,17
2023-10-15,Michoacán de Ocampo,1,39,40
2023-10-15,Morelos,2,30,32
2023-10-15,Nayarit,2,13,15
2023-10-15,Oaxaca,1,24,25
2023-10-15,Puebla,1,37,38
2023-10-15,Querétaro,1,24,25
2023-10-15,San Luis Potosí,2,24,26
2023-10-15,Sinaloa,1,28,29
2023-10-15,Sonora,1,99,100
2023-10-15,Tlaxcala,2,3,5
2023-10-15,Veracruz de Ignacio de la Llave,1,19,20
2023-10-15,Zacatecas,1,4,5
2023-10-16,Aguascalientes,2,6,8
2023-10-16,Baja California,2,30,32
2023-10-16,Baja California Sur,1,22,23
2023-10-16,Campeche,1,14,15
2023-10-16,Chiapas,1,11,12
2023-10-16,Chihuahua,4,59,63
2023-10-16,Coahuila de Zaragoza,3,29,32
2023-10-16,Colima,1,20,21
2023-10-16,Durango,2,42,44
2023-10-16,Guanajuato,3,51,54
2023-10-16,Guerrero,1,18,19
2023-10-16,Hidalgo,2,6,8
2023-10-16,Jalisco,3,36,39
2023-10-16,Michoacán de Ocampo,1,46,47
2023-10-16,Morelos,1,26,27
2023-10-16,México,2,46,48
2023-10-16,Nayarit,4,10,14
2023-10-16,Nuevo León,1,220,221
2023-10-16,Puebla,1,37,38
2023-10-16,Querétaro,2,20,22
2023-10-16,San Luis Potosí,1,15,16
2023-10-16,Sonora,2,100,102
2023-10-16,Tabasco,2,8,10
2023-10-16,Tamaulipas,1,39,40
2023-10-16,Tlaxcala,2,8,10
2023-10-16,Veracruz de Ignacio de la Llave,3,29,32
2023-10-16,Yucatán,4,27,31
2023-10-16,Zacatecas,1,6,7
2023-10-17,Baja California,1,26,27
2023-10-17,Baja California Sur,1,15,16
2023-10-17,Campeche,5,9,14
2023-10-17,Chiapas,1,3,4
2023-10-17,Chihuahua,2,66,68
2023-10-17,Coahuila de Zaragoza,2,26,28
2023-10-17,Colima,1,14,15
2023-10-17,Durango,1,32,33
2023-10-17,Guanajuato,2,38,40
2023-10-17,Guerrero,1,18,19
2023-10-17,Hidalgo,1,10,11
2023-10-17,Jalisco,1,30,31
2023-10-17,Michoacán de Ocampo,1,37,38
2023-10-17,Nayarit,1,7,8
2023-10-17,Nuevo León,1,280,281
2023-10-17,Oaxaca,1,19,20
2023-10-17,Puebla,1,25,26
2023-10-17,Querétaro,1,24,25
2023-10-17,Quintana Roo,1,25,26
2023-10-17,San Luis Potosí,4,14,18
2023-10-17,Sonora,2,67,69
2023-10-17,Tabasco,3,6,9
2023-10-17,Tamaulipas,1,39,40
2023-10-17,Tlaxcala,2,6,8
2023-10-17,Veracruz de Ignacio de la Llave,4,24,28
2023-10-17,Yucatán,1,20,21
2023-10-17,Zacatecas,2,8,10
2023-10-18,Baja California Sur,1,14,15
2023-10-18,Campeche,1,7,8
2023-10-18,Chiapas,2,7,9
2023-10-18,Chihuahua,1,65,66
2023-10-18,Durango,2,32,34
2023-10-18,Guerrero,1,20,21
2023-10-18,Hidalgo,3,11,14
2023-10-18,Jalisco,1,38,39
2023-10-18,Michoacán de Ocampo,1,39,40
2023-10-18,Morelos,1,20,21
2023-10-18,Nayarit,1,6,7
2023-10-18,Nuevo León,2,254,256
2023-10-18,Oaxaca,1,14,15
2023-10-18,Querétaro,4,17,21
2023-10-18,Quintana Roo,2,21,23
2023-10-18,Sinaloa,3,10,13
2023-10-18,Sonora,2,74,76
2023-10-18,Tabasco,1,2,3
2023-10-18,Veracruz de Ignacio de la Llave,1,35,36
2023-10-18,Yucatán,2,23,25
2023-10-18,Zacatecas,1,5,6
2023-10-19,Baja California Sur,1,18,19
2023-10-19,Chihuahua,1,99,100
2023-10-19,Colima,2,20,22
2023-10-19,Guanajuato,2,47,49
2023-10-19,Hidalgo,1,11,12
2023-10-19,Jalisco,2,29,31
2023-10-19,Michoacán de Ocampo,2,43,45
2023-10-19,Morelos,1,19,20
2023-10-19,México,3,57,60
2023-10-19,Nayarit,1,6,7
2023-10-19,Nuevo León,1,247,248
2023-10-19,Oaxaca,3,11,14
2023-10-19,Puebla,2,27,29
2023-10-19,Querétaro,1,22,23
2023-10-19,Quintana Roo,1,18,19
2023-10-19,San Luis Potosí,3,22,25
2023-10-19,Sinaloa,4,12,16
2023-10-19,Sonora,1,82,83
2023-10-19,Tabasco,1,7,8
2023-10-19,Tamaulipas,1,48,49
2023-10-19,Tlaxcala,3,4,7
2023-10-19,Yucatán,4,22,26
2023-10-20,Aguascalientes,1,13,14
2023-10-20,Baja California Sur,2,21,23
2023-10-20,Campeche,1,13,14
2023-10-20,Chiapas,1,10,11
2023-10-20,Chihuahua,1,82,83
2023-10-20,Colima,1,21,22
2023-10-20,Durango,1,31,32
2023-10-20,Guanajuato,2,50,52
2023-10-20,Guerrero,1,27,28
2023-10-20,Hidalgo,2,16,18
2023-10-20,Jalisco,1,47,48
2023-10-20,Morelos,4,20,24
2023-10-20,México,2,53,55
2023-10-20,Nayarit,1,7,8
2023-10-20,Nuevo León,3,260,263
2023-10-20,Oaxaca,1,14,15
2023-10-20,Puebla,2,34,36
2023-10-20,Querétaro,2,37,39
2023-10-20,Quintana Roo,1,21,22
2023-10-20,San Luis Potosí,3,18,21
2023-10-20,Sinaloa,4,10,14
2023-10-20,Tabasco,4,3,7
2023-10-20,Tamaulipas,1,37,38
2023-10-20,Tlaxcala,3,10,13
2023-10-20,Zacatecas,1,8,9
2023-10-21,Aguascalientes,1,20,21
2023-10-21,Baja California Sur,1,1,2
2023-10-21,Chiapas,1,15,16
2023-10-21,Chihuahua,1,66,67
2023-10-21,Coahuila de Zaragoza,2,27,29
2023-10-21,Colima,5,20,25
2023-10-21,Guanajuato,3,66,69
2023-10-21,Guerrero,2,12,14
2023-10-21,Hidalgo,1,5,6
2023-10-21,Jalisco,1,35,36
2023-10-21,Michoacán de Ocampo,1,44,45
2023-10-21,Morelos,1,32,33
2023-10-21,México,1,66,67
2023-10-21,Nayarit,1,11,12
2023-10-21,Oaxaca,1,13,14
2023-10-21,Puebla,1,50,51
2023-10-21,Querétaro,1,42,43
2023-10-21,Quintana Roo,1,21,22
2023-10-21,San Luis Potosí,3,23,26
2023-10-21,Sinaloa,1,13,14
2023-10-21,Sonora,3,79,82
2023-10-21,Tabasco,1,4,5
2023-10-21,Tamaulipas,3,48,51
2023-10-21,Tlaxcala,5,9,14
2023-10-21,Veracruz de Ignacio de la Llave,3,30,33
2023-10-21,Yucatán,1,34,35
2023-10-21,Zacatecas,1,8,9
2023-10-22,Aguascalientes,2,20,22
2023-10-22,Baja California Sur,1,10,11
2023-10-22,Campeche,2,16,18
2023-10-22,Chihuahua,1,80,81
2023-10-22,Coahuila de Zaragoza,2,38,40
2023-10-22,Colima,3,24,27
2023-10-22,Durango,4,26,30
2023-10-22,Guerrero,1,22,23
2023-10-22,Hidalgo,4,9,13
2023-10-22,Jalisco,2,37,39
2023-10-22,Michoacán de Ocampo,2,48,50
2023-10-22,Morelos,1,17,18
2023-10-22,Nayarit,1,7,8
2023-10-22,Nuevo León,1,155,156
2023-10-22,Oaxaca,2,10,12
2023-10-22,Puebla,1,34,35
2023-10-22,Querétaro,1,26,27
2023-10-22,Quintana Roo,1,14,15
2023-10-22,San Luis Potosí,3,23,26
2023-10-22,Sonora,1,75,76
2023-10-22,Tabasco,3,8,11
2023-10-22,Tamaulipas,1,46,47
2023-10-22,Tlaxcala,1,5,6
2023-10-22,Veracruz de Ignacio de la Llave,4,27,31
2023-10-22,Yucatán,2,36,38
2023-10-22,Zacatecas,2,3,5
2023-10-23,Aguascalientes,3,9,12
2023-10-23,Baja California,2,43,45
2023-10-23,Baja California Sur,1,15,16
2023-10-23,Campeche,2,10,12
2023-10-23,Chiapas,1,11,12
2023-10-23,Chihuahua,1,71,72
2023-10-23,Guanajuato,3,55,58
2023-10-23,Guerrero,2,13,15
2023-10-23,Hidalgo,1,12,13
2023-10-23,Michoacán de Ocampo,2,36,38
2023-10-23,Morelos,3,19,22
2023-10-23,Nayarit,3,9,12
2023-10-23,Nuevo León,1,207,208
2023-10-23,Oaxaca,1,17,18
2023-10-23,Puebla,2,40,42
2023-10-23,Querétaro,2,8,10
2023-10-23,Quintana Roo,2,16,18
2023-10-23,San Luis Potosí,1,12,13
2023-10-23,Tamaulipas,1,37,38
2023-10-23,Veracruz de Ignacio de la Llave,3,26,29
2023-10-23,Yucatán,3,25,28
2023-10-23,Zacatecas,3,6,9
2023-10-24,Aguascalientes,1,8,9
2023-10-24,Campeche,2,15,17
2023-10-24,Chiapas,1,10,11
2023-10-24,Chihuahua,4,64,68
2023-10-24,Coahuila de Zaragoza,2,32,34
2023-10-24,Colima,2,15,17
2023-10-24,Durango,2,38,40
2023-10-24,Guanajuato,1,51,52
2023-10-24,Guerrero,3,16,19
2023-10-24,Hidalgo,3,9,12
2023-10-24,Jalisco,2,43,45
2023-10-24,Michoacán de Ocampo,1,37,38
2023-10-24,Morelos,3,21,24
2023-10-24,México,3,47,50
2023-10-24,Nayarit,3,6,9
2023-10-24,Nuevo León,1,196,197
2023-10-24,Oaxaca,3,12,15
2023-10-24,Puebla,2,42,44
2023-10-24,Querétaro,1,23,24
2023-10-24,Quintana Roo,2,15,17
2023-10-24,San Luis Potosí,1,20,21
2023-10-24,Sinaloa,2,13,15
2023-10-24,Sonora,4,75,79
2023-10-24,Tabasco,2,5,7
2023-10-24,Tlaxcala,3,6,9
2023-10-24,Veracruz de Ignacio de la Llave,2,35,37
2023-10-24,Yucatán,3,18,21
2023-10-24,Zacatecas,1,8,9
2023-10-25,Aguascalientes,1,12,13
2023-10-25,Campeche,2,6,8
2023-10-25,Chiapas,3,6,9
2023-10-25,Colima,1,12,13
2023-10-25,Guanajuato,2,33,35
2023-10-25,Hidalgo,2,12,14
2023-10-25,Jalisco,2,31,33
2023-10-25,Michoacán de Ocampo,2,43,45
2023-10-25,Morelos,2,27,29
2023-10-25,México,3,65,68
2023-10-25,Nuevo León,1,198,199
2023-10-25,Oaxaca,3,16,19
2023-10-25,Puebla,3,29,32
2023-10-25,Querétaro,2,25,27
2023-10-25,Quintana Roo,1,15,16
2023-10-25,San Luis Potosí,2,14,16
2023-10-25,Sinaloa,3,11,14
2023-10-25,Sonora,1,72,73
2023-10-25,Tabasco,1,3,4
2023-10-25,Tamaulipas,2,25,27
2023-10-25,Tlaxcala,3,5,8
2023-10-25,Veracruz de Ignacio de la Llave,5,25,30
2023-10-25,Yucatán,1,19,20
2023-10-25,Zacatecas,1,6,7
2023-10-26,Aguascalientes,4,4,8
2023-10-26,Campeche,1,8,9
2023-10-26,Chiapas,1,11,12
2023-10-26,Chihuahua,1,83,84
2023-10-26,Guerrero,2,8,10
2023-10-26,Hidalgo,2,16,18
2023-10-26,Jalisco,1,33,34
2023-10-26,Morelos,3,22,25
2023-10-26,México,4,54,58
2023-10-26,Nayarit,1,9,10
2023-10-26,Nuevo León,3,215,218
2023-10-26,Oaxaca,1,14,15
2023-10-26,Puebla,1,31,32
2023-10-26,Querétaro,2,21,23
2023-10-26,Sinaloa,1,14,15
2023-10-26,Tabasco,1,5,6
2023-10-26,Tamaulipas,1,30,31
2023-10-26,Tlaxcala,2,5,7
2023-10-26,Zacatecas,1,7,8
2023-10-27,Aguascalientes,2,10,12
2023-10-27,Baja California,2,35,37
2023-10-27,Baja California Sur,2,8,10
2023-10-27,Campeche,5,13,18
2023-10-27,Chiapas,1,8,9
2023-10-27,Coahuila de Zaragoza,2,27,29
2023-10-27,Colima,1,13,14
2023-10-27,Durango,2,34,36
2023-10-27,Guanajuato,2,37,39
2023-10-27,Guerrero,1,13,14
2023-10-27,Hidalgo,3,9,12
2023-10-27,Jalisco,2,34,36
2023-10-27,Michoacán de Ocampo,1,40,41
2023-10-27,Morelos,2,23,25
2023-10-27,México,1,68,69
2023-10-27,Nayarit,2,13,15
2023-10-27,Nuevo León,4,260,264
2023-10-27,Oaxaca,1,16,17
2023-10-27,Querétaro,2,21,23
2023-10-27,Quintana Roo,1,15,16
2023-10-27,San Luis Potosí,3,18,21
2023-10-27,Sinaloa,1,16,17
2023-10-27,Sonora,5,99,104
2023-10-27,Tlaxcala,1,8,9
2023-10-27,Veracruz de Ignacio de la Llave,1,28,29
2023-10-27,Yucatán,2,22,24
2023-10-27,Zacatecas,1,8,9
2023-10-28,Aguascalientes,1,20,21
2023-10-28,Baja California,2,43,45
2023-10-28,Campeche,2,13,15
2023-10-28,Chiapas,3,113,116
2023-10-28,Colima,4,20,24
2023-10-28,Durango,1,23,24
2023-10-28,Guanajuato,1,60,61
2023-10-28,Guerrero,1,49,50
2023-10-28,Hidalgo,1,81,82
2023-10-28,Jalisco,2,103,105
2023-10-28,Morelos,2,24,26
2023-10-28,Nayarit,3,9,12
2023-10-28,Oaxaca,1,523,524
2023-10-28,Quintana Roo,2,27,29
2023-10-28,Sinaloa,2,21,23
2023-10-28,Tabasco,1,12,13
2023-10-28,Tamaulipas,2,62,64
2023-10-28,Tlaxcala,3,49,52
2023-10-28,Veracruz de Ignacio de la Llave,1,165,166
2023-10-28,Yucatán,2,30,32
2023-10-29,Baja California,1,36,37
2023-10-29,Baja California Sur,4,11,15
2023-10-29,Chiapas,2,8,10
2023-10-29,Chihuahua,1,98,99
2023-10-29,Coahuila de Zaragoza,1,26,27
2023-10-29,Colima,1,17,18
2023-10-29,Durango,3,29,32
2023-10-29,Guanajuato,2,56,58
2023-10-29,Hidalgo,1,8,9
2023-10-29,Jalisco,3,40,43
2023-10-29,Morelos,1,16,17
2023-10-29,Querétaro,1,33,34
2023-10-29,San Luis Potosí,2,28,30
2023-10-29,Sinaloa,1,25,26
2023-10-29,Sonora,1,82,83
2023-10-29,Veracruz de Ignacio de la Llave,3,19,22
2023-10-29,Yucatán,3,34,37
2023-10-30,Aguascalientes,3,11,14
2023-10-30,Baja California,3,40,43
2023-10-30,Baja California Sur,1,21,22
2023-10-30,Chiapas,3,10,13
2023-10-30,Chihuahua,2,54,56
2023-10-30,Coahuila de Zaragoza,1,24,25
2023-10-30,Guanajuato,3,36,39
2023-10-30,Guerrero,2,15,17
2023-10-30,Hidalgo,2,21,23
2023-10-30,Jalisco,1,37,38
2023-10-30,Morelos,1,27,28
2023-10-30,México,3,53,56
2023-10-30,Nayarit,2,7,9
2023-10-30,Nuevo León,1,240,241
2023-10-30,Oaxaca,1,15,16
2023-10-30,Querétaro,2,22,24
2023-10-30,Quintana Roo,2,23,25
2023-10-30,San Luis Potosí,1,16,17
2023-10-30,Sinaloa,4,16,20
2023-10-30,Tabasco,2,3,5
2023-10-30,Tamaulipas,1,28,29
2023-10-30,Tlaxcala,1,8,9
2023-10-30,Veracruz de Ignacio de la Llave,3,38,41
2023-10-30,Zacatecas,1,6,7
2023-10-31,Aguascalientes,3,9,12
2023-10-31,Baja California,1,41,42
2023-10-31,Campeche,1,11,12
2023-10-31,Chiapas,1,7,8
2023-10-31,Chihuahua,2,65,67
2023-10-31,Coahuila de Zaragoza,2,19,21
2023-10-31,Colima,1,13,14
2023-10-31,Durango,3,34,37
2023-10-31,Guanajuato,3,38,41
2023-10-31,Guerrero,1,10,11
2023-10-31,Jalisco,1,40,41
2023-10-31,Michoacán de Ocampo,1,41,42
2023-10-31,Morelos,1,58,59
2023-10-31,México,2,41,43
2023-10-31,Nayarit,1,7,8
2023-10-31,Oaxaca,2,17,19
2023-10-31,Querétaro,1,27,28
2023-10-31,Quintana Roo,1,14,15
2023-10-31,San Luis Potosí,1,23,24
2023-10-31,Sinaloa,1,17,18
2023-10-31,Sonora,2,78,80
2023-10-31,Tabasco,1,10,11
2023-10-31,Tamaulipas,1,40,41
2023-10-31,Veracruz de Ignacio de la Llave,2,21,23
2023-10-31,Yucatán,3,14,17
2023-11-01,Baja California,1,24,25
2023-11-01,Chiapas,1,11,12
2023-11-01,Chihuahua,2,66,68
2023-11-01,Coahuila de Zaragoza,2,27,29
2023-11-01,Colima,1,13,14
2023-11-01,Durango,1,24,25
2023-11-01,Hidalgo,6,16,22
2023-11-01,Jalisco,1,46,47
2023-11-01,Michoacán de Ocampo,2,44,46
2023-11-01,Morelos,1,28,29
2023-11-01,México,2,60,62
2023-11-01,Nuevo León,4,266,270
2023-11-01,Querétaro,2,23,25
2023-11-01,Quintana Roo,1,24,25
2023-11-01,San Luis Potosí,1,23,24
2023-11-01,Sinaloa,1,23,24
2023-11-01,Sonora,1,92,93
2023-11-01,Tabasco,2,5,7
2023-11-01,Tamaulipas,1,38,39
2023-11-01,Tlaxcala,1,8,9
2023-11-01,Veracruz de Ignacio de la Llave,1,27,28
2023-11-01,Yucatán,4,18,22
2023-11-02,Aguascalientes,1,6,7
2023-11-02,Baja California,2,24,26
2023-11-02,Chiapas,2,10,12
2023-11-02,Coahuila de Zaragoza,2,33,35
2023-11-02,Colima,2,10,12
2023-11-02,Guanajuato,2,45,47
2023-11-02,Guerrero,2,9,11
2023-11-02,Hidalgo,3,12,15
2023-11-02,Jalisco,5,35,40
2023-11-02,México,2,48,50
2023-11-02,Nuevo León,1,199,200
2023-11-02,Oaxaca,6,9,15
2023-11-02,Querétaro,5,24,29
2023-11-02,Quintana Roo,1,17,18
2023-11-02,San Luis Potosí,1,19,20
2023-11-02,Sinaloa,3,8,11
2023-11-02,Tabasco,1,3,4
2023-11-02,Tlaxcala,3,3,6
2023-11-02,Veracruz de Ignacio de la Llave,4,20,24
2023-11-02,Yucatán,2,23,25
2023-11-02,Zacatecas,2,2,4
2023-11-03,Aguascalientes,2,11,13
2023-11-03,Campeche,3,14,17
2023-11-03,Chiapas,1,9,10
2023-11-03,Coahuila de Zaragoza,1,29,30
2023-11-03,Colima,1,17,18
2023-11-03,Durango,1,33,34
2023-11-03,Guanajuato,1,52,53
2023-11-03,Guerrero,3,8,11
2023-11-03,Hidalgo,4,11,15
2023-11-03,Michoacán de Ocampo,3,40,43
2023-11-03,Morelos,1,15,16
2023-11-03,Nuevo León,2,232,234
2023-11-03,Oaxaca,3,11,14
2023-11-03,Querétaro,3,17,20
2023-11-03,Quintana Roo,1,13,14
2023-11-03,San Luis Potosí,1,22,23
2023-11-03,Sinaloa,2,25,27
2023-11-03,Sonora,2,100,102
2023-11-03,Tlaxcala,3,2,5
2023-11-03,Veracruz de Ignacio de la Llave,1,26,27
2023-11-03,Yucatán,4,20,24
2023-11-03,Zacatecas,3,7,10
2023-11-04,Aguascalientes,2,8,10
2023-11-04,Baja California,2,39,41
2023-11-04,Campeche,1,9,10
2023-11-04,Chiapas,4,7,11
2023-11-04,Chihuahua,1,74,75
2023-11-04,Coahuila de Zaragoza,1,33,34
2023-11-04,Colima,2,16,18
2023-11-04,Durango,2,42,44
2023-11-04,Guanajuato,3,72,75
2023-11-04,Guerrero,3,12,15
2023-11-04,Hidalgo,1,15,16
2023-11-04,Jalisco,1,45,46
2023-11-04,Morelos,1,19,20
2023-11-04,México,4,66,70
2023-11-04,Nuevo León,2,203,205
2023-11-04,Oaxaca,2,14,16
2023-11-04,Puebla,2,44,46
2023-11-04,Querétaro,3,37,40
2023-11-04,Quintana Roo,5,19,24
2023-11-04,Sinaloa,2,19,21
2023-11-04,Tabasco,1,8,9
2023-11-04,Tamaulipas,2,44,46
2023-11-04,Veracruz de Ignacio de la Llave,2,20,22
2023-11-04,Yucatán,3,25,28
2023-11-05,Aguascalientes,2,28,30
2023-11-05,Baja California,1,34,35
2023-11-05,Baja California Sur,1,18,19
2023-11-05,Campeche,1,10,11
2023-11-05,Chiapas,1,9,10
2023-11-05,Chihuahua,2,77,79
2023-11-05,Coahuila de Zaragoza,2,33,35
2023-11-05,Colima,4,11,15
2023-11-05,Durango,2,32,34
2023-11-05,Guanajuato,1,52,53
2023-11-05,Hidalgo,2,11,13
2023-11-05,Jalisco,1,35,36
2023-11-05,Michoacán de Ocampo,2,44,46
2023-11-05,México,1,55,56
2023-11-05,Nayarit,1,12,13
2023-11-05,Oaxaca,2,14,16
2023-11-05,Querétaro,1,15,16
2023-11-05,San Luis Potosí,2,19,21
2023-11-05,Sinaloa,1,25,26
2023-11-05,Tamaulipas,1,31,32
2023-11-05,Tlaxcala,1,6,7
2023-11-05,Veracruz de Ignacio de la Llave,3,29,32
2023-11-05,Yucatán,2,20,22
2023-11-06,Aguascalientes,3,13,16
2023-11-06,Baja California,1,45,46
2023-11-06,Baja California Sur,1,9,10
2023-11-06,Campeche,2,15,17
2023-11-06,Chiapas,5,13,18
2023-11-06,Chihuahua,1,89,90
2023-11-06,Coahuila de Zaragoza,2,24,26
2023-11-06,Guanajuato,1,58,59
2023-11-06,Guerrero,2,9,11
2023-11-06,Hidalgo,3,16,19
2023-11-06,Jalisco,4,51,55
2023-11-06,Morelos,2,29,31
2023-11-06,México,1,51,52
2023-11-06,Nayarit,2,8,10
2023-11-06,Nuevo León,1,261,262
2023-11-06,Oaxaca,2,11,13
2023-11-06,Quintana Roo,1,11,12
2023-11-06,Sinaloa,1,10,11
2023-11-06,Sonora,2,82,84
2023-11-06,Tamaulipas,2,31,33
2023-11-06,Tlaxcala,4,3,7
2023-11-06,Veracruz de Ignacio de la Llave,1,23,24
2023-11-06,Yucatán,1,18,19
2023-11-07,Aguascalientes,2,7,9
2023-11-07,Baja California Sur,1,15,16
2023-11-07,Chiapas,1,9,10
2023-11-07,Chihuahua,2,70,72
2023-11-07,Coahuila de Zaragoza,1,31,32
2023-11-07,Colima,6,19,25
2023-11-07,Durango,1,32,33
2023-11-07,Guanajuato,3,52,55
2023-11-07,Guerrero,1,13,14
2023-11-07,Hidalgo,2,8,10
2023-11-07,Michoacán de Ocampo,1,43,44
2023-11-07,Morelos,2,19,21
2023-11-07,México,1,40,41
2023-11-07,Nayarit,1,7,8
2023-11-07,Nuevo León,2,257,259
2023-11-07,Oaxaca,1,13,14
2023-11-07,Querétaro,4,21,25
2023-11-07,San Luis Potosí,2,25,27
2023-11-07,Sinaloa,5,18,23
2023-11-07,Sonora,4,74,78
2023-11-07,Tamaulipas,1,19,20
2023-11-07,Tlaxcala,3,5,8
2023-11-07,Veracruz de Ignacio de la Llave,1,31,32
2023-11-07,Yucatán,1,18,19
2023-11-07,Zacatecas,1,5,6
2023-11-08,Aguascalientes,1,8,9
2023-11-08,Baja California,1,27,28
2023-11-08,Campeche,1,18,19
2023-11-08,Chiapas,3,8,11
2023-11-08,Coahuila de Zaragoza,2,26,28
2023-11-08,Guanajuato,2,55,57
2023-11-08,Guerrero,1,12,13
2023-11-08,Hidalgo,1,11,12
2023-11-08,Jalisco,1,50,51
2023-11-08,Michoacán de Ocampo,1,37,38
2023-11-08,Morelos,1,30,31
2023-11-08,Nayarit,4,8,12
2023-11-08,Nuevo León,2,237,239
2023-11-08,Querétaro,1,19,20
2023-11-08,Quintana Roo,3,19,22
2023-11-08,Sinaloa,2,18,20
2023-11-08,Sonora,3,70,73
2023-11-08,Tabasco,1,9,10
2023-11-08,Tamaulipas,1,24,25
2023-11-08,Tlaxcala,1,4,5
2023-11-08,Yucatán,2,19,21
2023-11-08,Zacatecas,1,3,4
2023-11-09,Baja California,5,31,36
2023-11-09,Campeche,3,14,17
2023-11-09,Chiapas,1,7,8
2023-11-09,Chihuahua,1,73,74
2023-11-09,Colima,2,14,16
2023-11-09,Durango,2,25,27
2023-11-09,Guanajuato,1,40,41
2023-11-09,Guerrero,1,13,14
2023-11-09,Jalisco,3,36,39
2023-11-09,Morelos,3,21,24
2023-11-09,México,3,50,53
2023-11-09,Nayarit,2,11,13
2023-11-09,Nuevo León,3,242,245
2023-11-09,Puebla,1,42,43
2023-11-09,Querétaro,2,27,29
2023-11-09,Quintana Roo,1,17,18
2023-11-09,San Luis Potosí,2,17,19
2023-11-09,Sonora,1,73,74
2023-11-09,Tabasco,2,8,10
2023-11-09,Tamaulipas,2,39,41
2023-11-09,Tlaxcala,1,3,4
2023-11-09,Veracruz de Ignacio de la Llave,2,24,26
2023-11-09,Yucatán,3,20,23
2023-11-09,Zacatecas,2,2,4
2023-11-10,Baja California Sur,1,23,24
2023-11-10,Campeche,2,19,21
2023-11-10,Chiapas,1,12,13
2023-11-10,Chihuahua,1,90,91
2023-11-10,Colima,3,19,22
2023-11-10,Durango,2,28,30
2023-11-10,Guanajuato,1,58,59
2023-11-10,Guerrero,3,10,13
2023-11-10,Michoacán de Ocampo,3,35,38
2023-11-10,Morelos,1,25,26
2023-11-10,México,1,73,74
2023-11-10,Nayarit,4,5,9
2023-11-10,Oaxaca,1,14,15
2023-11-10,Puebla,2,34,36
2023-11-10,Querétaro,1,29,30
2023-11-10,Quintana Roo,1,19,20
2023-11-10,San Luis Potosí,1,13,14
2023-11-10,Sinaloa,3,12,15
2023-11-10,Sonora,2,83,85
2023-11-10,Tabasco,3,7,10
2023-11-10,Tlaxcala,3,6,9
2023-11-10,Veracruz de Ignacio de la Llave,1,23,24
2023-11-10,Zacatecas,2,9,11
2023-11-11,Aguascalientes,2,25,27
2023-11-11,Baja California,3,28,31
2023-11-11,Chiapas,3,5,8
2023-11-11,Chihuahua,3,82,85
2023-11-11,Colima,4,20,24
2023-11-11,Durango,2,34,36
2023-11-11,Guerrero,2,19,21
2023-11-11,Hidalgo,2,13,15
2023-11-11,Michoacán de Ocampo,3,66,69
2023-11-11,Morelos,1,25,26
2023-11-11,Nayarit,1,12,13
2023-11-11,Oaxaca,5,12,17
2023-11-11,Puebla,1,41,42
2023-11-11,Querétaro,3,32,35
2023-11-11,San Luis Potosí,2,18,20
2023-11-11,Sinaloa,2,15,17
2023-11-11,Sonora,1,77,78
2023-11-11,Tabasco,2,9,11
2023-11-11,Tamaulipas,1,27,28
2023-11-11,Tlaxcala,3,4,7
2023-11-11,Veracruz de Ignacio de la Llave,1,21,22
2023-11-11,Yucatán,2,37,39
2023-11-11,Zacatecas,1,3,4
2023-11-12,Aguascalientes,4,26,30
2023-11-12,Baja California,1,30,31
2023-11-12,Baja California Sur,1,15,16
2023-11-12,Campeche,1,13,14
2023-11-12,Chiapas,4,6,10
2023-11-12,Chihuahua,1,89,90
2023-11-12,Coahuila de Zaragoza,3,20,23
2023-11-12,Durango,2,21,23
2023-11-12,Guanajuato,1,51,52
2023-11-12,Guerrero,2,11,13
2023-11-12,Jalisco,1,51,52
2023-11-12,Michoacán de Ocampo,2,31,33
2023-11-12,Morelos,2,19,21
2023-11-12,México,1,55,56
2023-11-12,Nuevo León,1,130,131
2023-11-12,Oaxaca,3,12,15
2023-11-12,Puebla,4,46,50
2023-11-12,Querétaro,3,27,30
2023-11-12,San Luis Potosí,2,20,22
2023-11-12,Sinaloa,1,23,24
2023-11-12,Sonora,1,64,65
2023-11-12,Tabasco,3,4,7
2023-11-12,Tamaulipas,1,27,28
2023-11-12,Yucatán,1,31,32
2023-11-12,Zacatecas,3,1,4
2023-11-13,Aguascalientes,2,14,16
2023-11-13,Baja California,3,29,32
2023-11-13,Baja California Sur,2,17,19
2023-11-13,Campeche,1,11,12
2023-11-13,Chihuahua,2,79,81
2023-11-13,Colima,1,26,27
2023-11-13,Durango,2,30,32
2023-11-13,Guanajuato,1,37,38
2023-11-13,Hidalgo,1,20,21
2023-11-13,Jalisco,1,48,49
2023-11-13,Morelos,1,21,22
2023-11-13,México,1,40,41
2023-11-13,Nayarit,2,10,12
2023-11-13,Nuevo León,2,241,243
2023-11-13,Oaxaca,1,15,16
2023-11-13,Puebla,1,38,39
2023-11-13,Querétaro,2,25,27
2023-11-13,Quintana Roo,1,17,18
2023-11-13,Sinaloa,4,18,22
2023-11-13,Sonora,1,89,90
2023-11-13,Tabasco,3,7,10
2023-11-13,Tamaulipas,3,41,44
2023-11-13,Tlaxcala,2,4,6
2023-11-13,Yucatán,3,22,25
2023-11-13,Zacatecas,3,4,7
2023-11-14,Aguascalientes,2,14,16
2023-11-14,Baja California,4,36,40
2023-11-14,Campeche,1,16,17
2023-11-14,Chiapas,1,13,14
2023-11-14,Chihuahua,3,67,70
2023-11-14,Coahuila de Zaragoza,2,22,24
2023-11-14,Colima,5,19,24
2023-11-14,Durango,3,32,35
2023-11-14,Guanajuato,1,42,43
2023-11-14,Hidalgo,1,17,18
2023-11-14,Jalisco,1,24,25
2023-11-14,Michoacán de Ocampo,2,37,39
2023-11-14,Morelos,1,24,25
2023-11-14,México,1,56,57
2023-11-14,Nuevo León,1,205,206
2023-11-14,Oaxaca,1,10,11
2023-11-14,Puebla,1,40,41
2023-11-14,Quintana Roo,2,16,18
2023-11-14,Sinaloa,2,14,16
2023-11-14,Sonora,2,65,67
2023-11-14,Tabasco,1,4,5
2023-11-14,Tlaxcala,1,5,6
2023-11-14,Veracruz de Ignacio de la Llave,2,22,24
2023-11-14,Yucatán,1,18,19
2023-11-15,Baja California,1,32,33
2023-11-15,Baja California Sur,3,23,26
2023-11-15,Campeche,1,14,15
2023-11-15,Chihuahua,1,77,78
2023-11-15,Coahuila de Zaragoza,1,21,22
2023-11-15,Durango,1,28,29
2023-11-15,Guanajuato,2,43,45
2023-11-15,Hidalgo,4,15,19
2023-11-15,Morelos,3,22,25
2023-11-15,México,3,52,55
2023-11-15,Nayarit,2,5,7
2023-11-15,Nuevo León,2,224,226
2023-11-15,Oaxaca,1,16,17
2023-11-15,Puebla,1,39,40
2023-11-15,Quintana Roo,3,19,22
2023-11-15,Sinaloa,1,11,12
2023-11-15,Sonora,1,62,63
2023-11-15,Tabasco,1,3,4
2023-11-15,Tamaulipas,2,35,37
2023-11-15,Tlaxcala,3,4,7
2023-11-15,Veracruz de Ignacio de la Llave,2,29,31
2023-11-15,Yucatán,1,23,24
2023-11-16,Baja California,1,32,33
2023-11-16,Baja California Sur,4,15,19
2023-11-16,Chiapas,2,11,13
2023-11-16,Chihuahua,2,69,71
2023-11-16,Colima,1,17,18
2023-11-16,Durango,2,28,30
2023-11-16,Guanajuato,2,55,57
2023-11-16,Hidalgo,4,26,30
2023-11-16,Michoacán de Ocampo,2,45,47
2023-11-16,Morelos,4,20,24
2023-11-16,México,2,56,58
2023-11-16,Nayarit,1,4,5
2023-11-16,Nuevo León,2,239,241
2023-11-16,Oaxaca,4,13,17
2023-11-16,Puebla,1,41,42
2023-11-16,Querétaro,1,21,22
2023-11-16,San Luis Potosí,1,17,18
2023-11-16,Sonora,3,76,79
2023-11-16,Tabasco,1,5,6
2023-11-16,Tamaulipas,2,32,34
2023-11-16,Tlaxcala,3,4,7
2023-11-16,Zacatecas,1,4,5
2023-11-17,Baja California,2,30,32
2023-11-17,Campeche,1,12,13
2023-11-17,Chiapas,1,12,13
2023-11-17,Chihuahua,2,81,83
2023-11-17,Coahuila de Zaragoza,1,41,42
2023-11-17,Durango,1,33,34
2023-11-17,Guerrero,2,14,16
2023-11-17,Hidalgo,2,20,22
2023-11-17,Jalisco,2,52,54
2023-11-17,Michoacán de Ocampo,4,45,49
2023-11-17,México,2,60,62
2023-11-17,Nuevo León,1,268,269
2023-11-17,Oaxaca,4,18,22
2023-11-17,Puebla,1,41,42
2023-11-17,Querétaro,1,37,38
2023-11-17,Quintana Roo,1,24,25
2023-11-17,San Luis Potosí,3,19,22
2023-11-17,Sinaloa,3,12,15
2023-11-17,Tamaulipas,2,37,39
2023-11-17,Tlaxcala,2,5,7
2023-11-17,Yucatán,4,23,27
2023-11-18,Aguascalientes,1,17,18
2023-11-18,Baja California,1,33,34
2023-11-18,Baja California Sur,2,16,18
2023-11-18,Campeche,1,15,16
2023-11-18,Chihuahua,2,88,90
2023-11-18,Coahuila de Zaragoza,1,38,39
2023-11-18,Colima,1,21,22
2023-11-18,Durango,1,46,47
2023-11-18,Guanajuato,2,63,65
2023-11-18,Guerrero,2,22,24
2023-11-18,Hidalgo,1,20,21
2023-11-18,Jalisco,1,48,49
2023-11-18,Michoacán de Ocampo,1,62,63
2023-11-18,México,1,69,70
2023-11-18,Nayarit,1,14,15
2023-11-18,Nuevo León,1,223,224
2023-11-18,Puebla,1,37,38
2023-11-18,Querétaro,3,26,29
2023-11-18,Quintana Roo,1,19,20
2023-11-18,San Luis Potosí,2,17,19
2023-11-18,Sinaloa,2,16,18
2023-11-18,Tlaxcala,1,5,6
2023-11-18,Yucatán,1,25,26
2023-11-18,Zacatecas,1,10,11
2023-11-19,Aguascalientes,2,20,22
2023-11-19,Baja California,1,29,30
2023-11-19,Baja California Sur,2,22,24
2023-11-19,Campeche,1,5,6
2023-11-19,Chiapas,3,8,11
2023-11-19,Chihuahua,3,82,85
2023-11-19,Coahuila de Zaragoza,1,28,29
2023-11-19,Colima,5,21,26
2023-11-19,Durango,1,31,32
2023-11-19,Guanajuato,3,66,69
2023-11-19,Guerrero,2,17,19
2023-11-19,Hidalgo,4,16,20
2023-11-19,Morelos,2,24,26
2023-11-19,México,1,45,46
2023-11-19,Nayarit,1,14,15
2023-11-19,Nuevo León,1,140,141
2023-11-19,Oaxaca,2,14,16
2023-11-19,Querétaro,3,36,39
2023-11-19,San Luis Potosí,3,23,26
2023-11-19,Sinaloa,1,24,25
2023-11-19,Sonora,2,81,83
2023-11-19,Tabasco,3,8,11
2023-11-19,Tamaulipas,3,45,48
2023-11-19,Tlaxcala,5,8,13
2023-11-19,Veracruz de Ignacio de la Llave,1,32,33
2023-11-19,Yucatán,1,32,33
2023-11-19,Zacatecas,2,7,9
2023-11-20,Aguascalientes,3,11,14
2023-11-20,Baja California Sur,3,13,16
2023-11-20,Campeche,1,5,6
2023-11-20,Colima,1,19,20
2023-11-20,Durango,3,33,36
2023-11-20,Guanajuato,2,48,50
2023-11-20,Jalisco,2,30,32
2023-11-20,Michoacán de Ocampo,2,40,42
2023-11-20,Morelos,2,24,26
2023-11-20,México,1,46,47
2023-11-20,Nayarit,2,8,10
2023-11-20,Oaxaca,1,12,13
2023-11-20,Puebla,1,43,44
2023-11-20,Querétaro,2,22,24
2023-11-20,Quintana Roo,1,16,17
2023-11-20,San Luis Potosí,2,11,13
2023-11-20,Sinaloa,1,15,16
2023-11-20,Sonora,2,58,60
2023-11-20,Tabasco,2,6,8
2023-11-20,Tamaulipas,1,26,27
2023-11-20,Veracruz de Ignacio de la Llave,1,23,24
2023-11-20,Yucatán,3,27,30
2023-11-20,Zacatecas,3,5,8
2023-11-21,Baja California,3,28,31
2023-11-21,Baja California Sur,2,15,17
2023-11-21,Campeche,8,10,18
2023-11-21,Chiapas,2,7,9
2023-11-21,Chihuahua,2,81,83
2023-11-21,Coahuila de Zaragoza,1,26,27
2023-11-21,Colima,2,13,15
2023-11-21,Durango,2,34,36
2023-11-21,Guanajuato,2,54,56
2023-11-21,Hidalgo,4,19,23
2023-11-21,Jalisco,3,40,43
2023-11-21,Michoacán de Ocampo,1,38,39
2023-11-21,México,5,47,52
2023-11-21,Nayarit,3,7,10
2023-11-21,Oaxaca,1,10,11
2023-11-21,Puebla,1,39,40
2023-11-21,Querétaro,1,20,21
2023-11-21,Quintana Roo,1,23,24
2023-11-21,San Luis Potosí,2,24,26
2023-11-21,Sinaloa,2,16,18
2023-11-21,Sonora,3,88,91
2023-11-21,Tabasco,2,5,7
2023-11-21,Tamaulipas,3,34,37
2023-11-21,Zacatecas,1,8,9
2023-11-22,Aguascalientes,6,5,11
2023-11-22,Baja California Sur,3,12,15
2023-11-22,Campeche,2,15,17
2023-11-22,Chiapas,3,9,12
2023-11-22,Chihuahua,3,77,80
2023-11-22,Coahuila de Zaragoza,4,24,28
2023-11-22,Colima,2,9,11
2023-11-22,Durango,4,30,34
2023-11-22,Guerrero,1,30,31
2023-11-22,Hidalgo,1,18,19
2023-11-22,Jalisco,1,36,37
2023-11-22,Michoacán de Ocampo,2,38,40
2023-11-22,Nuevo León,2,210,212
2023-11-22,Puebla,1,43,44
2023-11-22,Querétaro,3,28,31
2023-11-22,Quintana Roo,1,16,17
2023-11-22,San Luis Potosí,2,16,18
2023-11-22,Sinaloa,1,16,17
2023-11-22,Sonora,2,84,86
2023-11-22,Tamaulipas,3,34,37
2023-11-22,Tlaxcala,1,6,7
2023-11-22,Zacatecas,4,3,7
2023-11-23,Aguascalientes,2,11,13
2023-11-23,Baja California,1,28,29
2023-11-23,Baja California Sur,5,18,23
2023-11-23,Campeche,1,10,11
2023-11-23,Chiapas,2,6,8
2023-11-23,Chihuahua,2,68,70
2023-11-23,Coahuila de Zaragoza,1,32,33
2023-11-23,Colima,1,13,14
2023-11-23,Durango,2,26,28
2023-11-23,Guanajuato,4,44,48
2023-11-23,Guerrero,2,14,16
2023-11-23,Michoacán de Ocampo,1,36,37
2023-11-23,Morelos,2,22,24
2023-11-23,Nayarit,2,9,11
2023-11-23,Nuevo León,1,214,215
2023-11-23,Puebla,2,51,53
2023-11-23,Quintana Roo,1,32,33
2023-11-23,San Luis Potosí,5,20,25
2023-11-23,Sinaloa,3,19,22
2023-11-23,Sonora,1,91,92
2023-11-23,Tamaulipas,1,32,33
2023-11-23,Veracruz de Ignacio de la Llave,5,29,34
2023-11-23,Yucatán,2,14,16
2023-11-23,Zacatecas,2,6,8
2023-11-24,Aguascalientes,3,14,17
2023-11-24,Baja California,1,37,38
2023-11-24,Baja California Sur,1,21,22
2023-11-24,Campeche,1,15,16
2023-11-24,Chihuahua,1,83,84
2023-11-24,Coahuila de Zaragoza,3,32,35
2023-11-24,Colima,1,17,18
2023-11-24,Durango,2,37,39
2023-11-24,Guanajuato,1,58,59
2023-11-24,Guerrero,1,16,17
2023-11-24,Jalisco,1,30,31
2023-11-24,Michoacán de Ocampo,4,47,51
2023-11-24,México,1,71,72
2023-11-24,Nuevo León,1,201,202
2023-11-24,Puebla,3,34,37
2023-11-24,Quintana Roo,1,18,19
2023-11-24,San Luis Potosí,4,23,27
2023-11-24,Sonora,3,79,82
2023-11-24,Tabasco,1,4,5
2023-11-24,Tamaulipas,3,29,32
2023-11-24,Tlaxcala,1,5,6
2023-11-24,Veracruz de Ignacio de la Llave,1,23,24
2023-11-24,Zacatecas,1,10,11
2023-11-25,Aguascalientes,2,24,26
2023-11-25,Baja California,2,40,42
2023-11-25,Baja California Sur,1,17,18
2023-11-25,Campeche,1,12,13
2023-11-25,Chiapas,1,14,15
2023-11-25,Chihuahua,2,90,92
2023-11-25,Coahuila de Zaragoza,2,37,39
2023-11-25,Durango,1,36,37
2023-11-25,Guanajuato,4,51,55
2023-11-25,Guerrero,1,17,18
2023-11-25,Michoacán de Ocampo,3,51,54
2023-11-25,México,1,67,68
2023-11-25,Nayarit,1,6,7
2023-11-25,Oaxaca,1,9,10
2023-11-25,Puebla,4,44,48
2023-11-25,Querétaro,1,31,32
2023-11-25,Quintana Roo,1,16,17
2023-11-25,San Luis Potosí,3,17,20
2023-11-25,Sinaloa,1,22,23
2023-11-25,Sonora,3,87,90
2023-11-25,Tabasco,2,12,14
2023-11-25,Tamaulipas,2,51,53
2023-11-25,Yucatán,3,18,21
2023-11-25,Zacatecas,3,4,7
2023-11-26,Baja California,2,35,37
2023-11-26,Campeche,1,10,11
2023-11-26,Chiapas,1,11,12
2023-11-26,Chihuahua,1,88,89
2023-11-26,Coahuila de Zaragoza,2,32,34
2023-11-26,Colima,2,11,13
2023-11-26,Durango,3,29,32
2023-11-26,Guanajuato,1,58,59
2023-11-26,Guerrero,3,12,15
2023-11-26,Jalisco,2,42,44
2023-11-26,Michoacán de Ocampo,3,38,41
2023-11-26,Morelos,1,29,30
2023-11-26,México,1,51,52
2023-11-26,Nuevo León,3,166,169
2023-11-26,Oaxaca,1,12,13
2023-11-26,Querétaro,1,30,31
2023-11-26,Quintana Roo,2,15,17
2023-11-26,Sinaloa,7,26,33
2023-11-26,Sonora,3,71,74
2023-11-26,Tabasco,1,14,15
2023-11-26,Tamaulipas,2,31,33
2023-11-26,Tlaxcala,4,4,8
2023-11-26,Veracruz de Ignacio de la Llave,1,17,18
2023-11-27,Baja California,2,30,32
2023-11-27,Baja California Sur,1,20,21
2023-11-27,Campeche,1,14,15
2023-11-27,Chiapas,1,9,10
2023-11-27,Chihuahua,2,85,87
2023-11-27,Coahuila de Zaragoza,2,23,25
2023-11-27,Colima,2,11,13
2023-11-27,Guanajuato,3,39,42
2023-11-27,Guerrero,2,15,17
2023-11-27,Hidalgo,2,15,17
2023-11-27,Jalisco,1,41,42
2023-11-27,Michoacán de Ocampo,2,42,44
2023-11-27,Morelos,3,32,35
2023-11-27,México,1,55,56
2023-11-27,Nayarit,2,6,8
2023-11-27,Puebla,2,40,42
2023-11-27,Querétaro,2,18,20
2023-11-27,Quintana Roo,1,25,26
2023-11-27,Sinaloa,1,16,17
2023-11-27,Sonora,1,89,90
2023-11-27,Tabasco,2,4,6
2023-11-27,Tamaulipas,1,30,31
2023-11-27,Yucatán,2,22,24
2023-11-27,Zacatecas,1,8,9
2023-11-28,Aguascalientes,4,9,13
2023-11-28,Baja California,1,33,34
2023-11-28,Baja California Sur,3,17,20
2023-11-28,Campeche,1,12,13
2023-11-28,Chiapas,2,101,103
2023-11-28,Coahuila de Zaragoza,1,33,34
2023-11-28,Durango,1,24,25
2023-11-28,Guanajuato,1,38,39
2023-11-28,Guerrero,3,47,50
2023-11-28,Hidalgo,2,82,84
2023-11-28,Michoacán de Ocampo,2,65,67
2023-11-28,Morelos,1,22,23
2023-11-28,México,3,69,72
2023-11-28,Nayarit,2,9,11
2023-11-28,Nuevo León,6,246,252
2023-11-28,Oaxaca,2,525,527
2023-11-28,San Luis Potosí,2,60,62
2023-11-28,Sonora,1,94,95
2023-11-28,Tamaulipas,1,39,40
2023-11-28,Tlaxcala,1,38,39
2023-11-28,Veracruz de Ignacio de la Llave,1,158,159
2023-11-28,Yucatán,1,32,33
2023-11-29,Aguascalientes,2,8,10
2023-11-29,Baja California Sur,1,15,16
2023-11-29,Campeche,1,12,13
2023-11-29,Chiapas,1,9,10
2023-11-29,Chihuahua,2,71,73
2023-11-29,Coahuila de Zaragoza,1,29,30
2023-11-29,Colima,2,16,18
2023-11-29,Durango,2,32,34
2023-11-29,Guanajuato,2,46,48
2023-11-29,Hidalgo,1,11,12
2023-11-29,Jalisco,2,43,45
2023-11-29,Morelos,1,16,17
2023-11-29,México,1,51,52
2023-11-29,Nuevo León,3,272,275
2023-11-29,Oaxaca,1,12,13
2023-11-29,Puebla,2,41,43
2023-11-29,Querétaro,2,19,21
2023-11-29,Quintana Roo,1,16,17
2023-11-29,San Luis Potosí,2,22,24
2023-11-29,Sinaloa,5,22,27
2023-11-29,Sonora,2,90,92
2023-11-29,Tabasco,1,5,6
2023-11-29,Tamaulipas,2,21,23
2023-11-29,Tlaxcala,1,6,7
2023-11-29,Veracruz de Ignacio de la Llave,2,33,35
2023-11-29,Yucatán,2,12,14
2023-11-30,Aguascalientes,2,9,11
2023-11-30,Baja California,2,24,26
2023-11-30,Baja California Sur,2,17,19
2023-11-30,Campeche,3,23,26
2023-11-30,Chiapas,2,9,11
2023-11-30,Chihuahua,2,98,100
2023-11-30,Colima,3,12,15
2023-11-30,Durango,2,29,31
2023-11-30,Guerrero,1,21,22
2023-11-30,Hidalgo,1,12,13
2023-11-30,Jalisco,1,34,35
2023-11-30,Michoacán de Ocampo,2,47,49
2023-11-30,Morelos,2,32,34
2023-11-30,México,1,44,45
2023-11-30,Nayarit,3,6,9
2023-11-30,Puebla,2,36,38
2023-11-30,Querétaro,1,28,29
2023-11-30,Quintana Roo,1,13,14
2023-11-30,San Luis Potosí,2,25,27
2023-11-30,Sinaloa,1,18,19
2023-11-30,Tabasco,2,2,4
2023-11-30,Tlaxcala,1,5,6
2023-11-30,Veracruz de Ignacio de la Llave,1,30,31
2023-11-30,Yucatán,2,26,28
2023-11-30,Zacatecas,1,9,10
2023-12-01,Aguascalientes,1,10,11
2023-12-01,Baja California,1,44,45
2023-12-01,Baja California Sur,4,16,20
2023-12-01,Chiapas,1,11,12
2023-12-01,Chihuahua,3,88,91
2023-12-01,Coahuila de Zaragoza,1,40,41
2023-12-01,Colima,2,8,10
2023-12-01,Durango,1,36,37
2023-12-01,Guanajuato,1,44,45
2023-12-01,Hidalgo,2,9,11
2023-12-01,Jalisco,1,38,39
2023-12-01,Michoacán de Ocampo,1,47,48
2023-12-01,Morelos,1,27,28
2023-12-01,México,4,67,71
2023-12-01,Oaxaca,1,19,20
2023-12-01,Querétaro,3,31,34
2023-12-01,Quintana Roo,2,22,24
2023-12-01,San Luis Potosí,1,31,32
2023-12-01,Sinaloa,2,24,26
2023-12-01,Sonora,3,83,86
2023-12-01,Tamaulipas,1,43,44
2023-12-01,Veracruz de Ignacio de la Llave,2,32,34
2023-12-01,Yucatán,6,27,33
2023-12-01,Zacatecas,1,7,8
2023-12-02,Aguascalientes,2,13,15
2023-12-02,Baja California,3,43,46
2023-12-02,Baja California Sur,2,22,24
2023-12-02,Campeche,1,16,17
2023-12-02,Chiapas,1,15,16
2023-12-02,Colima,1,20,21
2023-12-02,Durango,4,37,41
2023-12-02,Guerrero,1,20,21
2023-12-02,Hidalgo,1,17,18
2023-12-02,Jalisco,2,44,46
2023-12-02,Michoacán de Ocampo,2,39,41
2023-12-02,Morelos,1,24,25
2023-12-02,México,1,82,83
2023-12-02,Nuevo León,2,216,218
2023-12-02,Puebla,5,35,40
2023-12-02,Querétaro,3,27,30
2023-12-02,Quintana Roo,4,22,26
2023-12-02,San Luis Potosí,3,18,21
2023-12-02,Sinaloa,1,22,23
2023-12-02,Sonora,1,91,92
2023-12-02,Tamaulipas,1,56,57
2023-12-02,Tlaxcala,1,4,5
2023-12-02,Veracruz de Ignacio de la Llave,1,29,30
2023-12-02,Zacatecas,3,7,10
2023-12-03,Aguascalientes,1,13,14
2023-12-03,Baja California,3,29,32
2023-12-03,Baja California Sur,1,15,16
2023-12-03,Chiapas,4,15,19
2023-12-03,Chihuahua,1,77,78
2023-12-03,Coahuila de Zaragoza,1,26,27
2023-12-03,Colima,1,11,12
2023-12-03,Durango,2,34,36
2023-12-03,Guanajuato,1,68,69
2023-12-03,Guerrero,2,23,25
2023-12-03,Hidalgo,3,14,17
2023-12-03,Michoacán de Ocampo,2,47,49
2023-12-03,Morelos,1,28,29
2023-12-03,México,1,42,43
2023-12-03,Nayarit,1,11,12
2023-12-03,Oaxaca,3,11,14
2023-12-03,Puebla,1,40,41
2023-12-03,Querétaro,3,15,18
2023-12-03,Quintana Roo,2,20,22
2023-12-03,San Luis Potosí,3,25,28
2023-12-03,Sinaloa,2,21,23
2023-12-03,Sonora,2,67,69
2023-12-03,Tabasco,2,9,11
2023-12-03,Tamaulipas,1,51,52
2023-12-03,Veracruz de Ignacio de la Llave,1,27,28
2023-12-03,Yucatán,2,29,31
2023-12-03,Zacatecas,2,6,8
2023-12-04,Aguascalientes,1,12,13
2023-12-04,Baja California,1,29,30
2023-12-04,Campeche,1,20,21
2023-12-04,Coahuila de Zaragoza,3,30,33
2023-12-04,Colima,2,9,11
2023-12-04,Durango,1,41,42
2023-12-04,Guanajuato,4,60,64
2023-12-04,Guerrero,2,14,16
2023-12-04,Hidalgo,1,14,15
2023-12-04,Jalisco,2,52,54
2023-12-04,Michoacán de Ocampo,1,54,55
2023-12-04,Morelos,2,28,30
2023-12-04,México,2,49,51
2023-12-04,Querétaro,1,19,20
2023-12-04,Tabasco,2,7,9
2023-12-04,Tamaulipas,1,47,48
2023-12-04,Tlaxcala,2,7,9
2023-12-04,Veracruz de Ignacio de la Llave,2,25,27
2023-12-04,Yucatán,2,17,19
2023-12-04,Zacatecas,1,9,10
2023-12-05,Aguascalientes,2,8,10
2023-12-05,Baja California,1,34,35
2023-12-05,Baja California Sur,4,20,24
2023-12-05,Campeche,1,12,13
2023-12-05,Chiapas,2,12,14
2023-12-05,Chihuahua,1,71,72
2023-12-05,Colima,1,13,14
2023-12-05,Guanajuato,1,43,44
2023-12-05,Guerrero,2,22,24
2023-12-05,Morelos,2,20,22
2023-12-05,México,1,54,55
2023-12-05,Nayarit,2,3,5
2023-12-05,Nuevo León,3,210,213
2023-12-05,Querétaro,2,15,17
2023-12-05,Quintana Roo,1,22,23
2023-12-05,San Luis Potosí,2,10,12
2023-12-05,Sinaloa,1,21,22
2023-12-05,Tamaulipas,4,32,36
2023-12-05,Tlaxcala,2,6,8
2023-12-05,Veracruz de Ignacio de la Llave,1,35,36
2023-12-05,Yucatán,3,12,15
2023-12-06,Baja California,2,25,27
2023-12-06,Baja California Sur,2,13,15
2023-12-06,Campeche,1,11,12
2023-12-06,Chiapas,1,15,16
2023-12-06,Chihuahua,2,73,75
2023-12-06,Coahuila de Zaragoza,3,30,33
2023-12-06,Colima,2,11,13
2023-12-06,Durango,1,29,30
2023-12-06,Guanajuato,2,36,38
2023-12-06,Guerrero,2,20,22
2023-12-06,Jalisco,1,19,20
2023-12-06,Michoacán de Ocampo,2,36,38
2023-12-06,México,4,71,75
2023-12-06,Nayarit,1,8,9
2023-12-06,Nuevo León,2,224,226
2023-12-06,Puebla,2,40,42
2023-12-06,Querétaro,2,21,23
2023-12-06,Quintana Roo,4,12,16
2023-12-06,San Luis Potosí,3,17,20
2023-12-06,Sonora,1,89,90
2023-12-06,Tabasco,3,2,5
2023-12-06,Tamaulipas,3,32,35
2023-12-06,Veracruz de Ignacio de la Llave,1,24,25
2023-12-06,Yucatán,1,19,20
2023-12-06,Zacatecas,1,4,5
2023-12-07,Baja California Sur,1,18,19
2023-12-07,Campeche,1,3,4
2023-12-07,Chiapas,1,16,17
2023-12-07,Chihuahua,3,79,82
2023-12-07,Coahuila de Zaragoza,2,27,29
2023-12-07,Colima,1,13,14
2023-12-07,Durango,4,40,44
2023-12-07,Guanajuato,2,42,44
2023-12-07,Guerrero,2,21,23
2023-12-07,Morelos,3,17,20
2023-12-07,México,4,45,49
2023-12-07,Nayarit,4,8,12
2023-12-07,Nuevo León,2,212,214
2023-12-07,Oaxaca,2,15,17
2023-12-07,Querétaro,2,27,29
2023-12-07,Quintana Roo,1,27,28
2023-12-07,San Luis Potosí,2,20,22
2023-12-07,Sinaloa,2,19,21
2023-12-07,Tabasco,2,6,8
2023-12-07,Tlaxcala,4,4,8
2023-12-07,Veracruz de Ignacio de la Llave,1,25,26
2023-12-07,Zacatecas,1,6,7
2023-12-08,Aguascalientes,3,9,12
2023-12-08,Baja California Sur,2,19,21
2023-12-08,Campeche,1,11,12
2023-12-08,Chihuahua,2,93,95
2023-12-08,Colima,4,12,16
2023-12-08,Guanajuato,1,77,78
2023-12-08,Guerrero,1,25,26
2023-12-08,Hidalgo,1,17,18
2023-12-08,Jalisco,1,42,43
2023-12-08,Michoacán de Ocampo,2,49,51
2023-12-08,México,4,80,84
2023-12-08,Nayarit,1,14,15
2023-12-08,Nuevo León,2,249,251
2023-12-08,Oaxaca,2,12,14
2023-12-08,Puebla,1,35,36
2023-12-08,Querétaro,3,27,30
2023-12-08,San Luis Potosí,2,21,23
2023-12-08,Sinaloa,1,18,19
2023-12-08,Sonora,1,106,107
2023-12-08,Tabasco,5,10,15
2023-12-08,Tamaulipas,3,49,52
2023-12-08,Tlaxcala,4,1,5
2023-12-08,Veracruz de Ignacio de la Llave,1,35,36
2023-12-08,Yucatán,4,24,28
2023-12-08,Zacatecas,3,7,10
2023-12-09,Aguascalientes,2,20,22
2023-12-09,Baja California,2,54,56
2023-12-09,Baja California Sur,1,17,18
2023-12-09,Campeche,2,22,24
2023-12-09,Chiapas,3,18,21
2023-12-09,Chihuahua,1,72,73
2023-12-09,Coahuila de Zaragoza,1,35,36
2023-12-09,Colima,2,16,18
2023-12-09,Durango,1,47,48
2023-12-09,Guanajuato,3,83,86
2023-12-09,Guerrero,1,18,19
2023-12-09,Hidalgo,2,17,19
2023-12-09,Jalisco,3,51,54
2023-12-09,Michoacán de Ocampo,1,41,42
2023-12-09,Morelos,2,32,34
2023-12-09,México,2,60,62
2023-12-09,Nayarit,2,14,16
2023-12-09,Nuevo León,1,222,223
2023-12-09,Quintana Roo,3,16,19
2023-12-09,San Luis Potosí,3,21,24
2023-12-09,Sinaloa,3,31,34
2023-12-09,Sonora,4,92,96
2023-12-09,Tamaulipas,2,47,49
2023-12-09,Veracruz de Ignacio de la Llave,1,19,20
2023-12-09,Zacatecas,1,14,15
2023-12-10,Baja California,1,43,44
2023-12-10,Baja California Sur,3,27,30
2023-12-10,Campeche,1,12,13
2023-12-10,Chiapas,3,8,11
2023-12-10,Coahuila de Zaragoza,2,33,35
2023-12-10,Durango,6,39,45
2023-12-10,Guanajuato,2,61,63
2023-12-10,Guerrero,2,14,16
2023-12-10,Hidalgo,2,14,16
2023-12-10,Michoacán de Ocampo,1,40,41
2023-12-10,Morelos,1,21,22
2023-12-10,Nuevo León,1,164,165
2023-12-10,Oaxaca,2,7,9
2023-12-10,Puebla,1,26,27
2023-12-10,Querétaro,4,33,37
2023-12-10,Quintana Roo,1,22,23
2023-12-10,San Luis Potosí,1,22,23
2023-12-10,Sinaloa,1,29,30
2023-12-10,Sonora,4,75,79
2023-12-10,Tabasco,2,12,14
2023-12-10,Tamaulipas,2,46,48
2023-12-10,Tlaxcala,2,1,3
2023-12-10,Veracruz de Ignacio de la Llave,4,16,20
2023-12-10,Yucatán,1,28,29
2023-12-10,Zacatecas,1,13,14
2023-12-11,Aguascalientes,1,9,10
2023-12-11,Baja California,2,35,37
2023-12-11,Baja California Sur,2,22,24
2023-12-11,Campeche,1,9,10
2023-12-11,Chiapas,3,8,11
2023-12-11,Chihuahua,1,87,88
2023-12-11,Coahuila de Zaragoza,2,24,26
2023-12-11,Colima,1,12,13
2023-12-11,Durango,2,27,29
2023-12-11,Guanajuato,1,62,63
2023-12-11,Guerrero,3,18,21
2023-12-11,Jalisco,2,45,47
2023-12-11,Michoacán de Ocampo,2,36,38
2023-12-11,México,1,59,60
2023-12-11,Nayarit,1,6,7
2023-12-11,Nuevo León,2,241,243
2023-12-11,Oaxaca,2,16,18
2023-12-11,Puebla,2,39,41
2023-12-11,Querétaro,2,22,24
2023-12-11,Quintana Roo,2,19,21
2023-12-11,San Luis Potosí,2,18,20
2023-12-11,Sinaloa,1,19,20
2023-12-11,Sonora,2,100,102
2023-12-11,Tamaulipas,1,32,33
2023-12-11,Tlaxcala,2,4,6
2023-12-11,Veracruz de Ignacio de la Llave,3,31,34
2023-12-11,Yucatán,1,24,25
2023-12-11,Zacatecas,2,10,12
2023-12-12,Aguascalientes,1,14,15
2023-12-12,Baja California,2,45,47
2023-12-12,Baja California Sur,1,14,15
2023-12-12,Campeche,2,12,14
2023-12-12,Coahuila de Zaragoza,2,38,40
2023-12-12,Colima,3,14,17
2023-12-12,Durango,1,40,41
2023-12-12,Guerrero,2,21,23
2023-12-12,Hidalgo,2,20,22
2023-12-12,Jalisco,2,36,38
2023-12-12,Michoacán de Ocampo,1,36,37
2023-12-12,Morelos,2,17,19
2023-12-12,México,2,56,58
2023-12-12,Nayarit,1,11,12
2023-12-12,Nuevo León,2,181,183
2023-12-12,Oaxaca,4,16,20
2023-12-12,Puebla,1,41,42
2023-12-12,San Luis Potosí,2,13,15
2023-12-12,Sinaloa,2,14,16
2023-12-12,Tabasco,1,7,8
2023-12-12,Tamaulipas,3,29,32
2023-12-12,Tlaxcala,2,5,7
2023-12-12,Yucatán,1,20,21
2023-12-12,Zacatecas,2,7,9
2023-12-13,Aguascalientes,3,5,8
2023-12-13,Baja California,1,37,38
2023-12-13,Baja California Sur,5,26,31
2023-12-13,Campeche,2,11,13
2023-12-13,Chiapas,1,3,4
2023-12-13,Chihuahua,2,59,61
2023-12-13,Colima,1,18,19
2023-12-13,Durango,1,28,29
2023-12-13,Guerrero,2,25,27
2023-12-13,Jalisco,1,36,37
2023-12-13,Michoacán de Ocampo,1,44,45
2023-12-13,México,1,55,56
2023-12-13,Nayarit,1,6,7
2023-12-13,Nuevo León,1,226,227
2023-12-13,Oaxaca,1,16,17
2023-12-13,Puebla,2,54,56
2023-12-13,Querétaro,1,31,32
2023-12-13,Quintana Roo,2,17,19
2023-12-13,Sinaloa,1,17,18
2023-12-13,Sonora,1,84,85
2023-12-13,Tabasco,1,7,8
2023-12-13,Tamaulipas,2,39,41
2023-12-13,Yucatán,2,27,29
2023-12-13,Zacatecas,1,8,9
2023-12-14,Baja California Sur,4,26,30
2023-12-14,Campeche,2,21,23
2023-12-14,Chihuahua,1,72,73
2023-12-14,Coahuila de Zaragoza,4,31,35
2023-12-14,Guerrero,1,20,21
2023-12-14,Hidalgo,2,8,10
2023-12-14,Jalisco,1,37,38
2023-12-14,Michoacán de Ocampo,1,32,33
2023-12-14,Morelos,1,36,37
2023-12-14,México,2,60,62
2023-12-14,Nayarit,3,8,11
2023-12-14,Nuevo León,2,275,277
2023-12-14,Oaxaca,1,11,12
2023-12-14,Puebla,1,38,39
2023-12-14,Quintana Roo,2,19,21
2023-12-14,San Luis Potosí,1,21,22
2023-12-14,Sonora,2,79,81
2023-12-14,Tamaulipas,2,28,30
2023-12-14,Tlaxcala,2,2,4
2023-12-14,Veracruz de Ignacio de la Llave,3,25,28
2023-12-14,Yucatán,2,16,18
2023-12-15,Aguascalientes,1,19,20
2023-12-15,Baja California,2,31,33
2023-12-15,Baja California Sur,1,19,20
2023-12-15,Campeche,1,15,16
2023-12-15,Chiapas,1,15,16
2023-12-15,Chihuahua,2,91,93
2023-12-15,Coahuila de Zaragoza,1,29,30
2023-12-15,Colima,2,22,24
2023-12-15,Durango,1,34,35
2023-12-15,Guanajuato,2,60,62
2023-12-15,Guerrero,2,24,26
2023-12-15,Hidalgo,1,19,20
2023-12-15,Jalisco,2,40,42
2023-12-15,Michoacán de Ocampo,1,42,43
2023-12-15,Morelos,2,31,33
2023-12-15,México,2,69,71
2023-12-15,Nayarit,3,9,12
2023-12-15,Oaxaca,2,27,29
2023-12-15,Puebla,3,43,46
2023-12-15,Querétaro,1,16,17
2023-12-15,Tabasco,2,13,15
2023-12-15,Tamaulipas,1,61,62
2023-12-15,Tlaxcala,1,4,5
2023-12-15,Veracruz de Ignacio de la Llave,1,36,37
2023-12-15,Zacatecas,1,4,5
2023-12-16,Aguascalientes,2,27,29
2023-12-16,Baja California,1,52,53
2023-12-16,Baja California Sur,3,25,28
2023-12-16,Campeche,1,19,20
2023-12-16,Chiapas,6,16,22
2023-12-16,Chihuahua,4,79,83
2023-12-16,Coahuila de Zaragoza,2,36,38
2023-12-16,Colima,3,19,22
2023-12-16,Durango,1,43,44
2023-12-16,Guanajuato,2,82,84
2023-12-16,Guerrero,3,25,28
2023-12-16,Hidalgo,3,22,25
2023-12-16,Jalisco,1,46,47
2023-12-16,Michoacán de Ocampo,2,66,68
2023-12-16,México,3,86,89
2023-12-16,Nayarit,1,8,9
2023-12-16,Puebla,1,58,59
2023-12-16,Querétaro,3,42,45
2023-12-16,Quintana Roo,2,19,21
2023-12-16,San Luis Potosí,1,12,13
2023-12-16,Sinaloa,2,31,33
2023-12-16,Sonora,3,90,93
2023-12-16,Tabasco,1,5,6
2023-12-16,Tlaxcala,1,5,6
2023-12-16,Veracruz de Ignacio de la Llave,4,32,36
2023-12-16,Yucatán,1,34,35
2023-12-17,Aguascalientes,1,22,23
2023-12-17,Baja California,5,33,38
2023-12-17,Campeche,3,23,26
2023-12-17,Chiapas,1,12,13
2023-12-17,Chihuahua,3,76,79
2023-12-17,Coahuila de Zaragoza,3,36,39
2023-12-17,Durango,1,34,35
2023-12-17,Guanajuato,2,68,70
2023-12-17,Guerrero,2,24,26
2023-12-17,Hidalgo,1,15,16
2023-12-17,Jalisco,1,34,35
2023-12-17,México,1,57,58
2023-12-17,Nuevo León,4,182,186
2023-12-17,Oaxaca,2,8,10
2023-12-17,Puebla,4,49,53
2023-12-17,San Luis Potosí,2,16,18
2023-12-17,Sonora,1,88,89
2023-12-17,Tamaulipas,1,39,40
2023-12-17,Veracruz de Ignacio de la Llave,3,26,29
2023-12-17,Yucatán,1,29,30
2023-12-18,Aguascalientes,1,13,14
2023-12-18,Baja California,1,29,30
2023-12-18,Baja California Sur,2,20,22
2023-12-18,Campeche,1,12,13
2023-12-18,Chiapas,2,12,14
2023-12-18,Chihuahua,3,74,77
2023-12-18,Colima,1,14,15
2023-12-18,Durango,1,30,31
2023-12-18,Guanajuato,1,52,53
2023-12-18,Guerrero,2,30,32
2023-12-18,Hidalgo,3,12,15
2023-12-18,Jalisco,4,38,42
2023-12-18,Michoacán de Ocampo,3,53,56
2023-12-18,Morelos,6,21,27
2023-12-18,México,1,62,63
2023-12-18,Nuevo León,1,251,252
2023-12-18,Oaxaca,2,16,18
2023-12-18,Querétaro,1,24,25
2023-12-18,Quintana Roo,1,23,24
2023-12-18,San Luis Potosí,1,17,18
2023-12-18,Sinaloa,1,23,24
2023-12-18,Sonora,2,70,72
2023-12-18,Tabasco,1,8,9
2023-12-18,Tamaulipas,3,29,32
2023-12-18,Tlaxcala,1,4,5
2023-12-18,Yucatán,1,29,30
2023-12-18,Zacatecas,1,5,6
2023-12-19,Aguascalientes,2,5,7
2023-12-19,Baja California,2,29,31
2023-12-19,Baja California Sur,1,16,17
2023-12-19,Chiapas,3,9,12
2023-12-19,Chihuahua,1,60,61
2023-12-19,Coahuila de Zaragoza,3,32,35
2023-12-19,Colima,2,12,14
2023-12-19,Durango,2,20,22
2023-12-19,Guanajuato,1,37,38
2023-12-19,Guerrero,1,18,19
2023-12-19,Hidalgo,1,19,20
2023-12-19,Jalisco,2,29,31
2023-12-19,Michoacán de Ocampo,3,35,38
2023-12-19,Nayarit,2,6,8
2023-12-19,Nuevo León,2,215,217
2023-12-19,Oaxaca,1,14,15
2023-12-19,Puebla,1,43,44
2023-12-19,Querétaro,2,18,20
2023-12-19,Quintana Roo,1,23,24
2023-12-19,San Luis Potosí,1,15,16
2023-12-19,Sinaloa,2,20,22
2023-12-19,Tabasco,1,8,9
2023-12-19,Tlaxcala,2,2,4
2023-12-19,Veracruz de Ignacio de la Llave,2,27,29
2023-12-20,Aguascalientes,1,7,8
2023-12-20,Baja California Sur,2,17,19
2023-12-20,Campeche,3,7,10
2023-12-20,Chiapas,5,12,17
2023-12-20,Chihuahua,1,50,51
2023-12-20,Coahuila de Zaragoza,2,27,29
2023-12-20,Colima,2,17,19
2023-12-20,Durango,1,30,31
2023-12-20,Guanajuato,2,49,51
2023-12-20,Guerrero,4,15,19
2023-12-20,Hidalgo,3,14,17
2023-12-20,Michoacán de Ocampo,1,45,46
2023-12-20,México,2,58,60
2023-12-20,Oaxaca,2,9,11
2023-12-20,Querétaro,1,25,26
2023-12-20,Quintana Roo,1,16,17
2023-12-20,Sinaloa,1,13,14
2023-12-20,Sonora,1,65,66
2023-12-20,Tabasco,1,5,6
2023-12-20,Tamaulipas,2,40,42
2023-12-20,Tlaxcala,1,4,5
2023-12-20,Yucatán,2,21,23
2023-12-20,Zacatecas,2,10,12
2023-12-21,Baja California,3,29,32
2023-12-21,Baja California Sur,2,14,16
2023-12-21,Campeche,3,7,10
2023-12-21,Chiapas,1,11,12
2023-12-21,Chihuahua,1,63,64
2023-12-21,Colima,2,14,16
2023-12-21,Durango,1,37,38
2023-12-21,Guerrero,2,12,14
2023-12-21,Hidalgo,1,15,16
2023-12-21,Michoacán de Ocampo,2,56,58
2023-12-21,Morelos,1,20,21
2023-12-21,México,2,62,64
2023-12-21,Nayarit,1,8,9
2023-12-21,Nuevo León,2,231,233
2023-12-21,Oaxaca,4,12,16
2023-12-21,Querétaro,1,19,20
2023-12-21,Quintana Roo,2,16,18
2023-12-21,Sinaloa,3,16,19
2023-12-21,Sonora,1,89,90
2023-12-21,Tabasco,1,11,12
2023-12-21,Tamaulipas,1,35,36
2023-12-21,Veracruz de Ignacio de la Llave,1,29,30
2023-12-21,Zacatecas,1,7,8
2023-12-22,Baja California,3,39,42
2023-12-22,Baja California Sur,4,21,25
2023-12-22,Campeche,1,15,16
2023-12-22,Chiapas,3,13,16
2023-12-22,Chihuahua,1,84,85
2023-12-22,Durango,4,24,28
2023-12-22,Guanajuato,2,65,67
2023-12-22,Guerrero,2,16,18
2023-12-22,Jalisco,1,40,41
2023-12-22,Michoacán de Ocampo,1,53,54
2023-12-22,Morelos,1,9,10
2023-12-22,Nayarit,1,10,11
2023-12-22,Nuevo León,3,210,213
2023-12-22,Oaxaca,3,8,11
2023-12-22,Puebla,3,33,36
2023-12-22,Querétaro,2,24,26
2023-12-22,Sinaloa,1,15,16
2023-12-22,Sonora,2,91,93
2023-12-22,Tabasco,1,4,5
2023-12-22,Tamaulipas,1,42,43
2023-12-22,Tlaxcala,1,6,7
2023-12-22,Yucatán,1,24,25
2023-12-22,Zacatecas,4,8,12
2023-12-23,Aguascalientes,1,18,19
2023-12-23,Baja California,4,36,40
2023-12-23,Baja California Sur,3,27,30
2023-12-23,Campeche,2,11,13
2023-12-23,Chiapas,1,10,11
2023-12-23,Coahuila de Zaragoza,4,38,42
2023-12-23,Colima,5,16,21
2023-12-23,Durango,1,38,39
2023-12-23,Hidalgo,2,13,15
2023-12-23,Jalisco,1,51,52
2023-12-23,Michoacán de Ocampo,2,51,53
2023-12-23,Morelos,2,38,40
2023-12-23,México,2,96,98
2023-12-23,Nayarit,1,11,12
2023-12-23,Nuevo León,1,182,183
2023-12-23,Puebla,1,43,44
2023-12-23,Querétaro,2,33,35
2023-12-23,Quintana Roo,2,25,27
2023-12-23,San Luis Potosí,2,25,27
2023-12-23,Sinaloa,1,24,25
2023-12-23,Sonora,2,78,80
2023-12-23,Tabasco,1,3,4
2023-12-23,Tamaulipas,4,47,51
2023-12-23,Tlaxcala,1,6,7
2023-12-23,Veracruz de Ignacio de la Llave,3,23,26
2023-12-23,Yucatán,2,39,41
2023-12-23,Zacatecas,1,7,8
2023-12-24,Aguascalientes,3,16,19
2023-12-24,Baja California,1,32,33
2023-12-24,Baja California Sur,1,13,14
2023-12-24,Campeche,1,10,11
2023-12-24,Chiapas,1,12,13
2023-12-24,Chihuahua,1,77,78
2023-12-24,Coahuila de Zaragoza,2,31,33
2023-12-24,Colima,2,18,20
2023-12-24,Guanajuato,2,69,71
2023-12-24,Hidalgo,1,17,18
2023-12-24,Jalisco,1,32,33
2023-12-24,Michoacán de Ocampo,1,43,44
2023-12-24,Morelos,1,27,28
2023-12-24,Nayarit,3,6,9
2023-12-24,Nuevo León,1,138,139
2023-12-24,Oaxaca,3,9,12
2023-12-24,Puebla,1,27,28
2023-12-24,Querétaro,1,30,31
2023-12-24,Quintana Roo,3,23,26
2023-12-24,San Luis Potosí,2,11,13
2023-12-24,Sinaloa,3,19,22
2023-12-24,Sonora,1,69,70
2023-12-24,Tamaulipas,1,39,40
2023-12-24,Tlaxcala,1,4,5
2023-12-24,Veracruz de Ignacio de la Llave,1,17,18
2023-12-24,Yucatán,2,30,32
2023-12-24,Zacatecas,1,8,9
2023-12-25,Aguascalientes,3,14,17
2023-12-25,Baja California,2,33,35
2023-12-25,Baja California Sur,2,10,12
2023-12-25,Campeche,1,15,16
2023-12-25,Chihuahua,3,61,64
2023-12-25,Coahuila de Zaragoza,2,25,27
2023-12-25,Durango,1,17,18
2023-12-25,Hidalgo,1,10,11
2023-12-25,Michoacán de Ocampo,2,27,29
2023-12-25,Morelos,3,24,27
2023-12-25,México,1,35,36
2023-12-25,Nayarit,1,9,10
2023-12-25,Oaxaca,2,4,6
2023-12-25,Puebla,3,32,35
2023-12-25,Querétaro,3,9,12
2023-12-25,San Luis Potosí,2,10,12
2023-12-25,Sonora,2,66,68
2023-12-25,Tabasco,2,5,7
2023-12-25,Tamaulipas,2,36,38
2023-12-25,Tlaxcala,2,4,6
2023-12-25,Veracruz de Ignacio de la Llave,2,14,16
2023-12-25,Yucatán,2,23,25
2023-12-25,Zacatecas,2,3,5
2023-12-26,Baja California,2,24,26
2023-12-26,Baja California Sur,2,17,19
2023-12-26,Chihuahua,2,61,63
2023-12-26,Coahuila de Zaragoza,4,16,20
2023-12-26,Durango,1,21,22
2023-12-26,Jalisco,1,24,25
2023-12-26,Morelos,1,34,35
2023-12-26,México,2,72,74
2023-12-26,Nayarit,1,8,9
2023-12-26,Nuevo León,1,137,138
2023-12-26,Puebla,4,19,23
2023-12-26,Querétaro,4,23,27
2023-12-26,Sinaloa,1,18,19
2023-12-26,Tabasco,1,6,7
2023-12-26,Tlaxcala,1,3,4
2023-12-26,Veracruz de Ignacio de la Llave,2,21,23
2023-12-26,Yucatán,1,21,22
2023-12-27,Aguascalientes,3,9,12
2023-12-27,Baja California,3,22,25
2023-12-27,Baja California Sur,2,16,18
2023-12-27,Campeche,1,8,9
2023-12-27,Chihuahua,2,66,68
2023-12-27,Coahuila de Zaragoza,1,21,22
2023-12-27,Colima,1,13,14
2023-12-27,Durango,1,25,26
2023-12-27,Guanajuato,1,38,39
2023-12-27,Guerrero,1,11,12
2023-12-27,Hidalgo,1,12,13
2023-12-27,Jalisco,1,31,32
2023-12-27,Michoacán de Ocampo,1,28,29
2023-12-27,Morelos,1,15,16
2023-12-27,México,2,50,52
2023-12-27,Nayarit,2,4,6
2023-12-27,Nuevo León,3,155,158
2023-12-27,Querétaro,1,12,13
2023-12-27,Quintana Roo,2,13,15
2023-12-27,Sinaloa,1,18,19
2023-12-27,Sonora,3,40,43
2023-12-27,Tamaulipas,1,28,29
2023-12-27,Yucatán,2,19,21
2023-12-27,Zacatecas,3,7,10
2023-12-28,Aguascalientes,1,12,13
2023-12-28,Baja California,2,34,36
2023-12-28,Baja California Sur,1,18,19
2023-12-28,Chiapas,1,113,114
2023-12-28,Chihuahua,3,70,73
2023-12-28,Coahuila de Zaragoza,2,43,45
2023-12-28,Durango,1,18,19
2023-12-28,Guanajuato,1,47,48
2023-12-28,Guerrero,2,62,64
2023-12-28,Hidalgo,2,78,80
2023-12-28,Michoacán de Ocampo,4,60,64
2023-12-28,Morelos,1,23,24
2023-12-28,México,1,50,51
2023-12-28,Nayarit,1,10,11
2023-12-28,Nuevo León,2,189,191
2023-12-28,Oaxaca,3,520,523
2023-12-28,Puebla,1,179,180
2023-12-28,Quintana Roo,3,11,14
2023-12-28,San Luis Potosí,2,58,60
2023-12-28,Sinaloa,1,11,12
2023-12-28,Tabasco,1,11,12
2023-12-28,Tamaulipas,1,38,39
2023-12-28,Tlaxcala,1,43,44
2023-12-28,Zacatecas,1,19,20
2023-12-29,Aguascalientes,2,15,17
2023-12-29,Baja California,4,36,40
2023-12-29,Baja California Sur,3,9,12
2023-12-29,Chiapas,1,10,11
2023-12-29,Chihuahua,1,70,71
2023-12-29,Coahuila de Zaragoza,1,22,23
2023-12-29,Colima,1,9,10
2023-12-29,Guanajuato,1,46,47
2023-12-29,Guerrero,4,18,22
2023-12-29,Hidalgo,2,14,16
2023-12-29,Jalisco,3,34,37
2023-12-29,Morelos,1,17,18
2023-12-29,Nayarit,4,6,10
2023-12-29,Nuevo León,3,165,168
2023-12-29,Oaxaca,6,14,20
2023-12-29,Puebla,2,32,34
2023-12-29,Querétaro,4,22,26
2023-12-29,Quintana Roo,2,16,18
2023-12-29,San Luis Potosí,3,15,18
2023-12-29,Sinaloa,1,12,13
2023-12-29,Sonora,2,53,55
2023-12-29,Tlaxcala,4,7,11
2023-12-29,Veracruz de Ignacio de la Llave,2,22,24
2023-12-29,Yucatán,2,13,15
2023-12-29,Zacatecas,1,6,7
2023-12-30,Aguascalientes,1,12,13
2023-12-30,Baja California,2,43,45
2023-12-30,Campeche,3,10,13
2023-12-30,Chiapas,1,11,12
2023-12-30,Chihuahua,4,67,71
2023-12-30,Coahuila de Zaragoza,1,25,26
2023-12-30,Colima,1,9,10
2023-12-30,Durango,1,29,30
2023-12-30,Guanajuato,1,49,50
2023-12-30,México,1,59,60
2023-12-30,Nuevo León,1,164,165
2023-12-30,Oaxaca,1,14,15
2023-12-30,Querétaro,1,26,27
2023-12-30,San Luis Potosí,1,17,18
2023-12-30,Sinaloa,2,14,16
2023-12-30,Sonora,1,80,81
2023-12-30,Tabasco,1,7,8
2023-12-30,Tamaulipas,2,26,28
2023-12-30,Veracruz de Ignacio de la Llave,4,12,16
2023-12-30,Zacatecas,4,6,10
2023-12-31,Aguascalientes,2,14,16
2023-12-31,Baja California,4,26,30
2023-12-31,Baja California Sur,2,17,19
2023-12-31,Chiapas,2,19,21
2023-12-31,Chihuahua,1,52,53
2023-12-31,Coahuila de Zaragoza,1,28,29
2023-12-31,Colima,1,19,20
2023-12-31,Durango,3,29,32
2023-12-31,Guanajuato,5,50,55
2023-12-31,Guerrero,1,22,23
2023-12-31,Hidalgo,2,9,11
2023-12-31,Jalisco,2,40,42
2023-12-31,Morelos,2,19,21
2023-12-31,Nayarit,1,8,9
2023-12-31,Nuevo León,2,107,109
2023-12-31,Puebla,1,21,22
2023-12-31,Querétaro,2,17,19
2023-12-31,Quintana Roo,2,20,22
2023-12-31,San Luis Potosí,1,17,18
2023-12-31,Sonora,2,44,46
2023-12-31,Tabasco,2,5,7
2023-12-31,Tamaulipas,2,33,35
2023-12-31,Veracruz de Ignacio de la Llave,2,17,19
2023-12-31,Yucatán,1,18,19
2023-12-31,Zacatecas,1,5,6
2024-01-01,Aguascalientes,2,14,16
2024-01-01,Baja California Sur,1,24,25
2024-01-01,Campeche,2,12,14
2024-01-01,Chihuahua,3,68,71
2024-01-01,Coahuila de Zaragoza,2,37,39
2024-01-01,Colima,1,19,20
2024-01-01,Durango,3,25,28
2024-01-01,Guanajuato,4,48,52
2024-01-01,Guerrero,1,12,13
2024-01-01,Hidalgo,2,11,13
2024-01-01,Jalisco,1,36,37
2024-01-01,Michoacán de Ocampo,1,40,41
2024-01-01,Morelos,3,21,24
2024-01-01,Nayarit,2,10,12
2024-01-01,Nuevo León,3,100,103
2024-01-01,Quintana Roo,2,13,15
2024-01-01,Tabasco,1,6,7
2024-01-01,Tlaxcala,1,1,2
2024-01-01,Veracruz de Ignacio de la Llave,3,21,24
2024-01-01,Zacatecas,2,9,11
2024-01-02,Aguascalientes,2,7,9
2024-01-02,Baja California,1,35,36
2024-01-02,Campeche,3,6,9
2024-01-02,Chiapas,2,10,12
2024-01-02,Chihuahua,1,61,62
2024-01-02,Coahuila de Zaragoza,1,31,32
2024-01-02,Colima,1,27,28
2024-01-02,Durango,4,23,27
2024-01-02,Guanajuato,1,53,54
2024-01-02,Guerrero,3,23,26
2024-01-02,Hidalgo,4,9,13
2024-01-02,Jalisco,1,42,43
2024-01-02,Michoacán de Ocampo,1,37,38
2024-01-02,Morelos,1,21,22
2024-01-02,México,3,25,28
2024-01-02,Nayarit,2,6,8
2024-01-02,Nuevo León,1,134,135
2024-01-02,Oaxaca,3,10,13
2024-01-02,Querétaro,2,24,26
2024-01-02,Quintana Roo,1,22,23
2024-01-02,San Luis Potosí,2,15,17
2024-01-02,Sinaloa,1,16,17
2024-01-02,Tamaulipas,3,24,27
2024-01-02,Tlaxcala,3,5,8
2024-01-02,Veracruz de Ignacio de la Llave,1,25,26
2024-01-02,Yucatán,3,14,17
2024-01-03,Aguascalientes,1,9,10
2024-01-03,Baja California,3,25,28
2024-01-03,Baja California Sur,3,14,17
2024-01-03,Campeche,3,7,10
2024-01-03,Chihuahua,1,53,54
2024-01-03,Coahuila de Zaragoza,4,23,27
2024-01-03,Colima,1,16,17
2024-01-03,Guanajuato,1,37,38
2024-01-03,Jalisco,2,38,40
2024-01-03,Michoacán de Ocampo,1,45,46
2024-01-03,Morelos,1,20,21
2024-01-03,México,1,51,52
2024-01-03,Nayarit,1,4,5
2024-01-03,Nuevo León,2,150,152
2024-01-03,Oaxaca,1,13,14
2024-01-03,Puebla,1,26,27
2024-01-03,Querétaro,4,21,25
2024-01-03,Quintana Roo,2,19,21
2024-01-03,Sinaloa,2,13,15
2024-01-03,Sonora,3,45,48
2024-01-03,Tabasco,2,8,10
2024-01-03,Tamaulipas,1,25,26
2024-01-03,Tlaxcala,1,4,5
2024-01-03,Veracruz de Ignacio de la Llave,1,20,21
2024-01-03,Yucatán,3,11,14
2024-01-03,Zacatecas,1,5,6
2024-01-04,Aguascalientes,2,10,12
2024-01-04,Baja California Sur,1,14,15
2024-01-04,Campeche,2,8,10
2024-01-04,Chiapas,3,8,11
2024-01-04,Chihuahua,1,71,72
2024-01-04,Coahuila de Zaragoza,2,28,30
2024-01-04,Colima,2,14,16
2024-01-04,Durango,3,30,33
2024-01-04,Guanajuato,1,27,28
2024-01-04,Guerrero,5,14,19
2024-01-04,Hidalgo,1,14,15
2024-01-04,Jalisco,3,37,40
2024-01-04,Michoacán de Ocampo,1,29,30
2024-01-04,Morelos,2,30,32
2024-01-04,México,1,57,58
2024-01-04,Nayarit,4,4,8
2024-01-04,Nuevo León,1,150,151
2024-01-04,Oaxaca,3,10,13
2024-01-04,Querétaro,1,21,22
2024-01-04,Quintana Roo,4,14,18
2024-01-04,Sinaloa,1,8,9
2024-01-04,Sonora,2,56,58
2024-01-04,Tamaulipas,1,29,30
2024-01-04,Tlaxcala,1,1,2
2024-01-04,Yucatán,1,9,10
2024-01-05,Baja California,1,38,39
2024-01-05,Baja California Sur,1,18,19
2024-01-05,Campeche,2,6,8
2024-01-05,Chiapas,2,12,14
2024-01-05,Guanajuato,3,50,53
2024-01-05,Jalisco,1,46,47
2024-01-05,Morelos,2,18,20
2024-01-05,Nayarit,2,7,9
2024-01-05,Nuevo León,1,176,177
2024-01-05,Oaxaca,3,12,15
2024-01-05,Querétaro,1,22,23
2024-01-05,Quintana Roo,2,19,21
2024-01-05,San Luis Potosí,2,20,22
2024-01-05,Sinaloa,1,22,23
2024-01-05,Sonora,1,65,66
2024-01-05,Tamaulipas,2,28,30
2024-01-05,Veracruz de Ignacio de la Llave,1,23,24
2024-01-05,Zacatecas,1,1,2
2024-01-06,Baja California,2,30,32
2024-01-06,Baja California Sur,2,17,19
2024-01-06,Campeche,2,12,14
2024-01-06,Chiapas,1,10,11
2024-01-06,Chihuahua,3,77,80
2024-01-06,Coahuila de Zaragoza,1,33,34
2024-01-06,Durango,1,30,31
2024-01-06,Guanajuato,1,42,43
2024-01-06,Hidalgo,1,11,12
2024-01-06,Jalisco,1,38,39
2024-01-06,Michoacán de Ocampo,4,54,58
2024-01-06,Morelos,1,19,20
2024-01-06,Nuevo León,3,154,157
2024-01-06,Puebla,4,38,42
2024-01-06,Querétaro,3,22,25
2024-01-06,Quintana Roo,1,27,28
2024-01-06,San Luis Potosí,2,23,25
2024-01-06,Sinaloa,1,20,21
2024-01-06,Sonora,4,59,63
2024-01-06,Tabasco,5,7,12
2024-01-06,Veracruz de Ignacio de la Llave,2,16,18
2024-01-06,Yucatán,2,23,25
2024-01-06,Zacatecas,2,7,9
2024-01-07,Aguascalientes,3,25,28
2024-01-07,Baja California,2,32,34
2024-01-07,Baja California Sur,1,15,16
2024-01-07,Campeche,3,11,14
2024-01-07,Chiapas,4,6,10
2024-01-07,Colima,2,10,12
2024-01-07,Guanajuato,1,37,38
2024-01-07,Hidalgo,2,13,15
2024-01-07,Nayarit,2,8,10
2024-01-07,Nuevo León,1,93,94
2024-01-07,Oaxaca,1,6,7
2024-01-07,Puebla,1,21,22
2024-01-07,Quintana Roo,1,15,16
2024-01-07,San Luis Potosí,1,10,11
2024-01-07,Sinaloa,1,25,26
2024-01-07,Sonora,1,52,53
2024-01-07,Tabasco,1,9,10
2024-01-07,Tlaxcala,2,4,6
2024-01-07,Yucatán,1,14,15
2024-01-07,Zacatecas,5,5,10
2024-01-08,Aguascalientes,1,12,13
2024-01-08,Baja California,1,37,38
2024-01-08,Baja California Sur,2,10,12
2024-01-08,Chiapas,3,18,21
2024-01-08,Chihuahua,1,74,75
2024-01-08,Coahuila de Zaragoza,1,34,35
2024-01-08,Colima,2,24,26
2024-01-08,Durango,3,29,32
2024-01-08,Guanajuato,3,37,40
2024-01-08,Hidalgo,3,9,12
2024-01-08,Jalisco,3,48,51
2024-01-08,Michoacán de Ocampo,2,42,44
2024-01-08,Morelos,2,22,24
2024-01-08,México,1,57,58
2024-01-08,Nayarit,1,6,7
2024-01-08,Nuevo León,3,206,209
2024-01-08,Puebla,2,48,50
2024-01-08,Querétaro,1,15,16
2024-01-08,Quintana Roo,1,21,22
2024-01-08,San Luis Potosí,1,13,14
2024-01-08,Sinaloa,1,16,17
2024-01-08,Tabasco,3,11,14
2024-01-08,Tamaulipas,3,42,45
2024-01-08,Tlaxcala,3,3,6
2024-01-08,Veracruz de Ignacio de la Llave,2,28,30
2024-01-08,Yucatán,4,15,19
2024-01-08,Zacatecas,2,8,10
2024-01-09,Aguascalientes,1,12,13
2024-01-09,Baja California Sur,1,11,12
2024-01-09,Campeche,1,9,10
2024-01-09,Chihuahua,1,57,58
2024-01-09,Coahuila de Zaragoza,2,29,31
2024-01-09,Colima,1,15,16
2024-01-09,Durango,1,34,35
2024-01-09,Hidalgo,3,19,22
2024-01-09,Jalisco,1,36,37
2024-01-09,Michoacán de Ocampo,1,41,42
2024-01-09,Morelos,3,21,24
2024-01-09,Nayarit,2,6,8
2024-01-09,Nuevo León,1,187,188
2024-01-09,Oaxaca,3,15,18
2024-01-09,Puebla,2,38,40
2024-01-09,Querétaro,2,18,20
2024-01-09,Sonora,3,55,58
2024-01-09,Tamaulipas,2,32,34
2024-01-09,Yucatán,2,19,21
2024-01-09,Zacatecas,1,7,8
2024-01-10,Baja California,2,23,25
2024-01-10,Baja California Sur,1,18,19
2024-01-10,Campeche,2,18,20
2024-01-10,Chiapas,3,6,9
2024-01-10,Chihuahua,4,75,79
2024-01-10,Coahuila de Zaragoza,3,27,30
2024-01-10,Colima,1,11,12
2024-01-10,Guanajuato,2,32,34
2024-01-10,Guerrero,1,10,11
2024-01-10,Hidalgo,1,20,21
2024-01-10,Michoacán de Ocampo,2,47,49
2024-01-10,Morelos,1,21,22
2024-01-10,México,2,51,53
2024-01-10,Nayarit,1,6,7
2024-01-10,Nuevo León,2,213,215
2024-01-10,Puebla,2,31,33
2024-01-10,Quintana Roo,2,23,25
2024-01-10,San Luis Potosí,1,14,15
2024-01-10,Sinaloa,2,7,9
2024-01-10,Tabasco,1,5,6
2024-01-10,Tamaulipas,1,38,39
2024-01-10,Tlaxcala,1,1,2
2024-01-10,Veracruz de Ignacio de la Llave,1,19,20
2024-01-10,Yucatán,1,16,17
2024-01-11,Aguascalientes,2,18,20
2024-01-11,Baja California,3,37,40
2024-01-11,Baja California Sur,2,22,24
2024-01-11,Campeche,1,10,11
2024-01-11,Chiapas,3,16,19
2024-01-11,Chihuahua,3,78,81
2024-01-11,Coahuila de Zaragoza,2,33,35
2024-01-11,Colima,1,28,29
2024-01-11,Durango,3,40,43
2024-01-11,Guerrero,2,21,23
2024-01-11,Michoacán de Ocampo,2,43,45
2024-01-11,México,1,54,55
2024-01-11,Nuevo León,1,186,187
2024-01-11,Querétaro,2,20,22
2024-01-11,San Luis Potosí,1,16,17
2024-01-11,Sinaloa,4,13,17
2024-01-11,Sonora,1,57,58
2024-01-11,Tabasco,1,3,4
2024-01-11,Tamaulipas,1,39,40
2024-01-11,Tlaxcala,2,8,10
2024-01-11,Veracruz de Ignacio de la Llave,2,21,23
2024-01-11,Yucatán,3,20,23
2024-01-11,Zacatecas,2,4,6
2024-01-12,Aguascalientes,2,12,14
2024-01-12,Baja California,1,40,41
2024-01-12,Baja California Sur,2,17,19
2024-01-12,Campeche,1,21,22
2024-01-12,Chiapas,2,10,12
2024-01-12,Chihuahua,1,84,85
2024-01-12,Coahuila de Zaragoza,1,35,36
2024-01-12,Colima,2,27,29
2024-01-12,Durango,2,27,29
2024-01-12,Guanajuato,1,59,60
2024-01-12,Guerrero,2,23,25
2024-01-12,Hidalgo,1,15,16
2024-01-12,Michoacán de Ocampo,2,42,44
2024-01-12,Morelos,1,33,34
2024-01-12,México,3,53,56
2024-01-12,Nayarit,2,11,13
2024-01-12,Nuevo León,1,265,266
2024-01-12,Puebla,1,39,40
2024-01-12,Querétaro,3,25,28
2024-01-12,Quintana Roo,2,22,24
2024-01-12,San Luis Potosí,4,21,25
2024-01-12,Sinaloa,1,15,16
2024-01-12,Tabasco,1,3,4
2024-01-12,Tlaxcala,3,7,10
2024-01-12,Veracruz de Ignacio de la Llave,3,29,32
2024-01-12,Yucatán,2,18,20
2024-01-12,Zacatecas,2,5,7
2024-01-13,Baja California,2,37,39
2024-01-13,Campeche,1,15,16
2024-01-13,Chiapas,3,14,17
2024-01-13,Chihuahua,1,72,73
2024-01-13,Coahuila de Zaragoza,2,30,32
2024-01-13,Colima,1,20,21
2024-01-13,Guanajuato,3,69,72
2024-01-13,Guerrero,1,23,24
2024-01-13,Hidalgo,1,14,15
2024-01-13,Jalisco,1,52,53
2024-01-13,Michoacán de Ocampo,1,44,45
2024-01-13,México,1,66,67
2024-01-13,Nuevo León,2,178,180
2024-01-13,Puebla,4,51,55
2024-01-13,Querétaro,2,33,35
2024-01-13,Quintana Roo,1,20,21
2024-01-13,San Luis Potosí,1,20,21
2024-01-13,Sonora,1,72,73
2024-01-13,Tabasco,2,7,9
2024-01-13,Tamaulipas,3,42,45
2024-01-13,Veracruz de Ignacio de la Llave,3,18,21
2024-01-13,Yucatán,1,15,16
2024-01-13,Zacatecas,2,5,7
2024-01-14,Baja California,1,33,34
2024-01-14,Baja California Sur,2,25,27
2024-01-14,Campeche,1,9,10
2024-01-14,Chiapas,2,12,14
2024-01-14,Chihuahua,1,69,70
2024-01-14,Coahuila de Zaragoza,1,26,27
2024-01-14,Colima,5,25,30
2024-01-14,Durango,3,25,28
2024-01-14,Guanajuato,1,63,64
2024-01-14,Guerrero,1,20,21
2024-01-14,Jalisco,3,46,49
2024-01-14,Michoacán de Ocampo,4,46,50
2024-01-14,Morelos,1,31,32
2024-01-14,México,1,46,47
2024-01-14,Oaxaca,2,14,16
2024-01-14,Querétaro,1,26,27
2024-01-14,Quintana Roo,2,18,20
2024-01-14,San Luis Potosí,1,24,25
2024-01-14,Sonora,2,68,70
2024-01-14,Tamaulipas,1,43,44
2024-01-14,Tlaxcala,3,2,5
2024-01-14,Yucatán,2,23,25
2024-01-14,Zacatecas,1,7,8
2024-01-15,Aguascalientes,3,11,14
2024-01-15,Baja California,3,39,42
2024-01-15,Baja California Sur,2,12,14
2024-01-15,Campeche,2,15,17
2024-01-15,Chiapas,4,7,11
2024-01-15,Chihuahua,2,69,71
2024-01-15,Colima,2,24,26
2024-01-15,Durango,2,37,39
2024-01-15,Guanajuato,1,50,51
2024-01-15,Guerrero,2,22,24
2024-01-15,Jalisco,2,53,55
2024-01-15,Michoacán de Ocampo,1,60,61
2024-01-15,Morelos,2,25,27
2024-01-15,Nayarit,1,14,15
2024-01-15,Nuevo León,2,189,191
2024-01-15,Puebla,3,37,40
2024-01-15,Querétaro,3,16,19
2024-01-15,Quintana Roo,1,26,27
2024-01-15,San Luis Potosí,1,16,17
2024-01-15,Sinaloa,2,9,11
2024-01-15,Sonora,1,78,79
2024-01-15,Tabasco,1,6,7
2024-01-15,Tamaulipas,1,31,32
2024-01-15,Tlaxcala,2,3,5
2024-01-15,Yucatán,1,19,20
2024-01-15,Zacatecas,1,4,5
2024-01-16,Aguascalientes,3,6,9
2024-01-16,Baja California,1,32,33
2024-01-16,Baja California Sur,2,17,19
2024-01-16,Campeche,1,18,19
2024-01-16,Chihuahua,3,65,68
2024-01-16,Coahuila de Zaragoza,3,24,27
2024-01-16,Colima,3,26,29
2024-01-16,Durango,2,29,31
2024-01-16,Guanajuato,1,43,44
2024-01-16,Guerrero,1,19,20
2024-01-16,Hidalgo,2,17,19
2024-01-16,Jalisco,2,55,57
2024-01-16,México,1,49,50
2024-01-16,Nayarit,4,8,12
2024-01-16,Nuevo León,2,171,173
2024-01-16,Oaxaca,1,12,13
2024-01-16,Puebla,1,46,47
2024-01-16,Querétaro,1,16,17
2024-01-16,Quintana Roo,2,18,20
2024-01-16,San Luis Potosí,2,22,24
2024-01-16,Sinaloa,1,15,16
2024-01-16,Sonora,2,77,79
2024-01-16,Tabasco,1,5,6
2024-01-16,Tlaxcala,2,4,6
2024-01-16,Veracruz de Ignacio de la Llave,3,29,32
2024-01-16,Yucatán,1,22,23
2024-01-16,Zacatecas,1,4,5
2024-01-17,Aguascalientes,1,10,11
2024-01-17,Baja California Sur,1,19,20
2024-01-17,Campeche,3,10,13
2024-01-17,Chiapas,2,7,9
2024-01-17,Chihuahua,4,66,70
2024-01-17,Coahuila de Zaragoza,2,28,30
2024-01-17,Durango,1,31,32
2024-01-17,Guanajuato,1,50,51
2024-01-17,Guerrero,1,19,20
2024-01-17,Hidalgo,1,12,13
2024-01-17,Jalisco,2,35,37
2024-01-17,Michoacán de Ocampo,1,52,53
2024-01-17,México,1,53,54
2024-01-17,Nayarit,2,3,5
2024-01-17,Oaxaca,1,16,17
2024-01-17,Puebla,2,33,35
2024-01-17,Querétaro,1,22,23
2024-01-17,Sinaloa,3,17,20
2024-01-17,Sonora,1,74,75
2024-01-17,Tabasco,1,5,6
2024-01-17,Tamaulipas,1,29,30
2024-01-17,Tlaxcala,2,6,8
2024-01-17,Veracruz de Ignacio de la Llave,1,21,22
2024-01-17,Yucatán,2,21,23
2024-01-17,Zacatecas,1,5,6
2024-01-18,Aguascalientes,3,11,14
2024-01-18,Baja California,3,31,34
2024-01-18,Baja California Sur,2,27,29
2024-01-18,Campeche,1,14,15
2024-01-18,Chiapas,3,17,20
2024-01-18,Chihuahua,3,69,72
2024-01-18,Colima,1,19,20
2024-01-18,Durango,2,22,24
2024-01-18,Guanajuato,2,45,47
2024-01-18,Guerrero,1,19,20
2024-01-18,Jalisco,3,27,30
2024-01-18,Michoacán de Ocampo,2,37,39
2024-01-18,Morelos,3,29,32
2024-01-18,México,2,66,68
2024-01-18,Nayarit,1,3,4
2024-01-18,Nuevo León,1,212,213
2024-01-18,Oaxaca,2,12,14
2024-01-18,San Luis Potosí,2,23,25
2024-01-18,Sinaloa,2,20,22
2024-01-18,Sonora,4,86,90
2024-01-18,Tabasco,2,3,5
2024-01-18,Tamaulipas,3,42,45
2024-01-18,Tlaxcala,1,6,7
2024-01-18,Veracruz de Ignacio de la Llave,2,32,34
2024-01-18,Zacatecas,5,7,12
2024-01-19,Campeche,2,7,9
2024-01-19,Chiapas,2,8,10
2024-01-19,Colima,1,20,21
2024-01-19,Durango,2,46,48
2024-01-19,Guanajuato,1,42,43
2024-01-19,Hidalgo,1,15,16
2024-01-19,Jalisco,4,47,51
2024-01-19,Michoacán de Ocampo,1,37,38
2024-01-19,Morelos,1,19,20
2024-01-19,México,1,58,59
2024-01-19,Nayarit,1,15,16
2024-01-19,Nuevo León,1,235,236
2024-01-19,Oaxaca,3,7,10
2024-01-19,Puebla,2,30,32
2024-01-19,Querétaro,4,23,27
2024-01-19,Quintana Roo,1,20,21
2024-01-19,San Luis Potosí,3,21,24
2024-01-19,Sinaloa,1,17,18
2024-01-19,Sonora,1,83,84
2024-01-19,Tabasco,2,7,9
2024-01-19,Veracruz de Ignacio de la Llave,1,33,34
2024-01-19,Yucatán,2,16,18
2024-01-19,Zacatecas,1,16,17
2024-01-20,Baja California,3,22,25
2024-01-20,Baja California Sur,1,11,12
2024-01-20,Campeche,2,16,18
2024-01-20,Chiapas,1,13,14
2024-01-20,Chihuahua,4,84,88
2024-01-20,Coahuila de Zaragoza,6,31,37
2024-01-20,Colima,2,25,27
2024-01-20,Durango,1,36,37
2024-01-20,Hidalgo,2,9,11
2024-01-20,Jalisco,2,55,57
2024-01-20,Michoacán de Ocampo,1,54,55
2024-01-20,Morelos,2,26,28
2024-01-20,Nayarit,1,6,7
2024-01-20,Nuevo León,4,167,171
2024-01-20,Oaxaca,3,19,22
2024-01-20,Puebla,1,42,43
2024-01-20,Querétaro,1,29,30
2024-01-20,Quintana Roo,1,23,24
2024-01-20,San Luis Potosí,5,25,30
2024-01-20,Sinaloa,1,31,32
2024-01-20,Sonora,1,66,67
2024-01-20,Tabasco,4,9,13
2024-01-20,Tamaulipas,3,40,43
2024-01-20,Tlaxcala,3,9,12
2024-01-20,Yucatán,2,23,25
2024-01-20,Zacatecas,3,11,14
2024-01-21,Aguascalientes,1,19,20
2024-01-21,Baja California,1,23,24
2024-01-21,Campeche,2,15,17
2024-01-21,Chiapas,1,9,10
2024-01-21,Chihuahua,2,66,68
2024-01-21,Coahuila de Zaragoza,2,27,29
2024-01-21,Colima,1,13,14
2024-01-21,Guanajuato,3,57,60
2024-01-21,Guerrero,3,26,29
2024-01-21,Hidalgo,1,10,11
2024-01-21,Michoacán de Ocampo,1,47,48
2024-01-21,México,3,58,61
2024-01-21,Nayarit,2,11,13
2024-01-21,Nuevo León,2,155,157
2024-01-21,Oaxaca,1,12,13
2024-01-21,Puebla,1,29,30
2024-01-21,Querétaro,1,19,20
2024-01-21,Quintana Roo,3,14,17
2024-01-21,San Luis Potosí,3,18,21
2024-01-21,Sinaloa,1,19,20
2024-01-21,Sonora,1,73,74
2024-01-21,Tamaulipas,1,34,35
2024-01-21,Tlaxcala,1,3,4
2024-01-21,Veracruz de Ignacio de la Llave,1,25,26
2024-01-22,Aguascalientes,1,15,16
2024-01-22,Baja California Sur,3,21,24
2024-01-22,Chiapas,5,13,18
2024-01-22,Chihuahua,1,70,71
2024-01-22,Coahuila de Zaragoza,2,32,34
2024-01-22,Colima,1,16,17
2024-01-22,Durango,2,32,34
2024-01-22,Hidalgo,1,11,12
2024-01-22,Jalisco,4,53,57
2024-01-22,Michoacán de Ocampo,2,44,46
2024-01-22,México,1,43,44
2024-01-22,Nayarit,1,4,5
2024-01-22,Nuevo León,1,211,212
2024-01-22,Oaxaca,2,14,16
2024-01-22,Puebla,1,44,45
2024-01-22,Querétaro,2,33,35
2024-01-22,Quintana Roo,1,24,25
2024-01-22,Sinaloa,2,17,19
2024-01-22,Sonora,2,60,62
2024-01-22,Tabasco,2,4,6
2024-01-22,Tamaulipas,2,44,46
2024-01-22,Tlaxcala,2,6,8
2024-01-22,Veracruz de Ignacio de la Llave,1,26,27
2024-01-22,Yucatán,2,24,26
2024-01-22,Zacatecas,3,7,10
2024-01-23,Baja California,2,25,27
2024-01-23,Baja California Sur,1,13,14
2024-01-23,Chiapas,2,6,8
2024-01-23,Coahuila de Zaragoza,2,23,25
2024-01-23,Durango,1,27,28
2024-01-23,Guerrero,3,29,32
2024-01-23,Hidalgo,3,13,16
2024-01-23,Michoacán de Ocampo,1,42,43
2024-01-23,Morelos,2,27,29
2024-01-23,Nuevo León,2,195,197
2024-01-23,Quintana Roo,1,20,21
2024-01-23,Sinaloa,1,9,10
2024-01-23,Sonora,1,65,66
2024-01-23,Tamaulipas,3,45,48
2024-01-23,Tlaxcala,3,2,5
2024-01-23,Veracruz de Ignacio de la Llave,1,22,23
2024-01-23,Zacatecas,1,2,3
2024-01-24,Aguascalientes,1,9,10
2024-01-24,Baja California,3,27,30
2024-01-24,Campeche,2,15,17
2024-01-24,Chiapas,2,12,14
2024-01-24,Coahuila de Zaragoza,2,24,26
2024-01-24,Colima,1,13,14
2024-01-24,Durango,3,31,34
2024-01-24,Guanajuato,2,36,38
2024-01-24,Hidalgo,3,18,21
2024-01-24,Jalisco,2,56,58
2024-01-24,Morelos,1,16,17
2024-01-24,México,4,50,54
2024-01-24,Nayarit,3,6,9
2024-01-24,Nuevo León,3,180,183
2024-01-24,Oaxaca,2,20,22
2024-01-24,Querétaro,1,17,18
2024-01-24,Sinaloa,1,11,12
2024-01-24,Sonora,2,68,70
2024-01-24,Tamaulipas,3,34,37
2024-01-24,Tlaxcala,2,8,10
2024-01-24,Zacatecas,2,4,6
2024-01-25,Aguascalientes,3,9,12
2024-01-25,Baja California,2,24,26
2024-01-25,Baja California Sur,3,13,16
2024-01-25,Campeche,1,15,16
2024-01-25,Guerrero,1,18,19
2024-01-25,Hidalgo,1,16,17
2024-01-25,Jalisco,3,55,58
2024-01-25,Michoacán de Ocampo,4,44,48
2024-01-25,México,1,50,51
2024-01-25,Nayarit,1,7,8
2024-01-25,Nuevo León,4,224,228
2024-01-25,Oaxaca,2,10,12
2024-01-25,Puebla,1,32,33
2024-01-25,Quintana Roo,1,15,16
2024-01-25,San Luis Potosí,2,22,24
2024-01-25,Tabasco,4,8,12
2024-01-25,Tlaxcala,1,5,6
2024-01-25,Veracruz de Ignacio de la Llave,2,17,19
2024-01-25,Yucatán,1,17,18
2024-01-26,Aguascalientes,1,15,16
2024-01-26,Baja California,1,38,39
2024-01-26,Baja California Sur,1,9,10
2024-01-26,Chihuahua,3,85,88
2024-01-26,Colima,2,15,17
2024-01-26,Durango,1,31,32
2024-01-26,Guanajuato,1,48,49
2024-01-26,Guerrero,2,15,17
2024-01-26,Hidalgo,1,20,21
2024-01-26,Jalisco,1,45,46
2024-01-26,Morelos,2,37,39
2024-01-26,México,2,42,44
2024-01-26,Nayarit,2,6,8
2024-01-26,Nuevo León,3,260,263
2024-01-26,Oaxaca,1,13,14
2024-01-26,Puebla,3,38,41
2024-01-26,Querétaro,3,14,17
2024-01-26,Quintana Roo,1,14,15
2024-01-26,San Luis Potosí,1,18,19
2024-01-26,Tabasco,3,7,10
2024-01-26,Tamaulipas,1,30,31
2024-01-26,Veracruz de Ignacio de la Llave,1,20,21
2024-01-26,Yucatán,1,20,21
2024-01-26,Zacatecas,3,14,17
2024-01-27,Aguascalientes,5,15,20
2024-01-27,Baja California Sur,2,11,13
2024-01-27,Chiapas,3,15,18
2024-01-27,Chihuahua,1,71,72
2024-01-27,Coahuila de Zaragoza,1,33,34
2024-01-27,Colima,2,28,30
2024-01-27,Durango,1,44,45
2024-01-27,Guanajuato,3,58,61
2024-01-27,Guerrero,3,30,33
2024-01-27,Hidalgo,2,16,18
2024-01-27,Jalisco,2,45,47
2024-01-27,Michoacán de Ocampo,4,43,47
2024-01-27,Morelos,1,23,24
2024-01-27,México,1,83,84
2024-01-27,Nuevo León,2,212,214
2024-01-27,Puebla,2,31,33
2024-01-27,Querétaro,2,20,22
2024-01-27,Sinaloa,1,20,21
2024-01-27,Sonora,1,71,72
2024-01-27,Tabasco,1,11,12
2024-01-27,Tamaulipas,2,33,35
2024-01-27,Tlaxcala,1,5,6
2024-01-27,Veracruz de Ignacio de la Llave,2,21,23
2024-01-27,Yucatán,2,35,37
2024-01-28,Baja California,1,36,37
2024-01-28,Baja California Sur,1,16,17
2024-01-28,Campeche,1,6,7
2024-01-28,Chiapas,3,108,111
2024-01-28,Chihuahua,2,104,106
2024-01-28,Coahuila de Zaragoza,1,40,41
2024-01-28,Colima,2,20,22
2024-01-28,Durango,1,25,26
2024-01-28,Guanajuato,2,59,61
2024-01-28,Guerrero,2,53,55
2024-01-28,Jalisco,1,135,136
2024-01-28,Michoacán de Ocampo,2,76,78
2024-01-28,México,2,52,54
2024-01-28,Nayarit,1,13,14
2024-01-28,Nuevo León,3,168,171
2024-01-28,Oaxaca,1,516,517
2024-01-28,Querétaro,3,23,26
2024-01-28,San Luis Potosí,2,52,54
2024-01-28,Sinaloa,1,23,24
2024-01-28,Sonora,2,91,93
2024-01-28,Tabasco,2,11,13
2024-01-28,Tamaulipas,1,64,65
2024-01-28,Tlaxcala,1,39,40
2024-01-28,Yucatán,1,32,33
2024-01-28,Zacatecas,2,31,33
2024-01-29,Aguascalientes,1,8,9
2024-01-29,Baja California,1,41,42
2024-01-29,Campeche,4,11,15
2024-01-29,Chiapas,2,8,10
2024-01-29,Chihuahua,1,87,88
2024-01-29,Guerrero,1,16,17
2024-01-29,Hidalgo,2,10,12
2024-01-29,Jalisco,3,37,40
2024-01-29,Michoacán de Ocampo,2,50,52
2024-01-29,Morelos,1,17,18
2024-01-29,México,3,38,41
2024-01-29,Nayarit,2,4,6
2024-01-29,Nuevo León,1,221,222
2024-01-29,Oaxaca,5,15,20
2024-01-29,Puebla,2,44,46
2024-01-29,Quintana Roo,1,8,9
2024-01-29,Sinaloa,3,20,23
2024-01-29,Sonora,1,74,75
2024-01-29,Tabasco,5,8,13
2024-01-29,Tamaulipas,1,43,44
2024-01-29,Tlaxcala,2,6,8
2024-01-29,Yucatán,4,20,24
2024-01-29,Zacatecas,1,8,9
2024-01-30,Aguascalientes,1,10,11
2024-01-30,Baja California,2,23,25
2024-01-30,Baja California Sur,1,9,10
2024-01-30,Chiapas,1,8,9
2024-01-30,Chihuahua,1,65,66
2024-01-30,Durango,1,29,30
2024-01-30,Guanajuato,1,41,42
2024-01-30,Guerrero,4,14,18
2024-01-30,Hidalgo,2,13,15
2024-01-30,Jalisco,3,32,35
2024-01-30,Morelos,1,21,22
2024-01-30,México,1,42,43
2024-01-30,Nayarit,1,6,7
2024-01-30,Nuevo León,3,222,225
2024-01-30,Oaxaca,1,12,13
2024-01-30,Puebla,4,33,37
2024-01-30,Quintana Roo,2,18,20
2024-01-30,Sinaloa,2,13,15
2024-01-30,Sonora,1,54,55
2024-01-30,Tabasco,2,4,6
2024-01-30,Veracruz de Ignacio de la Llave,3,33,36
2024-01-30,Zacatecas,1,4,5
2024-01-31,Baja California,2,30,32
2024-01-31,Baja California Sur,1,13,14
2024-01-31,Campeche,3,8,11
2024-01-31,Chihuahua,1,62,63
2024-01-31,Colima,2,10,12
2024-01-31,Durango,2,31,33
2024-01-31,Guanajuato,1,41,42
2024-01-31,Guerrero,1,15,16
2024-01-31,Jalisco,2,38,40
2024-01-31,México,2,55,57
2024-01-31,Nayarit,2,6,8
2024-01-31,Oaxaca,1,9,10
2024-01-31,Puebla,5,21,26
2024-01-31,Querétaro,2,12,14
2024-01-31,Quintana Roo,2,18,20
2024-01-31,San Luis Potosí,1,9,10
2024-01-31,Sinaloa,1,16,17
2024-01-31,Sonora,2,83,85
2024-01-31,Tabasco,1,6,7
2024-01-31,Tamaulipas,1,41,42
2024-01-31,Tlaxcala,1,5,6
2024-01-31,Zacatecas,2,11,13
2024-02-01,Aguascalientes,1,10,11
2024-02-01,Baja California,2,22,24
2024-02-01,Baja California Sur,2,16,18
2024-02-01,Campeche,4,10,14
2024-02-01,Chiapas,1,8,9
2024-02-01,Chihuahua,2,77,79
2024-02-01,Colima,4,14,18
2024-02-01,Durango,1,26,27
2024-02-01,Guanajuato,3,45,48
2024-02-01,Guerrero,2,26,28
2024-02-01,Hidalgo,3,10,13
2024-02-01,Michoacán de Ocampo,3,38,41
2024-02-01,Nuevo León,4,227,231
2024-02-01,Oaxaca,2,11,13
2024-02-01,Puebla,2,31,33
2024-02-01,Quintana Roo,1,22,23
2024-02-01,San Luis Potosí,2,34,36
2024-02-01,Sinaloa,1,19,20
2024-02-01,Sonora,2,77,79
2024-02-01,Tamaulipas,1,35,36
2024-02-01,Tlaxcala,1,1,2
2024-02-01,Veracruz de Ignacio de la Llave,1,36,37
2024-02-01,Yucatán,1,19,20
2024-02-01,Zacatecas,1,9,10
2024-02-02,Aguascalientes,1,12,13
2024-02-02,Baja California Sur,2,23,25
2024-02-02,Campeche,2,20,22
2024-02-02,Chihuahua,3,77,80
2024-02-02,Coahuila de Zaragoza,4,31,35
2024-02-02,Colima,2,21,23
2024-02-02,Durango,2,28,30
2024-02-02,Guerrero,1,18,19
2024-02-02,Hidalgo,3,25,28
2024-02-02,Jalisco,2,43,45
2024-02-02,Morelos,3,32,35
2024-02-02,Nayarit,1,8,9
2024-02-02,Nuevo León,3,243,246
2024-02-02,Oaxaca,1,16,17
2024-02-02,Puebla,3,44,47
2024-02-02,Querétaro,1,25,26
2024-02-02,San Luis Potosí,1,19,20
2024-02-02,Sonora,2,66,68
2024-02-02,Tabasco,2,10,12
2024-02-02,Tamaulipas,2,41,43
2024-02-02,Tlaxcala,1,10,11
2024-02-03,Aguascalientes,1,14,15
2024-02-03,Baja California,6,23,29
2024-02-03,Baja California Sur,2,24,26
2024-02-03,Campeche,2,14,16
2024-02-03,Coahuila de Zaragoza,1,40,41
2024-02-03,Colima,1,19,20
2024-02-03,Durango,2,31,33
2024-02-03,Guanajuato,1,61,62
2024-02-03,Hidalgo,1,28,29
2024-02-03,Jalisco,2,55,57
2024-02-03,Michoacán de Ocampo,1,50,51
2024-02-03,Morelos,3,32,35
2024-02-03,México,1,56,57
2024-02-03,Nayarit,3,10,13
2024-02-03,Nuevo León,3,180,183
2024-02-03,Puebla,2,39,41
2024-02-03,Querétaro,1,26,27
2024-02-03,Quintana Roo,3,23,26
2024-02-03,San Luis Potosí,3,29,32
2024-02-03,Sonora,1,69,70
2024-02-03,Tlaxcala,1,6,7
2024-02-03,Veracruz de Ignacio de la Llave,1,29,30
2024-02-03,Yucatán,1,22,23
2024-02-03,Zacatecas,1,12,13
2024-02-04,Aguascalientes,2,17,19
2024-02-04,Baja California,3,40,43
2024-02-04,Baja California Sur,1,14,15
2024-02-04,Campeche,3,11,14
2024-02-04,Chiapas,1,9,10
2024-02-04,Chihuahua,1,71,72
2024-02-04,Coahuila de Zaragoza,1,44,45
2024-02-04,Durango,4,42,46
2024-02-04,Guanajuato,2,62,64
2024-02-04,Guerrero,1,16,17
2024-02-04,Hidalgo,2,10,12
2024-02-04,Jalisco,1,46,47
2024-02-04,Morelos,2,24,26
2024-02-04,Nayarit,3,8,11
2024-02-04,Oaxaca,1,15,16
2024-02-04,Puebla,1,29,30
2024-02-04,Querétaro,1,29,30
2024-02-04,San Luis Potosí,6,22,28
2024-02-04,Sinaloa,2,21,23
2024-02-04,Sonora,2,67,69
2024-02-04,Tabasco,1,10,11
2024-02-04,Tlaxcala,1,9,10
2024-02-04,Yucatán,1,21,22
2024-02-04,Zacatecas,1,12,13
2024-02-05,Aguascalientes,5,15,20
2024-02-05,Baja California,2,24,26
2024-02-05,Baja California Sur,1,11,12
2024-02-05,Campeche,1,11,12
2024-02-05,Chihuahua,1,38,39
2024-02-05,Coahuila de Zaragoza,1,32,33
2024-02-05,Durango,1,20,21
2024-02-05,Guanajuato,2,58,60
2024-02-05,Guerrero,1,24,25
2024-02-05,Hidalgo,2,9,11
2024-02-05,Jalisco,1,32,33
2024-02-05,Michoacán de Ocampo,3,52,55
2024-02-05,Morelos,2,16,18
2024-02-05,México,3,32,35
2024-02-05,Nayarit,2,5,7
2024-02-05,Oaxaca,2,13,15
2024-02-05,Puebla,1,27,28
2024-02-05,Querétaro,1,17,18
2024-02-05,Quintana Roo,7,13,20
2024-02-05,Sinaloa,4,14,18
2024-02-05,Sonora,6,40,46
2024-02-05,Tabasco,1,6,7
2024-02-05,Tamaulipas,5,39,44
2024-02-05,Tlaxcala,3,3,6
2024-02-05,Veracruz de Ignacio de la Llave,1,23,24
2024-02-05,Yucatán,2,21,23
2024-02-05,Zacatecas,1,10,11
2024-02-06,Aguascalientes,1,8,9
2024-02-06,Baja California,1,29,30
2024-02-06,Baja California Sur,1,15,16
2024-02-06,Chiapas,2,10,12
2024-02-06,Chihuahua,1,67,68
2024-02-06,Coahuila de Zaragoza,2,36,38
2024-02-06,Colima,3,18,21
2024-02-06,Guanajuato,1,65,66
2024-02-06,Guerrero,1,12,13
2024-02-06,Hidalgo,2,16,18
2024-02-06,Jalisco,3,52,55
2024-02-06,Michoacán de Ocampo,4,58,62
2024-02-06,Morelos,1,28,29
2024-02-06,México,2,58,60
2024-02-06,Nayarit,5,6,11
2024-02-06,Oaxaca,1,16,17
2024-02-06,Querétaro,3,24,27
2024-02-06,Quintana Roo,2,21,23
2024-02-06,San Luis Potosí,2,18,20
2024-02-06,Sinaloa,1,9,10
2024-02-06,Sonora,2,69,71
2024-02-06,Tabasco,1,5,6
2024-02-06,Tamaulipas,3,36,39
2024-02-06,Tlaxcala,1,3,4
2024-02-06,Zacatecas,1,7,8
2024-02-07,Aguascalientes,3,5,8
2024-02-07,Baja California,2,20,22
2024-02-07,Campeche,1,10,11
2024-02-07,Chiapas,1,7,8
2024-02-07,Coahuila de Zaragoza,1,29,30
2024-02-07,Colima,1,14,15
2024-02-07,Durango,1,29,30
2024-02-07,Guanajuato,1,55,56
2024-02-07,Guerrero,2,16,18
2024-02-07,Hidalgo,2,17,19
2024-02-07,Jalisco,2,39,41
2024-02-07,Michoacán de Ocampo,1,46,47
2024-02-07,Morelos,1,34,35
2024-02-07,México,1,51,52
2024-02-07,Nayarit,1,6,7
2024-02-07,Nuevo León,1,193,194
2024-02-07,Querétaro,1,28,29
2024-02-07,Quintana Roo,2,21,23
2024-02-07,San Luis Potosí,1,24,25
2024-02-07,Sinaloa,1,17,18
2024-02-07,Sonora,2,52,54
2024-02-07,Tabasco,1,6,7
2024-02-07,Tamaulipas,2,31,33
2024-02-07,Tlaxcala,3,4,7
2024-02-07,Veracruz de Ignacio de la Llave,1,25,26
2024-02-07,Zacatecas,2,6,8
2024-02-08,Aguascalientes,2,8,10
2024-02-08,Baja California,2,31,33
2024-02-08,Baja California Sur,1,17,18
2024-02-08,Chiapas,1,9,10
2024-02-08,Chihuahua,1,65,66
2024-02-08,Coahuila de Zaragoza,2,24,26
2024-02-08,Colima,3,19,22
2024-02-08,Durango,1,35,36
2024-02-08,Guanajuato,1,48,49
2024-02-08,Guerrero,2,21,23
2024-02-08,Hidalgo,1,14,15
2024-02-08,Jalisco,3,42,45
2024-02-08,Morelos,3,24,27
2024-02-08,México,2,49,51
2024-02-08,Nayarit,1,8,9
2024-02-08,Puebla,2,28,30
2024-02-08,Querétaro,2,22,24
2024-02-08,San Luis Potosí,2,21,23
2024-02-08,Sinaloa,1,4,5
2024-02-08,Sonora,2,80,82
2024-02-08,Tabasco,2,6,8
2024-02-08,Tamaulipas,1,21,22
2024-02-08,Tlaxcala,1,5,6
2024-02-08,Veracruz de Ignacio de la Llave,2,23,25
2024-02-08,Yucatán,1,28,29
2024-02-09,Baja California,1,34,35
2024-02-09,Baja California Sur,1,15,16
2024-02-09,Campeche,3,14,17
2024-02-09,Chiapas,1,9,10
2024-02-09,Chihuahua,1,61,62
2024-02-09,Colima,1,14,15
2024-02-09,Durango,2,38,40
2024-02-09,Guanajuato,1,58,59
2024-02-09,Hidalgo,1,14,15
2024-02-09,Jalisco,1,42,43
2024-02-09,Michoacán de Ocampo,1,51,52
2024-02-09,Morelos,1,15,16
2024-02-09,México,2,52,54
2024-02-09,Nayarit,2,9,11
2024-02-09,Nuevo León,2,224,226
2024-02-09,Oaxaca,1,15,16
2024-02-09,Querétaro,1,24,25
2024-02-09,Quintana Roo,1,22,23
2024-02-09,San Luis Potosí,2,24,26
2024-02-09,Tabasco,3,5,8
2024-02-09,Tamaulipas,1,42,43
2024-02-09,Veracruz de Ignacio de la Llave,1,27,28
2024-02-09,Yucatán,1,31,32
2024-02-09,Zacatecas,1,9,10
2024-02-10,Aguascalientes,2,23,25
2024-02-10,Baja California,2,33,35
2024-02-10,Baja California Sur,3,22,25
2024-02-10,Campeche,1,10,11
2024-02-10,Chihuahua,3,71,74
2024-02-10,Colima,1,25,26
2024-02-10,Guanajuato,3,67,70
2024-02-10,Guerrero,3,27,30
2024-02-10,Hidalgo,2,20,22
2024-02-10,Jalisco,2,52,54
2024-02-10,Morelos,2,23,25
2024-02-10,Nuevo León,3,187,190
2024-02-10,Oaxaca,3,21,24
2024-02-10,Puebla,1,42,43
2024-02-10,Querétaro,3,23,26
2024-02-10,Quintana Roo,1,22,23
2024-02-10,San Luis Potosí,1,22,23
2024-02-10,Sinaloa,1,26,27
2024-02-10,Sonora,3,61,64
2024-02-10,Tabasco,1,4,5
2024-02-10,Tamaulipas,2,46,48
2024-02-10,Tlaxcala,1,8,9
2024-02-10,Veracruz de Ignacio de la Llave,1,13,14
2024-02-10,Yucatán,1,37,38
2024-02-11,Aguascalientes,2,11,13
2024-02-11,Baja California Sur,2,17,19
2024-02-11,Campeche,3,11,14
2024-02-11,Chiapas,1,6,7
2024-02-11,Chihuahua,4,63,67
2024-02-11,Coahuila de Zaragoza,1,41,42
2024-02-11,Colima,2,30,32
2024-02-11,Durango,1,34,35
2024-02-11,Guanajuato,2,61,63
2024-02-11,Hidalgo,1,11,12
2024-02-11,Jalisco,1,54,55
2024-02-11,Michoacán de Ocampo,2,48,50
2024-02-11,Morelos,3,33,36
2024-02-11,México,2,45,47
2024-02-11,Nayarit,3,10,13
2024-02-11,Oaxaca,2,19,21
2024-02-11,Puebla,3,33,36
2024-02-11,Quintana Roo,1,26,27
2024-02-11,San Luis Potosí,2,18,20
2024-02-11,Sonora,2,58,60
2024-02-11,Tabasco,2,4,6
2024-02-11,Tamaulipas,1,36,37
2024-02-11,Tlaxcala,3,5,8
2024-02-11,Veracruz de Ignacio de la Llave,2,16,18
2024-02-12,Aguascalientes,1,15,16
2024-02-12,Baja California,4,29,33
2024-02-12,Baja California Sur,3,13,16
2024-02-12,Campeche,2,13,15
2024-02-12,Coahuila de Zaragoza,2,34,36
2024-02-12,Colima,1,15,16
2024-02-12,Durango,2,43,45
2024-02-12,Guanajuato,1,53,54
2024-02-12,Jalisco,2,40,42
2024-02-12,Michoacán de Ocampo,1,47,48
2024-02-12,Morelos,1,25,26
2024-02-12,México,2,63,65
2024-02-12,Nuevo León,1,237,238
2024-02-12,Puebla,1,39,40
2024-02-12,Querétaro,1,27,28
2024-02-12,Quintana Roo,2,12,14
2024-02-12,San Luis Potosí,1,16,17
2024-02-12,Sinaloa,1,17,18
2024-02-12,Sonora,5,70,75
2024-02-12,Tabasco,1,6,7
2024-02-12,Tamaulipas,3,35,38
2024-02-12,Veracruz de Ignacio de la Llave,4,36,40
2024-02-12,Zacatecas,1,4,5
2024-02-13,Baja California,1,47,48
2024-02-13,Campeche,3,12,15
2024-02-13,Chiapas,3,11,14
2024-02-13,Chihuahua,1,71,72
2024-02-13,Coahuila de Zaragoza,2,34,36
2024-02-13,Colima,3,11,14
2024-02-13,Guanajuato,2,51,53
2024-02-13,Guerrero,2,20,22
2024-02-13,Hidalgo,1,16,17
2024-02-13,Jalisco,2,45,47
2024-02-13,Michoacán de Ocampo,2,30,32
2024-02-13,Morelos,1,20,21
2024-02-13,Querétaro,2,27,29
2024-02-13,Quintana Roo,1,17,18
2024-02-13,San Luis Potosí,3,23,26
2024-02-13,Sinaloa,1,12,13
2024-02-13,Sonora,1,59,60
2024-02-13,Tabasco,5,5,10
2024-02-13,Tlaxcala,4,3,7
2024-02-13,Veracruz de Ignacio de la Llave,1,25,26
2024-02-13,Yucatán,1,17,18
2024-02-13,Zacatecas,1,8,9
2024-02-14,Aguascalientes,1,18,19
2024-02-14,Baja California,4,26,30
2024-02-14,Chiapas,2,9,11
2024-02-14,Chihuahua,3,63,66
2024-02-14,Coahuila de Zaragoza,2,40,42
2024-02-14,Colima,2,19,21
2024-02-14,Durango,4,35,39
2024-02-14,Guerrero,1,27,28
2024-02-14,Jalisco,2,49,51
2024-02-14,Michoacán de Ocampo,3,45,48
2024-02-14,México,1,68,69
2024-02-14,Nayarit,1,10,11
2024-02-14,Nuevo León,1,240,241
2024-02-14,Oaxaca,1,16,17
2024-02-14,Puebla,2,47,49
2024-02-14,Querétaro,1,25,26
2024-02-14,Quintana Roo,4,16,20
2024-02-14,San Luis Potosí,1,22,23
2024-02-14,Tabasco,1,8,9
2024-02-14,Tamaulipas,3,40,43
2024-02-14,Tlaxcala,3,5,8
2024-02-14,Veracruz de Ignacio de la Llave,1,31,32
2024-02-14,Yucatán,1,25,26
2024-02-14,Zacatecas,2,5,7
2024-02-15,Aguascalientes,1,11,12
2024-02-15,Chihuahua,3,51,54
2024-02-15,Coahuila de Zaragoza,2,44,46
2024-02-15,Durango,2,34,36
2024-02-15,Guanajuato,1,39,40
2024-02-15,Hidalgo,3,19,22
2024-02-15,Michoacán de Ocampo,3,43,46
2024-02-15,Morelos,2,25,27
2024-02-15,México,2,51,53
2024-02-15,Nayarit,3,7,10
2024-02-15,Nuevo León,1,268,269
2024-02-15,Oaxaca,1,18,19
2024-02-15,Querétaro,1,25,26
2024-02-15,San Luis Potosí,1,16,17
2024-02-15,Sinaloa,4,13,17
2024-02-15,Sonora,4,60,64
2024-02-15,Tamaulipas,1,35,36
2024-02-15,Veracruz de Ignacio de la Llave,1,28,29
2024-02-15,Yucatán,3,24,27
2024-02-15,Zacatecas,1,5,6
2024-02-16,Aguascalientes,2,8,10
2024-02-16,Baja California,2,42,44
2024-02-16,Chiapas,2,7,9
2024-02-16,Durango,3,35,38
2024-02-16,Guerrero,2,15,17
2024-02-16,Jalisco,1,50,51
2024-02-16,Morelos,1,23,24
2024-02-16,México,1,71,72
2024-02-16,Nayarit,1,5,6
2024-02-16,Nuevo León,1,261,262
2024-02-16,Oaxaca,1,13,14
2024-02-16,Querétaro,1,22,23
2024-02-16,Quintana Roo,1,13,14
2024-02-16,San Luis Potosí,1,25,26
2024-02-16,Sonora,4,95,99
2024-02-16,Tabasco,1,11,12
2024-02-16,Tamaulipas,2,52,54
2024-02-16,Tlaxcala,1,2,3
2024-02-16,Veracruz de Ignacio de la Llave,2,30,32
2024-02-16,Yucatán,1,31,32
2024-02-16,Zacatecas,2,4,6
2024-02-17,Aguascalientes,1,15,16
2024-02-17,Baja California Sur,3,25,28
2024-02-17,Campeche,2,8,10
2024-02-17,Chiapas,1,16,17
2024-02-17,Chihuahua,2,88,90
2024-02-17,Coahuila de Zaragoza,2,20,22
2024-02-17,Colima,4,22,26
2024-02-17,Durango,1,24,25
2024-02-17,Guanajuato,2,60,62
2024-02-17,Hidalgo,1,20,21
2024-02-17,Jalisco,1,53,54
2024-02-17,Michoacán de Ocampo,1,50,51
2024-02-17,Morelos,1,34,35
2024-02-17,México,1,87,88
2024-02-17,Nayarit,2,9,11
2024-02-17,Nuevo León,1,213,214
2024-02-17,Oaxaca,2,11,13
2024-02-17,Querétaro,1,37,38
2024-02-17,Quintana Roo,1,29,30
2024-02-17,San Luis Potosí,4,13,17
2024-02-17,Tabasco,1,10,11
2024-02-17,Tamaulipas,3,30,33
2024-02-17,Tlaxcala,1,10,11
2024-02-17,Yucatán,3,35,38
2024-02-18,Aguascalientes,1,24,25
2024-02-18,Baja California,2,35,37
2024-02-18,Chiapas,1,11,12
2024-02-18,Chihuahua,1,83,84
2024-02-18,Coahuila de Zaragoza,1,23,24
2024-02-18,Colima,2,17,19
2024-02-18,Durango,1,34,35
2024-02-18,Guanajuato,4,43,47
2024-02-18,Guerrero,3,17,20
2024-02-18,Jalisco,3,43,46
2024-02-18,Michoacán de Ocampo,1,47,48
2024-02-18,Morelos,3,19,22
2024-02-18,Nayarit,1,9,10
2024-02-18,Puebla,1,29,30
2024-02-18,Querétaro,2,30,32
2024-02-18,San Luis Potosí,2,24,26
2024-02-18,Sinaloa,3,21,24
2024-02-18,Sonora,1,65,66
2024-02-18,Tabasco,1,4,5
2024-02-18,Tamaulipas,1,24,25
2024-02-18,Tlaxcala,3,3,6
2024-02-18,Veracruz de Ignacio de la Llave,1,18,19
2024-02-18,Yucatán,1,23,24
2024-02-18,Zacatecas,4,6,10
2024-02-19,Aguascalientes,3,11,14
2024-02-19,Baja California,2,37,39
2024-02-19,Baja California Sur,2,18,20
2024-02-19,Campeche,2,16,18
2024-02-19,Chiapas,2,11,13
2024-02-19,Chihuahua,2,75,77
2024-02-19,Colima,1,22,23
2024-02-19,Guanajuato,3,40,43
2024-02-19,Guerrero,3,19,22
2024-02-19,Hidalgo,1,22,23
2024-02-19,Jalisco,4,46,50
2024-02-19,Michoacán de Ocampo,2,42,44
2024-02-19,Morelos,4,24,28
2024-02-19,México,3,53,56
2024-02-19,Nayarit,3,8,11
2024-02-19,Nuevo León,2,206,208
2024-02-19,Querétaro,2,25,27
2024-02-19,San Luis Potosí,1,22,23
2024-02-19,Sinaloa,1,22,23
2024-02-19,Sonora,3,74,77
2024-02-19,Tabasco,2,3,5
2024-02-19,Tamaulipas,1,38,39
2024-02-19,Tlaxcala,2,6,8
2024-02-19,Veracruz de Ignacio de la Llave,1,21,22
2024-02-19,Yucatán,2,19,21
2024-02-20,Aguascalientes,2,18,20
2024-02-20,Baja California,1,29,30
2024-02-20,Baja California Sur,2,17,19
2024-02-20,Campeche,4,15,19
2024-02-20,Chiapas,3,8,11
2024-02-20,Chihuahua,1,65,66
2024-02-20,Coahuila de Zaragoza,3,36,39
2024-02-20,Colima,5,20,25
2024-02-20,Guanajuato,2,51,53
2024-02-20,Guerrero,1,23,24
2024-02-20,Hidalgo,2,12,14
2024-02-20,Jalisco,3,49,52
2024-02-20,Michoacán de Ocampo,2,45,47
2024-02-20,México,2,63,65
2024-02-20,Nayarit,2,4,6
2024-02-20,Nuevo León,3,270,273
2024-02-20,Oaxaca,4,6,10
2024-02-20,Puebla,2,44,46
2024-02-20,Querétaro,3,20,23
2024-02-20,Quintana Roo,1,23,24
2024-02-20,San Luis Potosí,2,20,22
2024-02-20,Sinaloa,4,16,20
2024-02-20,Sonora,4,75,79
2024-02-20,Tamaulipas,2,36,38
2024-02-20,Tlaxcala,1,6,7
2024-02-20,Veracruz de Ignacio de la Llave,2,29,31
2024-02-20,Yucatán,2,21,23
2024-02-21,Baja California,1,41,42
2024-02-21,Campeche,1,4,5
2024-02-21,Chiapas,1,11,12
2024-02-21,Chihuahua,2,77,79
2024-02-21,Coahuila de Zaragoza,2,29,31
2024-02-21,Colima,1,19,20
2024-02-21,Durango,1,31,32
2024-02-21,Guanajuato,2,39,41
2024-02-21,Guerrero,3,15,18
2024-02-21,Hidalgo,2,8,10
2024-02-21,Morelos,2,20,22
2024-02-21,México,3,44,47
2024-02-21,Nayarit,5,2,7
2024-02-21,Nuevo León,2,209,211
2024-02-21,Oaxaca,2,23,25
2024-02-21,Puebla,2,36,38
2024-02-21,Quintana Roo,2,19,21
2024-02-21,San Luis Potosí,2,25,27
2024-02-21,Tabasco,5,7,12
2024-02-21,Tamaulipas,4,26,30
2024-02-21,Tlaxcala,2,3,5
2024-02-21,Veracruz de Ignacio de la Llave,1,23,24
2024-02-21,Yucatán,3,34,37
2024-02-22,Aguascalientes,2,9,11
2024-02-22,Baja California,1,33,34
2024-02-22,Baja California Sur,2,27,29
2024-02-22,Chihuahua,2,79,81
2024-02-22,Coahuila de Zaragoza,1,40,41
2024-02-22,Colima,2,20,22
2024-02-22,Durango,2,30,32
2024-02-22,Guanajuato,1,56,57
2024-02-22,Guerrero,4,15,19
2024-02-22,Hidalgo,2,14,16
2024-02-22,Jalisco,1,39,40
2024-02-22,Michoacán de Ocampo,2,47,49
2024-02-22,Morelos,2,14,16
2024-02-22,México,3,64,67
2024-02-22,Nayarit,3,5,8
2024-02-22,Nuevo León,5,257,262
2024-02-22,Oaxaca,1,18,19
2024-02-22,Puebla,3,39,42
2024-02-22,Quintana Roo,1,23,24
2024-02-22,San Luis Potosí,3,23,26
2024-02-22,Sinaloa,2,20,22
2024-02-22,Sonora,2,74,76
2024-02-22,Tabasco,1,3,4
2024-02-22,Tamaulipas,1,26,27
2024-02-22,Tlaxcala,2,6,8
2024-02-22,Zacatecas,2,6,8
2024-02-23,Aguascalientes,1,8,9
2024-02-23,Baja California,2,47,49
2024-02-23,Baja California Sur,1,22,23
2024-02-23,Campeche,4,15,19
2024-02-23,Chiapas,1,15,16
2024-02-23,Chihuahua,2,79,81
2024-02-23,Coahuila de Zaragoza,1,34,35
2024-02-23,Colima,1,25,26
2024-02-23,Durango,2,34,36
2024-02-23,Hidalgo,1,18,19
2024-02-23,Michoacán de Ocampo,4,47,51
2024-02-23,Morelos,1,27,28
2024-02-23,México,1,55,56
2024-02-23,Nuevo León,1,217,218
2024-02-23,Oaxaca,2,10,12
2024-02-23,Puebla,1,46,47
2024-02-23,Querétaro,1,35,36
2024-02-23,Quintana Roo,2,20,22
2024-02-23,San Luis Potosí,3,22,25
2024-02-23,Sinaloa,1,15,16
2024-02-23,Sonora,2,65,67
2024-02-23,Tabasco,2,7,9
2024-02-23,Tamaulipas,1,44,45
2024-02-23,Veracruz de Ignacio de la Llave,1,29,30
2024-02-23,Yucatán,2,26,28
2024-02-24,Aguascalientes,2,16,18
2024-02-24,Baja California,2,35,37
2024-02-24,Baja California Sur,1,23,24
2024-02-24,Campeche,1,13,14
2024-02-24,Chihuahua,1,73,74
2024-02-24,Coahuila de Zaragoza,1,26,27
2024-02-24,Colima,1,30,31
2024-02-24,Durango,1,33,34
2024-02-24,Guanajuato,2,70,72
2024-02-24,Guerrero,2,13,15
2024-02-24,Hidalgo,1,18,19
2024-02-24,Jalisco,1,56,57
2024-02-24,Michoacán de Ocampo,1,55,56
2024-02-24,Morelos,2,27,29
2024-02-24,México,3,80,83
2024-02-24,Nayarit,1,5,6
2024-02-24,Nuevo León,1,217,218
2024-02-24,Puebla,3,38,41
2024-02-24,Querétaro,4,31,35
2024-02-24,Quintana Roo,1,29,30
2024-02-24,San Luis Potosí,3,15,18
2024-02-24,Sinaloa,3,19,22
2024-02-24,Sonora,3,78,81
2024-02-24,Tabasco,1,9,10
2024-02-24,Tamaulipas,1,46,47
2024-02-24,Tlaxcala,1,3,4
2024-02-24,Yucatán,1,31,32
2024-02-24,Zacatecas,2,7,9
2024-02-25,Aguascalientes,2,15,17
2024-02-25,Baja California,3,36,39
2024-02-25,Chihuahua,2,91,93
2024-02-25,Coahuila de Zaragoza,1,37,38
2024-02-25,Colima,2,17,19
2024-02-25,Durango,2,33,35
2024-02-25,Guanajuato,2,63,65
2024-02-25,Guerrero,2,23,25
2024-02-25,Hidalgo,1,14,15
2024-02-25,Jalisco,1,49,50
2024-02-25,Michoacán de Ocampo,1,52,53
2024-02-25,Morelos,1,25,26
2024-02-25,Nuevo León,2,161,163
2024-02-25,Querétaro,2,35,37
2024-02-25,Quintana Roo,1,16,17
2024-02-25,San Luis Potosí,1,16,17
2024-02-25,Tabasco,1,10,11
2024-02-25,Tamaulipas,2,41,43
2024-02-25,Tlaxcala,1,7,8
2024-02-25,Veracruz de Ignacio de la Llave,3,22,25
2024-02-25,Zacatecas,1,15,16
2024-02-26,Campeche,1,11,12
2024-02-26,Chiapas,1,5,6
2024-02-26,Chihuahua,2,86,88
2024-02-26,Coahuila de Zaragoza,4,22,26
2024-02-26,Colima,2,18,20
2024-02-26,Durango,1,30,31
2024-02-26,Guanajuato,2,56,58
2024-02-26,Hidalgo,3,26,29
2024-02-26,Michoacán de Ocampo,1,48,49
2024-02-26,Morelos,1,26,27
2024-02-26,Nuevo León,2,224,226
2024-02-26,Oaxaca,1,10,11
2024-02-26,Quintana Roo,1,15,16
2024-02-26,San Luis Potosí,1,24,25
2024-02-26,Sinaloa,1,25,26
2024-02-26,Sonora,1,85,86
2024-02-26,Tabasco,1,8,9
2024-02-26,Tamaulipas,2,42,44
2024-02-26,Veracruz de Ignacio de la Llave,1,36,37
2024-02-26,Yucatán,1,24,25
2024-02-26,Zacatecas,1,8,9
2024-02-27,Baja California,3,26,29
2024-02-27,Baja California Sur,3,19,22
2024-02-27,Campeche,1,14,15
2024-02-27,Chiapas,2,9,11
2024-02-27,Chihuahua,2,63,65
2024-02-27,Coahuila de Zaragoza,2,27,29
2024-02-27,Durango,4,28,32
2024-02-27,Guanajuato,1,37,38
2024-02-27,Hidalgo,2,12,14
2024-02-27,Jalisco,1,49,50
2024-02-27,Michoacán de Ocampo,1,47,48
2024-02-27,Nayarit,2,5,7
2024-02-27,Nuevo León,3,249,252
2024-02-27,Oaxaca,1,14,15
2024-02-27,Querétaro,4,20,24
2024-02-27,San Luis Potosí,1,20,21
2024-02-27,Sinaloa,1,14,15
2024-02-27,Sonora,1,57,58
2024-02-27,Tabasco,1,2,3
2024-02-27,Tlaxcala,1,2,3
2024-02-27,Veracruz de Ignacio de la Llave,2,34,36
2024-02-27,Zacatecas,1,4,5
2024-02-28,Baja California Sur,1,38,39
2024-02-28,Campeche,4,27,31
2024-02-28,Chiapas,1,109,110
2024-02-28,Chihuahua,4,166,170
2024-02-28,Coahuila de Zaragoza,4,59,63
2024-02-28,Colima,4,38,42
2024-02-28,Durango,1,69,70
2024-02-28,Hidalgo,3,91,94
2024-02-28,Jalisco,2,150,152
2024-02-28,Michoacán de Ocampo,4,116,120
2024-02-28,Morelos,2,53,55
2024-02-28,México,2,132,134
2024-02-28,Nuevo León,3,478,481
2024-02-28,Oaxaca,2,535,537
2024-02-28,Quintana Roo,2,38,40
2024-02-28,Sinaloa,1,39,40
2024-02-28,Sonora,4,168,172
2024-02-28,Tamaulipas,2,91,93
2024-02-28,Tlaxcala,3,51,54
2024-02-28,Veracruz de Ignacio de la Llave,2,184,186
2024-02-28,Yucatán,1,54,55
2024-02-28,Zacatecas,2,29,31
2024-03-01,Aguascalientes,1,14,15
2024-03-01,Baja California Sur,1,20,21
2024-03-01,Campeche,1,10,11
2024-03-01,Chiapas,1,10,11
2024-03-01,Chihuahua,1,70,71
2024-03-01,Durango,1,28,29
2024-03-01,Guanajuato,1,59,60
2024-03-01,Guerrero,2,27,29
2024-03-01,Hidalgo,2,20,22
2024-03-01,Jalisco,2,56,58
2024-03-01,Michoacán de Ocampo,2,48,50
2024-03-01,Morelos,3,26,29
2024-03-01,Nayarit,4,5,9
2024-03-01,Nuevo León,1,251,252
2024-03-01,Puebla,1,51,52
2024-03-01,Querétaro,2,23,25
2024-03-01,Quintana Roo,1,34,35
2024-03-01,San Luis Potosí,1,24,25
2024-03-01,Sinaloa,3,24,27
2024-03-01,Sonora,2,80,82
2024-03-01,Tabasco,3,9,12
2024-03-01,Tamaulipas,1,33,34
2024-03-01,Tlaxcala,3,12,15
2024-03-01,Veracruz de Ignacio de la Llave,2,30,32
2024-03-01,Zacatecas,2,9,11
2024-03-02,Aguascalientes,1,13,14
2024-03-02,Baja California,1,38,39
2024-03-02,Baja California Sur,5,21,26
2024-03-02,Campeche,1,16,17
2024-03-02,Chiapas,4,13,17
2024-03-02,Chihuahua,1,84,85
2024-03-02,Coahuila de Zaragoza,1,29,30
2024-03-02,Colima,2,28,30
2024-03-02,Durango,1,26,27
2024-03-02,Guanajuato,4,61,65
2024-03-02,Guerrero,5,19,24
2024-03-02,Hidalgo,4,21,25
2024-03-02,Jalisco,1,57,58
2024-03-02,Michoacán de Ocampo,2,44,46
2024-03-02,Morelos,1,23,24
2024-03-02,México,2,86,88
2024-03-02,Nayarit,1,11,12
2024-03-02,Oaxaca,4,19,23
2024-03-02,Querétaro,1,27,28
2024-03-02,Quintana Roo,2,19,21
2024-03-02,San Luis Potosí,3,25,28
2024-03-02,Sinaloa,1,23,24
2024-03-02,Sonora,2,64,66
2024-03-02,Tabasco,1,7,8
2024-03-02,Tamaulipas,1,44,45
2024-03-02,Tlaxcala,2,7,9
2024-03-02,Veracruz de Ignacio de la Llave,1,21,22
2024-03-02,Zacatecas,1,8,9
2024-03-03,Aguascalientes,3,14,17
2024-03-03,Baja California Sur,1,16,17
2024-03-03,Chiapas,1,2,3
2024-03-03,Chihuahua,3,78,81
2024-03-03,Colima,3,18,21
2024-03-03,Durango,3,28,31
2024-03-03,Guanajuato,1,61,62
2024-03-03,Guerrero,2,29,31
2024-03-03,Jalisco,2,39,41
2024-03-03,Michoacán de Ocampo,1,59,60
2024-03-03,Morelos,2,31,33
2024-03-03,México,1,77,78
2024-03-03,Nayarit,2,14,16
2024-03-03,Nuevo León,2,189,191
2024-03-03,Oaxaca,1,9,10
2024-03-03,Puebla,1,40,41
2024-03-03,Querétaro,1,27,28
2024-03-03,Quintana Roo,1,31,32
2024-03-03,San Luis Potosí,1,21,22
2024-03-03,Sonora,2,62,64
2024-03-03,Tabasco,3,7,10
2024-03-03,Tamaulipas,1,33,34
2024-03-03,Tlaxcala,1,5,6
2024-03-03,Veracruz de Ignacio de la Llave,5,21,26
2024-03-03,Yucatán,2,32,34
2024-03-04,Aguascalientes,2,9,11
2024-03-04,Baja California,2,25,27
2024-03-04,Baja California Sur,1,21,22
2024-03-04,Chiapas,4,11,15
2024-03-04,Chihuahua,3,79,82
2024-03-04,Coahuila de Zaragoza,3,25,28
2024-03-04,Durango,3,31,34
2024-03-04,Guanajuato,2,65,67
2024-03-04,Guerrero,3,19,22
2024-03-04,Hidalgo,1,19,20
2024-03-04,Jalisco,2,46,48
2024-03-04,Michoacán de Ocampo,3,39,42
2024-03-04,Morelos,1,24,25
2024-03-04,México,3,63,66
2024-03-04,Nayarit,1,12,13
2024-03-04,Nuevo León,1,220,221
2024-03-04,Oaxaca,1,14,15
2024-03-04,Puebla,1,45,46
2024-03-04,Querétaro,1,29,30
2024-03-04,Quintana Roo,1,22,23
2024-03-04,Sinaloa,1,11,12
2024-03-04,Sonora,2,70,72
2024-03-04,Tamaulipas,2,29,31
2024-03-04,Tlaxcala,2,7,9
2024-03-04,Veracruz de Ignacio de la Llave,2,35,37
2024-03-04,Yucatán,1,18,19
2024-03-04,Zacatecas,3,5,8
2024-03-05,Aguascalientes,2,9,11
2024-03-05,Baja California,1,26,27
2024-03-05,Baja California Sur,1,20,21
2024-03-05,Chihuahua,4,66,70
2024-03-05,Guanajuato,1,45,46
2024-03-05,Guerrero,4,21,25
2024-03-05,Jalisco,1,46,47
2024-03-05,Michoacán de Ocampo,2,36,38
2024-03-05,México,1,86,87
2024-03-05,Nayarit,1,7,8
2024-03-05,Nuevo León,1,225,226
2024-03-05,Puebla,3,33,36
2024-03-05,Querétaro,3,21,24
2024-03-05,San Luis Potosí,1,23,24
2024-03-05,Sinaloa,2,19,21
2024-03-05,Sonora,1,66,67
2024-03-05,Tabasco,1,3,4
2024-03-05,Tamaulipas,2,27,29
2024-03-05,Tlaxcala,1,4,5
2024-03-05,Veracruz de Ignacio de la Llave,2,26,28
2024-03-05,Zacatecas,1,6,7
2024-03-06,Aguascalientes,4,8,12
2024-03-06,Baja California,2,27,29
2024-03-06,Baja California Sur,1,16,17
2024-03-06,Chihuahua,2,57,59
2024-03-06,Coahuila de Zaragoza,1,35,36
2024-03-06,Colima,1,25,26
2024-03-06,Guanajuato,3,62,65
2024-03-06,Guerrero,1,19,20
2024-03-06,Hidalgo,1,15,16
2024-03-06,Jalisco,4,50,54
2024-03-06,Michoacán de Ocampo,1,52,53
2024-03-06,México,1,66,67
2024-03-06,Nayarit,2,8,10
2024-03-06,Nuevo León,1,177,178
2024-03-06,Oaxaca,2,11,13
2024-03-06,Puebla,1,34,35
2024-03-06,Quintana Roo,2,24,26
2024-03-06,Tamaulipas,1,34,35
2024-03-06,Tlaxcala,2,4,6
2024-03-06,Veracruz de Ignacio de la Llave,3,27,30
2024-03-06,Zacatecas,2,4,6
2024-03-07,Aguascalientes,2,10,12
2024-03-07,Baja California,3,25,28
2024-03-07,Baja California Sur,2,26,28
2024-03-07,Campeche,1,15,16
2024-03-07,Chiapas,1,12,13
2024-03-07,Chihuahua,1,54,55
2024-03-07,Colima,2,13,15
2024-03-07,Durango,1,35,36
2024-03-07,Guanajuato,1,42,43
2024-03-07,Hidalgo,1,21,22
2024-03-07,Michoacán de Ocampo,1,48,49
2024-03-07,México,1,48,49
2024-03-07,Nayarit,2,9,11
2024-03-07,Puebla,1,39,40
2024-03-07,Querétaro,1,22,23
2024-03-07,Quintana Roo,2,15,17
2024-03-07,San Luis Potosí,2,17,19
2024-03-07,Sonora,1,63,64
2024-03-07,Tabasco,1,9,10
2024-03-07,Tlaxcala,3,3,6
2024-03-07,Zacatecas,3,4,7
2024-03-08,Aguascalientes,2,6,8
2024-03-08,Baja California,2,33,35
2024-03-08,Baja California Sur,2,20,22
2024-03-08,Campeche,1,17,18
2024-03-08,Chiapas,1,9,10
2024-03-08,Chihuahua,2,63,65
2024-03-08,Coahuila de Zaragoza,1,44,45
2024-03-08,Colima,2,26,28
2024-03-08,Guerrero,1,18,19
2024-03-08,Hidalgo,4,17,21
2024-03-08,Morelos,3,31,34
2024-03-08,México,1,55,56
2024-03-08,Nayarit,1,8,9
2024-03-08,Nuevo León,1,255,256
2024-03-08,Oaxaca,2,16,18
2024-03-08,Puebla,4,34,38
2024-03-08,Quintana Roo,2,22,24
2024-03-08,San Luis Potosí,2,19,21
2024-03-08,Sinaloa,1,20,21
2024-03-08,Sonora,5,81,86
2024-03-08,Tabasco,3,7,10
2024-03-08,Tlaxcala,2,4,6
2024-03-08,Veracruz de Ignacio de la Llave,2,25,27
2024-03-08,Yucatán,1,26,27
2024-03-08,Zacatecas,5,6,11
2024-03-09,Aguascalientes,1,14,15
2024-03-09,Baja California Sur,4,14,18
2024-03-09,Campeche,2,12,14
2024-03-09,Chiapas,2,15,17
2024-03-09,Coahuila de Zaragoza,1,34,35
2024-03-09,Colima,1,15,16
2024-03-09,Durango,2,39,41
2024-03-09,Guanajuato,3,73,76
2024-03-09,Guerrero,2,35,37
2024-03-09,Jalisco,1,56,57
2024-03-09,Michoacán de Ocampo,1,55,56
2024-03-09,Morelos,1,26,27
2024-03-09,México,3,67,70
2024-03-09,Nayarit,2,16,18
2024-03-09,Nuevo León,1,227,228
2024-03-09,Oaxaca,3,21,24
2024-03-09,Querétaro,2,37,39
2024-03-09,Quintana Roo,2,24,26
2024-03-09,San Luis Potosí,3,13,16
2024-03-09,Sinaloa,1,13,14
2024-03-09,Sonora,1,68,69
2024-03-09,Tabasco,1,11,12
2024-03-09,Tamaulipas,3,45,48
2024-03-09,Tlaxcala,2,4,6
2024-03-09,Veracruz de Ignacio de la Llave,3,20,23
2024-03-10,Aguascalientes,1,29,30
2024-03-10,Baja California,2,43,45
2024-03-10,Baja California Sur,1,27,28
2024-03-10,Campeche,2,10,12
2024-03-10,Chiapas,2,15,17
2024-03-10,Chihuahua,2,71,73
2024-03-10,Coahuila de Zaragoza,2,28,30
2024-03-10,Colima,2,17,19
2024-03-10,Guanajuato,4,55,59
2024-03-10,Guerrero,1,23,24
2024-03-10,Hidalgo,1,17,18
2024-03-10,Jalisco,1,58,59
2024-03-10,Morelos,1,27,28
2024-03-10,Nayarit,2,10,12
2024-03-10,Nuevo León,1,131,132
2024-03-10,Puebla,1,38,39
2024-03-10,San Luis Potosí,1,27,28
2024-03-10,Sinaloa,2,16,18
2024-03-10,Sonora,2,79,81
2024-03-10,Tabasco,1,6,7
2024-03-10,Tlaxcala,2,5,7
2024-03-10,Veracruz de Ignacio de la Llave,1,19,20
2024-03-10,Yucatán,2,29,31
2024-03-10,Zacatecas,2,11,13
2024-03-11,Aguascalientes,2,15,17
2024-03-11,Baja California,1,31,32
2024-03-11,Baja California Sur,2,20,22
2024-03-11,Campeche,1,6,7
2024-03-11,Chiapas,4,9,13
2024-03-11,Chihuahua,3,87,90
2024-03-11,Coahuila de Zaragoza,2,27,29
2024-03-11,Durango,2,33,35
2024-03-11,Guerrero,1,16,17
2024-03-11,Hidalgo,1,17,18
2024-03-11,Jalisco,2,38,40
2024-03-11,Michoacán de Ocampo,1,54,55
2024-03-11,Morelos,3,28,31
2024-03-11,México,1,66,67
2024-03-11,Nayarit,5,14,19
2024-03-11,Oaxaca,4,14,18
2024-03-11,Puebla,1,45,46
2024-03-11,Quintana Roo,1,25,26
2024-03-11,San Luis Potosí,1,18,19
2024-03-11,Sinaloa,3,14,17
2024-03-11,Sonora,1,55,56
2024-03-11,Tlaxcala,1,4,5
2024-03-11,Veracruz de Ignacio de la Llave,2,25,27
2024-03-11,Yucatán,1,23,24
2024-03-11,Zacatecas,2,6,8
2024-03-12,Aguascalientes,1,7,8
2024-03-12,Baja California,1,33,34
2024-03-12,Chiapas,1,11,12
2024-03-12,Coahuila de Zaragoza,2,27,29
2024-03-12,Colima,1,20,21
2024-03-12,Guanajuato,1,59,60
2024-03-12,Guerrero,2,25,27
2024-03-12,Hidalgo,2,17,19
2024-03-12,Jalisco,1,46,47
2024-03-12,Morelos,1,22,23
2024-03-12,México,1,48,49
2024-03-12,Nayarit,1,11,12
2024-03-12,Oaxaca,2,12,14
2024-03-12,Puebla,1,30,31
2024-03-12,Querétaro,3,17,20
2024-03-12,Sinaloa,2,17,19
2024-03-12,Sonora,2,66,68
2024-03-12,Tlaxcala,4,5,9
2024-03-12,Veracruz de Ignacio de la Llave,1,26,27
2024-03-13,Aguascalientes,1,12,13
2024-03-13,Campeche,1,6,7
2024-03-13,Chihuahua,1,80,81
2024-03-13,Coahuila de Zaragoza,1,31,32
2024-03-13,Colima,3,14,17
2024-03-13,Durango,2,36,38
2024-03-13,Guanajuato,2,52,54
2024-03-13,Guerrero,2,24,26
2024-03-13,Hidalgo,2,11,13
2024-03-13,Jalisco,1,54,55
2024-03-13,Michoacán de Ocampo,1,45,46
2024-03-13,Morelos,3,19,22
2024-03-13,México,5,52,57
2024-03-13,Nayarit,4,7,11
2024-03-13,Oaxaca,1,15,16
2024-03-13,Puebla,3,39,42
2024-03-13,Querétaro,2,24,26
2024-03-13,San Luis Potosí,1,24,25
2024-03-13,Sinaloa,1,12,13
2024-03-13,Sonora,2,73,75
2024-03-13,Tabasco,2,1,3
2024-03-13,Tamaulipas,2,48,50
2024-03-13,Tlaxcala,1,6,7
2024-03-13,Veracruz de Ignacio de la Llave,1,29,30
2024-03-13,Yucatán,1,25,26
2024-03-14,Aguascalientes,3,10,13
2024-03-14,Baja California,2,23,25
2024-03-14,Baja California Sur,1,19,20
2024-03-14,Campeche,1,16,17
2024-03-14,Chiapas,2,11,13
2024-03-14,Chihuahua,1,69,70
2024-03-14,Coahuila de Zaragoza,1,38,39
2024-03-14,Colima,1,21,22
2024-03-14,Durango,1,42,43
2024-03-14,Guanajuato,5,42,47
2024-03-14,Guerrero,1,24,25
2024-03-14,Hidalgo,1,17,18
2024-03-14,Jalisco,3,48,51
2024-03-14,Michoacán de Ocampo,1,50,51
2024-03-14,Nayarit,3,11,14
2024-03-14,Nuevo León,1,233,234
2024-03-14,Oaxaca,1,16,17
2024-03-14,Puebla,2,27,29
2024-03-14,Quintana Roo,2,16,18
2024-03-14,San Luis Potosí,2,19,21
2024-03-14,Sinaloa,2,21,23
2024-03-14,Sonora,2,83,85
2024-03-14,Tamaulipas,2,33,35
2024-03-14,Tlaxcala,1,3,4
2024-03-14,Yucatán,4,29,33
2024-03-14,Zacatecas,3,5,8
2024-03-15,Baja California,4,28,32
2024-03-15,Baja California Sur,2,16,18
2024-03-15,Campeche,2,21,23
2024-03-15,Chiapas,4,14,18
2024-03-15,Chihuahua,1,83,84
2024-03-15,Coahuila de Zaragoza,1,40,41
2024-03-15,Colima,3,17,20
2024-03-15,Durango,1,38,39
2024-03-15,Guanajuato,2,53,55
2024-03-15,Hidalgo,2,18,20
2024-03-15,Jalisco,2,43,45
2024-03-15,Michoacán de Ocampo,1,34,35
2024-03-15,Morelos,2,34,36
2024-03-15,México,1,64,65
2024-03-15,Nuevo León,3,245,248
2024-03-15,Oaxaca,1,14,15
2024-03-15,Puebla,1,40,41
2024-03-15,Querétaro,1,25,26
2024-03-15,Quintana Roo,1,27,28
2024-03-15,San Luis Potosí,2,27,29
2024-03-15,Sonora,2,63,65
2024-03-15,Tabasco,1,13,14
2024-03-15,Tamaulipas,1,40,41
2024-03-15,Tlaxcala,1,6,7
2024-03-15,Veracruz de Ignacio de la Llave,2,33,35
2024-03-15,Yucatán,2,29,31
2024-03-15,Zacatecas,1,11,12
2024-03-16,Baja California,1,43,44
2024-03-16,Baja California Sur,3,22,25
2024-03-16,Campeche,1,12,13
2024-03-16,Chiapas,2,13,15
2024-03-16,Chihuahua,2,88,90
2024-03-16,Coahuila de Zaragoza,1,40,41
2024-03-16,Guanajuato,1,69,70
2024-03-16,Guerrero,2,25,27
2024-03-16,Jalisco,1,71,72
2024-03-16,Morelos,1,23,24
2024-03-16,Nayarit,2,12,14
2024-03-16,Nuevo León,4,230,234
2024-03-16,Oaxaca,2,23,25
2024-03-16,Querétaro,1,35,36
2024-03-16,Sinaloa,1,24,25
2024-03-16,Sonora,2,65,67
2024-03-16,Tabasco,1,7,8
2024-03-16,Tlaxcala,1,7,8
2024-03-16,Veracruz de Ignacio de la Llave,3,26,29
2024-03-16,Yucatán,3,27,30
2024-03-16,Zacatecas,1,8,9
2024-03-17,Aguascalientes,2,14,16
2024-03-17,Baja California,2,23,25
2024-03-17,Baja California Sur,2,23,25
2024-03-17,Chiapas,3,10,13
2024-03-17,Coahuila de Zaragoza,2,30,32
2024-03-17,Colima,3,26,29
2024-03-17,Guanajuato,1,60,61
2024-03-17,Hidalgo,1,16,17
2024-03-17,Jalisco,1,60,61
2024-03-17,Michoacán de Ocampo,4,63,67
2024-03-17,Morelos,1,39,40
2024-03-17,México,3,59,62
2024-03-17,Nayarit,2,14,16
2024-03-17,Nuevo León,5,169,174
2024-03-17,Oaxaca,1,5,6
2024-03-17,Puebla,3,32,35
2024-03-17,Querétaro,6,27,33
2024-03-17,Quintana Roo,4,27,31
2024-03-17,San Luis Potosí,1,13,14
2024-03-17,Sinaloa,2,27,29
2024-03-17,Sonora,2,62,64
2024-03-17,Tabasco,3,6,9
2024-03-17,Tamaulipas,1,44,45
2024-03-17,Tlaxcala,1,6,7
2024-03-17,Veracruz de Ignacio de la Llave,2,17,19
2024-03-17,Yucatán,1,35,36
2024-03-17,Zacatecas,1,4,5
2024-03-18,Aguascalientes,1,13,14
2024-03-18,Baja California Sur,4,15,19
2024-03-18,Campeche,1,9,10
2024-03-18,Chiapas,2,13,15
2024-03-18,Chihuahua,2,51,53
2024-03-18,Coahuila de Zaragoza,2,19,21
2024-03-18,Colima,2,26,28
2024-03-18,Durango,2,25,27
2024-03-18,Guanajuato,1,28,29
2024-03-18,Guerrero,1,17,18
2024-03-18,Hidalgo,1,16,17
2024-03-18,Jalisco,1,40,41
2024-03-18,Michoacán de Ocampo,4,42,46
2024-03-18,Morelos,4,23,27
2024-03-18,México,1,53,54
2024-03-18,Nayarit,1,6,7
2024-03-18,Nuevo León,2,157,159
2024-03-18,Oaxaca,1,12,13
2024-03-18,Puebla,4,31,35
2024-03-18,Querétaro,3,21,24
2024-03-18,Quintana Roo,1,18,19
2024-03-18,Sinaloa,1,17,18
2024-03-18,Sonora,1,48,49
2024-03-18,Tabasco,4,5,9
2024-03-18,Tamaulipas,1,25,26
2024-03-18,Tlaxcala,1,4,5
2024-03-18,Veracruz de Ignacio de la Llave,3,19,22
2024-03-18,Yucatán,2,20,22
2024-03-18,Zacatecas,1,6,7
2024-03-19,Baja California,3,35,38
2024-03-19,Baja California Sur,1,17,18
2024-03-19,Campeche,1,12,13
2024-03-19,Chiapas,2,8,10
2024-03-19,Chihuahua,1,57,58
2024-03-19,Coahuila de Zaragoza,2,36,38
2024-03-19,Durango,1,28,29
2024-03-19,Guanajuato,1,50,51
2024-03-19,Guerrero,3,16,19
2024-03-19,Hidalgo,3,26,29
2024-03-19,Morelos,1,34,35
2024-03-19,Nayarit,1,12,13
2024-03-19,Nuevo León,3,221,224
2024-03-19,Oaxaca,2,19,21
2024-03-19,Puebla,2,43,45
2024-03-19,Querétaro,4,26,30
2024-03-19,Quintana Roo,3,16,19
2024-03-19,San Luis Potosí,4,18,22
2024-03-19,Sinaloa,1,16,17
2024-03-19,Sonora,1,71,72
2024-03-19,Tabasco,1,10,11
2024-03-19,Tamaulipas,2,34,36
2024-03-19,Tlaxcala,2,3,5
2024-03-19,Veracruz de Ignacio de la Llave,1,23,24
2024-03-19,Zacatecas,2,6,8
2024-03-20,Aguascalientes,1,10,11
2024-03-20,Baja California Sur,2,17,19
2024-03-20,Chiapas,1,8,9
2024-03-20,Chihuahua,2,54,56
2024-03-20,Coahuila de Zaragoza,4,31,35
2024-03-20,Colima,1,16,17
2024-03-20,Durango,3,25,28
2024-03-20,Guanajuato,2,37,39
2024-03-20,Guerrero,2,28,30
2024-03-20,Hidalgo,2,7,9
2024-03-20,Jalisco,1,44,45
2024-03-20,Morelos,2,28,30
2024-03-20,México,1,53,54
2024-03-20,Nayarit,2,7,9
2024-03-20,Nuevo León,2,187,189
2024-03-20,Oaxaca,1,15,16
2024-03-20,Puebla,4,42,46
2024-03-20,Quintana Roo,2,17,19
2024-03-20,San Luis Potosí,1,16,17
2024-03-20,Tabasco,1,5,6
2024-03-20,Tamaulipas,1,40,41
2024-03-20,Tlaxcala,1,3,4
2024-03-20,Veracruz de Ignacio de la Llave,1,18,19
2024-03-21,Aguascalientes,3,10,13
2024-03-21,Baja California,1,25,26
2024-03-21,Baja California Sur,2,20,22
2024-03-21,Campeche,3,10,13
2024-03-21,Chiapas,3,9,12
2024-03-21,Coahuila de Zaragoza,1,32,33
2024-03-21,Colima,2,16,18
2024-03-21,Guanajuato,2,47,49
2024-03-21,Hidalgo,3,9,12
2024-03-21,Jalisco,1,54,55
2024-03-21,Michoacán de Ocampo,1,53,54
2024-03-21,Morelos,1,21,22
2024-03-21,México,2,51,53
2024-03-21,Nayarit,1,4,5
2024-03-21,Nuevo León,1,211,212
2024-03-21,Oaxaca,1,10,11
2024-03-21,Puebla,1,43,44
2024-03-21,Quintana Roo,3,14,17
2024-03-21,San Luis Potosí,3,23,26
2024-03-21,Sinaloa,1,13,14
2024-03-21,Sonora,3,67,70
2024-03-21,Tamaulipas,2,33,35
2024-03-21,Tlaxcala,2,6,8
2024-03-21,Yucatán,3,27,30
2024-03-22,Aguascalientes,2,13,15
2024-03-22,Baja California,1,27,28
2024-03-22,Baja California Sur,1,23,24
2024-03-22,Chiapas,2,9,11
2024-03-22,Chihuahua,2,70,72
2024-03-22,Coahuila de Zaragoza,3,26,29
2024-03-22,Durango,1,32,33
2024-03-22,Guanajuato,1,43,44
2024-03-22,Guerrero,1,23,24
2024-03-22,Hidalgo,1,13,14
2024-03-22,Jalisco,1,48,49
2024-03-22,Michoacán de Ocampo,2,33,35
2024-03-22,Morelos,1,31,32
2024-03-22,México,1,51,52
2024-03-22,Nuevo León,2,274,276
2024-03-22,Oaxaca,1,22,23
2024-03-22,Puebla,1,38,39
2024-03-22,Quintana Roo,1,23,24
2024-03-22,San Luis Potosí,1,22,23
2024-03-22,Sonora,2,70,72
2024-03-22,Tabasco,1,7,8
2024-03-22,Tlaxcala,5,2,7
2024-03-22,Veracruz de Ignacio de la Llave,6,29,35
2024-03-22,Zacatecas,2,11,13
2024-03-23,Aguascalientes,1,19,20
2024-03-23,Baja California,1,29,30
2024-03-23,Baja California Sur,1,20,21
2024-03-23,Campeche,1,7,8
2024-03-23,Chiapas,2,12,14
2024-03-23,Coahuila de Zaragoza,1,31,32
2024-03-23,Colima,2,22,24
2024-03-23,Durango,3,23,26
2024-03-23,Guanajuato,3,51,54
2024-03-23,Guerrero,1,26,27
2024-03-23,Hidalgo,2,16,18
2024-03-23,Jalisco,2,61,63
2024-03-23,Michoacán de Ocampo,2,68,70
2024-03-23,Morelos,3,27,30
2024-03-23,Nayarit,4,10,14
2024-03-23,Nuevo León,3,206,209
2024-03-23,Oaxaca,2,12,14
2024-03-23,Puebla,2,38,40
2024-03-23,Querétaro,3,25,28
2024-03-23,Quintana Roo,1,14,15
2024-03-23,San Luis Potosí,1,20,21
2024-03-23,Sonora,5,54,59
2024-03-23,Tabasco,1,9,10
2024-03-23,Tamaulipas,1,44,45
2024-03-23,Tlaxcala,4,9,13
2024-03-23,Veracruz de Ignacio de la Llave,1,17,18
2024-03-23,Yucatán,1,23,24
2024-03-24,Baja California,3,29,32
2024-03-24,Baja California Sur,1,14,15
2024-03-24,Campeche,2,13,15
2024-03-24,Chiapas,2,8,10
2024-03-24,Chihuahua,1,93,94
2024-03-24,Coahuila de Zaragoza,1,38,39
2024-03-24,Colima,2,21,23
2024-03-24,Durango,1,32,33
2024-03-24,Guanajuato,2,50,52
2024-03-24,Guerrero,4,17,21
2024-03-24,Hidalgo,1,16,17
2024-03-24,Jalisco,1,48,49
2024-03-24,Michoacán de Ocampo,2,34,36
2024-03-24,México,2,55,57
2024-03-24,Nayarit,1,7,8
2024-03-24,Nuevo León,2,147,149
2024-03-24,Oaxaca,2,6,8
2024-03-24,Querétaro,1,27,28
2024-03-24,Quintana Roo,1,32,33
2024-03-24,San Luis Potosí,2,22,24
2024-03-24,Sinaloa,1,33,34
2024-03-24,Tabasco,1,8,9
2024-03-24,Tamaulipas,1,38,39
2024-03-24,Tlaxcala,4,4,8
2024-03-24,Veracruz de Ignacio de la Llave,1,23,24
2024-03-24,Yucatán,2,31,33
2024-03-25,Aguascalientes,2,15,17
2024-03-25,Baja California Sur,2,16,18
2024-03-25,Campeche,3,11,14
2024-03-25,Chiapas,5,11,16
2024-03-25,Chihuahua,4,73,77
2024-03-25,Colima,1,9,10
2024-03-25,Durango,1,36,37
2024-03-25,Guanajuato,2,38,40
2024-03-25,Guerrero,2,28,30
2024-03-25,Hidalgo,3,12,15
2024-03-25,Jalisco,1,50,51
2024-03-25,Michoacán de Ocampo,1,44,45
2024-03-25,México,1,42,43
2024-03-25,Nayarit,3,7,10
2024-03-25,Nuevo León,1,186,187
2024-03-25,Oaxaca,2,9,11
2024-03-25,Puebla,1,38,39
2024-03-25,San Luis Potosí,1,17,18
2024-03-25,Sonora,1,74,75
2024-03-25,Tabasco,5,2,7
2024-03-25,Tamaulipas,2,37,39
2024-03-25,Tlaxcala,2,1,3
2024-03-25,Veracruz de Ignacio de la Llave,1,23,24
2024-03-25,Zacatecas,1,8,9
2024-03-26,Aguascalientes,3,5,8
2024-03-26,Baja California,2,19,21
2024-03-26,Baja California Sur,3,16,19
2024-03-26,Campeche,2,17,19
2024-03-26,Chiapas,2,8,10
2024-03-26,Chihuahua,1,60,61
2024-03-26,Coahuila de Zaragoza,1,25,26
2024-03-26,Colima,4,13,17
2024-03-26,Hidalgo,1,10,11
2024-03-26,Jalisco,1,36,37
2024-03-26,Michoacán de Ocampo,1,42,43
2024-03-26,Morelos,3,24,27
2024-03-26,México,2,39,41
2024-03-26,Nayarit,2,7,9
2024-03-26,Oaxaca,2,7,9
2024-03-26,Puebla,6,31,37
2024-03-26,Querétaro,2,19,21
2024-03-26,San Luis Potosí,3,16,19
2024-03-26,Sinaloa,2,12,14
2024-03-26,Sonora,1,46,47
2024-03-26,Tamaulipas,2,33,35
2024-03-26,Tlaxcala,3,4,7
2024-03-26,Yucatán,3,18,21
2024-03-26,Zacatecas,1,9,10
2024-03-27,Baja California,1,24,25
2024-03-27,Baja California Sur,2,13,15
2024-03-27,Campeche,2,9,11
2024-03-27,Chiapas,1,8,9
2024-03-27,Chihuahua,1,57,58
2024-03-27,Coahuila de Zaragoza,3,34,37
2024-03-27,Colima,2,11,13
2024-03-27,Durango,3,38,41
2024-03-27,Guanajuato,1,26,27
2024-03-27,Guerrero,1,18,19
2024-03-27,Hidalgo,1,13,14
2024-03-27,Jalisco,3,48,51
2024-03-27,Michoacán de Ocampo,1,39,40
2024-03-27,Morelos,4,28,32
2024-03-27,México,1,49,50
2024-03-27,Nuevo León,1,230,231
2024-03-27,Oaxaca,1,15,16
2024-03-27,Puebla,2,32,34
2024-03-27,Querétaro,2,31,33
2024-03-27,Sinaloa,2,14,16
2024-03-27,Sonora,2,51,53
2024-03-27,Tabasco,1,5,6
2024-03-27,Veracruz de Ignacio de la Llave,2,24,26
2024-03-28,Aguascalientes,3,10,13
2024-03-28,Campeche,1,15,16
2024-03-28,Chiapas,2,106,108
2024-03-28,Chihuahua,1,71,72
2024-03-28,Colima,3,14,17
2024-03-28,Durango,3,18,21
2024-03-28,Guanajuato,1,60,61
2024-03-28,Guerrero,2,54,56
2024-03-28,Hidalgo,2,72,74
2024-03-28,Jalisco,1,107,108
2024-03-28,Michoacán de Ocampo,3,56,59
2024-03-28,Nayarit,2,12,14
2024-03-28,Oaxaca,1,527,528
2024-03-28,Puebla,1,178,179
2024-03-28,Quintana Roo,1,19,20
2024-03-28,San Luis Potosí,1,53,54
2024-03-28,Sonora,2,81,83
2024-03-28,Tabasco,2,9,11
2024-03-28,Tamaulipas,3,52,55
2024-03-28,Tlaxcala,1,41,42
2024-03-28,Veracruz de Ignacio de la Llave,5,163,168
2024-03-28,Yucatán,1,31,32
2024-03-28,Zacatecas,1,21,22
2024-03-29,Baja California,1,20,21
2024-03-29,Baja California Sur,4,11,15
2024-03-29,Campeche,2,10,12
2024-03-29,Chihuahua,2,59,61
2024-03-29,Coahuila de Zaragoza,3,20,23
2024-03-29,Colima,3,16,19
2024-03-29,Guerrero,3,20,23
2024-03-29,Hidalgo,1,13,14
2024-03-29,Jalisco,1,37,38
2024-03-29,Michoacán de Ocampo,1,31,32
2024-03-29,Morelos,4,32,36
2024-03-29,México,4,36,40
2024-03-29,Nayarit,2,6,8
2024-03-29,Nuevo León,1,166,167
2024-03-29,Oaxaca,1,11,12
2024-03-29,Puebla,1,18,19
2024-03-29,Querétaro,2,27,29
2024-03-29,Quintana Roo,2,25,27
2024-03-29,Sinaloa,1,32,33
2024-03-29,Sonora,2,64,66
2024-03-29,Tabasco,1,4,5
2024-03-29,Tamaulipas,3,42,45
2024-03-29,Tlaxcala,1,6,7
2024-03-29,Veracruz de Ignacio de la Llave,3,19,22
2024-03-29,Zacatecas,3,4,7
2024-03-30,Aguascalientes,1,13,14
2024-03-30,Baja California Sur,1,19,20
2024-03-30,Campeche,2,8,10
2024-03-30,Chiapas,1,8,9
2024-03-30,Chihuahua,2,70,72
2024-03-30,Colima,2,12,14
2024-03-30,Durango,2,28,30
2024-03-30,Guerrero,3,25,28
2024-03-30,Hidalgo,2,16,18
2024-03-30,Michoacán de Ocampo,1,32,33
2024-03-30,México,1,52,53
2024-03-30,Nayarit,1,3,4
2024-03-30,Nuevo León,3,162,165
2024-03-30,Oaxaca,4,9,13
2024-03-30,Puebla,4,22,26
2024-03-30,Querétaro,2,22,24
2024-03-30,Quintana Roo,1,15,16
2024-03-30,San Luis Potosí,3,23,26
2024-03-30,Sinaloa,1,9,10
2024-03-30,Sonora,2,50,52
2024-03-30,Tabasco,1,9,10
2024-03-30,Tamaulipas,1,28,29
2024-03-30,Tlaxcala,3,4,7
2024-03-30,Veracruz de Ignacio de la Llave,2,13,15
2024-03-30,Zacatecas,1,8,9
2024-03-31,Aguascalientes,5,12,17
2024-03-31,Baja California,2,23,25
2024-03-31,Baja California Sur,1,12,13
2024-03-31,Chiapas,2,7,9
2024-03-31,Chihuahua,4,52,56
2024-03-31,Coahuila de Zaragoza,1,20,21
2024-03-31,Colima,1,15,16
2024-03-31,Durango,3,33,36
2024-03-31,Guanajuato,1,38,39
2024-03-31,Guerrero,1,22,23
2024-03-31,Hidalgo,1,9,10
2024-03-31,Nayarit,1,3,4
2024-03-31,Nuevo León,1,142,143
2024-03-31,Oaxaca,2,13,15
2024-03-31,Puebla,1,17,18
2024-03-31,Querétaro,1,23,24
2024-03-31,San Luis Potosí,3,21,24
2024-03-31,Sinaloa,2,15,17
2024-03-31,Sonora,1,43,44
2024-03-31,Tabasco,3,2,5
2024-03-31,Tamaulipas,2,42,44
2024-03-31,Tlaxcala,1,5,6
2024-03-31,Veracruz de Ignacio de la Llave,3,30,33
2024-03-31,Zacatecas,1,7,8
2024-04-01,Aguascalientes,1,8,9
2024-04-01,Baja California,1,29,30
2024-04-01,Baja California Sur,1,11,12
2024-04-01,Campeche,4,10,14
2024-04-01,Chiapas,1,5,6
2024-04-01,Chihuahua,1,61,62
2024-04-01,Coahuila de Zaragoza,2,29,31
2024-04-01,Colima,3,16,19
2024-04-01,Guanajuato,2,37,39
2024-04-01,Jalisco,1,55,56
2024-04-01,Michoacán de Ocampo,1,38,39
2024-04-01,Morelos,1,31,32
2024-04-01,México,3,58,61
2024-04-01,Nayarit,1,6,7
2024-04-01,Nuevo León,2,209,211
2024-04-01,Puebla,1,30,31
2024-04-01,Querétaro,2,29,31
2024-04-01,Quintana Roo,1,30,31
2024-04-01,San Luis Potosí,1,30,31
2024-04-01,Sinaloa,2,17,19
2024-04-01,Sonora,1,62,63
2024-04-01,Tabasco,3,7,10
2024-04-01,Tamaulipas,3,39,42
2024-04-01,Tlaxcala,2,5,7
2024-04-01,Zacatecas,3,8,11
2024-04-02,Aguascalientes,2,11,13
2024-04-02,Baja California,1,32,33
2024-04-02,Baja California Sur,2,20,22
2024-04-02,Campeche,1,8,9
2024-04-02,Chiapas,1,6,7
2024-04-02,Chihuahua,2,54,56
2024-04-02,Coahuila de Zaragoza,1,29,30
2024-04-02,Colima,2,12,14
2024-04-02,Durango,1,21,22
2024-04-02,Guanajuato,2,40,42
2024-04-02,Guerrero,1,19,20
2024-04-02,Hidalgo,2,15,17
2024-04-02,Jalisco,1,39,40
2024-04-02,Michoacán de Ocampo,1,37,38
2024-04-02,México,1,48,49
2024-04-02,Nuevo León,1,209,210
2024-04-02,Puebla,1,35,36
2024-04-02,Querétaro,3,20,23
2024-04-02,San Luis Potosí,2,14,16
2024-04-02,Sonora,3,52,55
2024-04-02,Tabasco,3,6,9
2024-04-02,Tamaulipas,1,37,38
2024-04-02,Tlaxcala,2,2,4
2024-04-02,Veracruz de Ignacio de la Llave,1,25,26
2024-04-02,Yucatán,1,21,22
2024-04-03,Aguascalientes,2,8,10
2024-04-03,Baja California,1,30,31
2024-04-03,Campeche,3,11,14
2024-04-03,Chiapas,2,8,10
2024-04-03,Colima,1,18,19
2024-04-03,Durango,2,28,30
2024-04-03,Guerrero,1,20,21
2024-04-03,Hidalgo,1,14,15
2024-04-03,Michoacán de Ocampo,1,36,37
2024-04-03,Morelos,2,22,24
2024-04-03,México,1,51,52
2024-04-03,Nayarit,2,6,8
2024-04-03,Nuevo León,1,186,187
2024-04-03,Oaxaca,1,13,14
2024-04-03,Puebla,6,30,36
2024-04-03,Querétaro,2,21,23
2024-04-03,Quintana Roo,1,10,11
2024-04-03,Sinaloa,1,14,15
2024-04-03,Sonora,3,51,54
2024-04-03,Tabasco,3,5,8
2024-04-03,Tamaulipas,3,33,36
2024-04-03,Yucatán,3,11,14
2024-04-03,Zacatecas,3,4,7
2024-04-04,Aguascalientes,1,6,7
2024-04-04,Baja California,1,32,33
2024-04-04,Baja California Sur,1,13,14
2024-04-04,Campeche,1,17,18
2024-04-04,Chiapas,4,4,8
2024-04-04,Chihuahua,1,49,50
2024-04-04,Coahuila de Zaragoza,2,28,30
2024-04-04,Guanajuato,2,31,33
2024-04-04,Hidalgo,2,13,15
2024-04-04,Jalisco,2,39,41
2024-04-04,Michoacán de Ocampo,2,25,27
2024-04-04,Morelos,3,18,21
2024-04-04,México,3,46,49
2024-04-04,Nayarit,1,9,10
2024-04-04,Nuevo León,1,196,197
2024-04-04,Oaxaca,1,16,17
2024-04-04,Puebla,1,31,32
2024-04-04,Querétaro,3,19,22
2024-04-04,Quintana Roo,1,17,18
2024-04-04,Sinaloa,2,17,19
2024-04-04,Sonora,3,51,54
2024-04-04,Veracruz de Ignacio de la Llave,1,20,21
2024-04-04,Yucatán,1,25,26
2024-04-04,Zacatecas,4,5,9
2024-04-05,Aguascalientes,2,10,12
2024-04-05,Baja California,1,29,30
2024-04-05,Baja California Sur,3,21,24
2024-04-05,Campeche,1,12,13
2024-04-05,Chiapas,1,10,11
2024-04-05,Chihuahua,1,78,79
2024-04-05,Coahuila de Zaragoza,1,32,33
2024-04-05,Colima,2,20,22
2024-04-05,Durango,3,31,34
2024-04-05,Guanajuato,1,49,50
2024-04-05,Guerrero,2,15,17
2024-04-05,Michoacán de Ocampo,3,40,43
2024-04-05,México,2,57,59
2024-04-05,Nayarit,3,1,4
2024-04-05,Nuevo León,2,216,218
2024-04-05,Oaxaca,4,7,11
2024-04-05,Puebla,2,30,32
2024-04-05,Querétaro,1,36,37
2024-04-05,Quintana Roo,3,19,22
2024-04-05,Sinaloa,3,16,19
2024-04-05,Sonora,4,73,77
2024-04-05,Tabasco,2,7,9
2024-04-05,Tamaulipas,2,33,35
2024-04-05,Yucatán,3,23,26
2024-04-05,Zacatecas,1,7,8
2024-04-06,Aguascalientes,3,17,20
2024-04-06,Baja California,2,20,22
2024-04-06,Baja California Sur,1,24,25
2024-04-06,Chiapas,1,9,10
2024-04-06,Chihuahua,4,76,80
2024-04-06,Coahuila de Zaragoza,2,29,31
2024-04-06,Colima,1,19,20
2024-04-06,Durango,1,29,30
2024-04-06,Guanajuato,2,63,65
2024-04-06,Guerrero,2,27,29
2024-04-06,Hidalgo,2,19,21
2024-04-06,Jalisco,1,59,60
2024-04-06,Michoacán de Ocampo,1,38,39
2024-04-06,Morelos,1,30,31
2024-04-06,Nayarit,1,12,13
2024-04-06,Puebla,3,41,44
2024-04-06,Querétaro,6,32,38
2024-04-06,Quintana Roo,2,29,31
2024-04-06,Sinaloa,1,21,22
2024-04-06,Sonora,5,58,63
2024-04-06,Tabasco,1,7,8
2024-04-06,Tlaxcala,2,5,7
2024-04-06,Yucatán,2,22,24
2024-04-06,Zacatecas,2,6,8
2024-04-07,Aguascalientes,4,10,14
2024-04-07,Baja California,2,28,30
2024-04-07,Baja California Sur,2,16,18
2024-04-07,Chihuahua,3,65,68
2024-04-07,Coahuila de Zaragoza,1,33,34
2024-04-07,Colima,1,18,19
2024-04-07,Durango,2,32,34
2024-04-07,Guanajuato,3,42,45
2024-04-07,Guerrero,3,25,28
2024-04-07,Hidalgo,1,18,19
2024-04-07,Jalisco,1,47,48
2024-04-07,Michoacán de Ocampo,2,50,52
2024-04-07,Morelos,1,27,28
2024-04-07,México,1,55,56
2024-04-07,Nayarit,3,8,11
2024-04-07,Nuevo León,1,149,150
2024-04-07,Oaxaca,2,8,10
2024-04-07,Puebla,2,41,43
2024-04-07,Querétaro,1,35,36
2024-04-07,Quintana Roo,1,29,30
2024-04-07,San Luis Potosí,1,30,31
2024-04-07,Sinaloa,1,25,26
2024-04-07,Tabasco,2,8,10
2024-04-07,Veracruz de Ignacio de la Llave,3,16,19
2024-04-07,Yucatán,4,25,29
2024-04-07,Zacatecas,4,4,8
2024-04-08,Aguascalientes,3,11,14
2024-04-08,Baja California,1,30,31
2024-04-08,Campeche,1,12,13
2024-04-08,Coahuila de Zaragoza,2,27,29
2024-04-08,Guerrero,1,18,19
2024-04-08,Morelos,4,22,26
2024-04-08,México,3,60,63
2024-04-08,Nayarit,2,4,6
2024-04-08,Nuevo León,1,191,192
2024-04-08,Oaxaca,2,7,9
2024-04-08,Puebla,2,36,38
2024-04-08,Quintana Roo,3,24,27
2024-04-08,Sinaloa,1,19,20
2024-04-08,Sonora,1,66,67
2024-04-08,Tabasco,2,6,8
2024-04-08,Tamaulipas,1,36,37
2024-04-08,Tlaxcala,1,1,2
2024-04-08,Veracruz de Ignacio de la Llave,1,37,38
2024-04-08,Zacatecas,2,4,6
2024-04-09,Baja California,1,22,23
2024-04-09,Baja California Sur,1,18,19
2024-04-09,Chiapas,1,4,5
2024-04-09,Chihuahua,1,54,55
2024-04-09,Colima,2,21,23
2024-04-09,Guanajuato,4,33,37
2024-04-09,Guerrero,3,17,20
2024-04-09,Hidalgo,1,12,13
2024-04-09,Jalisco,1,58,59
2024-04-09,Michoacán de Ocampo,2,58,60
2024-04-09,Morelos,3,31,34
2024-04-09,México,1,53,54
2024-04-09,Nayarit,1,1,2
2024-04-09,Nuevo León,1,259,260
2024-04-09,Puebla,1,40,41
2024-04-09,Querétaro,2,17,19
2024-04-09,Quintana Roo,2,18,20
2024-04-09,San Luis Potosí,1,23,24
2024-04-09,Sonora,2,75,77
2024-04-09,Tlaxcala,2,7,9
2024-04-09,Yucatán,3,20,23
2024-04-09,Zacatecas,1,11,12
2024-04-10,Campeche,3,11,14
2024-04-10,Chiapas,1,7,8
2024-04-10,Chihuahua,4,66,70
2024-04-10,Coahuila de Zaragoza,1,39,40
2024-04-10,Guanajuato,1,45,46
2024-04-10,Hidalgo,2,19,21
2024-04-10,Michoacán de Ocampo,3,48,51
2024-04-10,Morelos,2,28,30
2024-04-10,Nayarit,1,3,4
2024-04-10,Nuevo León,1,261,262
2024-04-10,Quintana Roo,2,15,17
2024-04-10,Sonora,2,79,81
2024-04-10,Tamaulipas,3,40,43
2024-04-11,Aguascalientes,1,6,7
2024-04-11,Baja California,2,36,38
2024-04-11,Campeche,2,8,10
2024-04-11,Chiapas,1,6,7
2024-04-11,Chihuahua,1,56,57
2024-04-11,Guanajuato,2,40,42
2024-04-11,Guerrero,1,21,22
2024-04-11,Hidalgo,2,13,15
2024-04-11,Jalisco,1,37,38
2024-04-11,México,1,54,55
2024-04-11,Oaxaca,3,12,15
2024-04-11,Puebla,1,38,39
2024-04-11,Querétaro,1,22,23
2024-04-11,Quintana Roo,1,22,23
2024-04-11,San Luis Potosí,1,12,13
2024-04-11,Sinaloa,2,16,18
2024-04-11,Sonora,2,76,78
2024-04-11,Tamaulipas,2,32,34
2024-04-11,Tlaxcala,3,5,8
2024-04-11,Veracruz de Ignacio de la Llave,1,18,19
2024-04-11,Yucatán,2,15,17
2024-04-11,Zacatecas,3,10,13
2024-04-12,Aguascalientes,2,9,11
2024-04-12,Baja California Sur,1,15,16
2024-04-12,Chiapas,1,8,9
2024-04-12,Chihuahua,1,83,84
2024-04-12,Coahuila de Zaragoza,3,28,31
2024-04-12,Colima,1,13,14
2024-04-12,Durango,1,34,35
2024-04-12,Guanajuato,4,47,51
2024-04-12,Jalisco,1,58,59
2024-04-12,Michoacán de Ocampo,1,53,54
2024-04-12,Morelos,1,34,35
2024-04-12,México,1,56,57
2024-04-12,Nuevo León,2,257,259
2024-04-12,Oaxaca,1,13,14
2024-04-12,Puebla,3,57,60
2024-04-12,Querétaro,2,24,26
2024-04-12,Quintana Roo,3,28,31
2024-04-12,San Luis Potosí,1,18,19
2024-04-12,Sinaloa,3,14,17
2024-04-12,Sonora,1,66,67
2024-04-12,Tabasco,1,8,9
2024-04-12,Tamaulipas,2,31,33
2024-04-12,Tlaxcala,1,5,6
2024-04-12,Veracruz de Ignacio de la Llave,1,23,24
2024-04-12,Yucatán,5,16,21
2024-04-13,Aguascalientes,3,16,19
2024-04-13,Baja California,2,45,47
2024-04-13,Baja California Sur,2,9,11
2024-04-13,Campeche,1,15,16
2024-04-13,Chiapas,2,11,13
2024-04-13,Coahuila de Zaragoza,1,35,36
2024-04-13,Colima,3,32,35
2024-04-13,Durango,1,43,44
2024-04-13,Guerrero,2,18,20
2024-04-13,Hidalgo,2,16,18
2024-04-13,Jalisco,1,57,58
2024-04-13,Michoacán de Ocampo,4,51,55
2024-04-13,Morelos,3,40,43
2024-04-13,México,1,69,70
2024-04-13,Nayarit,2,12,14
2024-04-13,Oaxaca,1,12,13
2024-04-13,Puebla,4,39,43
2024-04-13,Querétaro,3,23,26
2024-04-13,Quintana Roo,3,19,22
2024-04-13,Sinaloa,1,22,23
2024-04-13,Sonora,1,67,68
2024-04-13,Tabasco,1,13,14
2024-04-13,Tamaulipas,2,40,42
2024-04-13,Veracruz de Ignacio de la Llave,2,32,34
2024-04-13,Yucatán,1,27,28
2024-04-13,Zacatecas,2,7,9
2024-04-14,Aguascalientes,3,14,17
2024-04-14,Campeche,1,6,7
2024-04-14,Chiapas,2,9,11
2024-04-14,Chihuahua,3,77,80
2024-04-14,Coahuila de Zaragoza,1,33,34
2024-04-14,Colima,5,19,24
2024-04-14,Hidalgo,2,17,19
2024-04-14,Jalisco,4,63,67
2024-04-14,Michoacán de Ocampo,1,55,56
2024-04-14,México,2,58,60
2024-04-14,Nuevo León,2,196,198
2024-04-14,Oaxaca,3,15,18
2024-04-14,Querétaro,1,32,33
2024-04-14,Quintana Roo,3,21,24
2024-04-14,San Luis Potosí,7,13,20
2024-04-14,Sinaloa,1,26,27
2024-04-14,Sonora,2,76,78
2024-04-14,Tabasco,4,12,16
2024-04-14,Tamaulipas,1,36,37
2024-04-14,Tlaxcala,1,4,5
2024-04-14,Yucatán,1,30,31
2024-04-14,Zacatecas,1,12,13
2024-04-15,Aguascalientes,1,14,15
2024-04-15,Baja California,2,39,41
2024-04-15,Campeche,1,10,11
2024-04-15,Chiapas,3,15,18
2024-04-15,Chihuahua,2,84,86
2024-04-15,Coahuila de Zaragoza,4,21,25
2024-04-15,Colima,5,13,18
2024-04-15,Durango,1,38,39
2024-04-15,Guanajuato,2,43,45
2024-04-15,Guerrero,1,25,26
2024-04-15,Hidalgo,2,25,27
2024-04-15,Jalisco,2,51,53
2024-04-15,Michoacán de Ocampo,1,54,55
2024-04-15,México,2,59,61
2024-04-15,Nuevo León,1,226,227
2024-04-15,Quintana Roo,1,24,25
2024-04-15,San Luis Potosí,2,22,24
2024-04-15,Tabasco,2,5,7
2024-04-15,Tamaulipas,2,38,40
2024-04-15,Veracruz de Ignacio de la Llave,2,36,38
2024-04-15,Yucatán,2,18,20
2024-04-15,Zacatecas,3,7,10
2024-04-16,Aguascalientes,3,10,13
2024-04-16,Baja California,3,39,42
2024-04-16,Baja California Sur,3,23,26
2024-04-16,Campeche,2,11,13
2024-04-16,Chiapas,3,10,13
2024-04-16,Coahuila de Zaragoza,2,28,30
2024-04-16,Durango,2,23,25
2024-04-16,Guanajuato,2,54,56
2024-04-16,Hidalgo,1,16,17
2024-04-16,Morelos,4,23,27
2024-04-16,Nayarit,1,6,7
2024-04-16,Nuevo León,1,210,211
2024-04-16,Oaxaca,4,13,17
2024-04-16,Puebla,1,40,41
2024-04-16,Querétaro,3,21,24
2024-04-16,Quintana Roo,2,16,18
2024-04-16,San Luis Potosí,1,19,20
2024-04-16,Sinaloa,2,12,14
2024-04-16,Sonora,3,78,81
2024-04-16,Tabasco,3,7,10
2024-04-16,Tamaulipas,3,34,37
2024-04-16,Tlaxcala,2,6,8
2024-04-16,Zacatecas,2,3,5
2024-04-17,Aguascalientes,1,10,11
2024-04-17,Baja California,1,29,30
2024-04-17,Baja California Sur,1,16,17
2024-04-17,Campeche,2,13,15
2024-04-17,Chiapas,1,13,14
2024-04-17,Chihuahua,2,52,54
2024-04-17,Coahuila de Zaragoza,1,35,36
2024-04-17,Colima,6,11,17
2024-04-17,Guanajuato,2,48,50
2024-04-17,Hidalgo,2,16,18
2024-04-17,Jalisco,3,44,47
2024-04-17,Michoacán de Ocampo,2,45,47
2024-04-17,Morelos,1,30,31
2024-04-17,México,2,40,42
2024-04-17,Nayarit,2,5,7
2024-04-17,Nuevo León,2,269,271
2024-04-17,Puebla,1,41,42
2024-04-17,Querétaro,2,24,26
2024-04-17,Quintana Roo,2,28,30
2024-04-17,San Luis Potosí,1,15,16
2024-04-17,Sinaloa,1,13,14
2024-04-17,Tabasco,1,13,14
2024-04-17,Tlaxcala,1,5,6
2024-04-17,Yucatán,2,22,24
2024-04-17,Zacatecas,1,6,7
2024-04-18,Aguascalientes,1,5,6
2024-04-18,Baja California,2,30,32
2024-04-18,Campeche,3,7,10
2024-04-18,Chiapas,1,5,6
2024-04-18,Chihuahua,1,82,83
2024-04-18,Coahuila de Zaragoza,1,25,26
2024-04-18,Colima,2,10,12
2024-04-18,Durango,1,33,34
2024-04-18,Guanajuato,2,53,55
2024-04-18,Hidalgo,1,25,26
2024-04-18,Jalisco,3,66,69
2024-04-18,Michoacán de Ocampo,2,48,50
2024-04-18,Morelos,1,29,30
2024-04-18,México,1,63,64
2024-04-18,Nayarit,2,5,7
2024-04-18,Nuevo León,2,235,237
2024-04-18,Puebla,3,36,39
2024-04-18,San Luis Potosí,1,13,14
2024-04-18,Sinaloa,2,21,23
2024-04-18,Sonora,1,70,71
2024-04-18,Tamaulipas,2,33,35
2024-04-18,Tlaxcala,1,4,5
2024-04-18,Veracruz de Ignacio de la Llave,1,37,38
2024-04-18,Zacatecas,1,12,13
2024-04-19,Aguascalientes,2,15,17
2024-04-19,Baja California,2,46,48
2024-04-19,Baja California Sur,1,18,19
2024-04-19,Chiapas,2,13,15
2024-04-19,Chihuahua,2,78,80
2024-04-19,Coahuila de Zaragoza,1,27,28
2024-04-19,Colima,2,28,30
2024-04-19,Durango,2,40,42
2024-04-19,Guanajuato,1,60,61
2024-04-19,Hidalgo,1,14,15
2024-04-19,Jalisco,2,59,61
2024-04-19,Michoacán de Ocampo,3,57,60
2024-04-19,Morelos,1,33,34
2024-04-19,México,1,65,66
2024-04-19,Nayarit,2,5,7
2024-04-19,Nuevo León,1,236,237
2024-04-19,Puebla,1,40,41
2024-04-19,Querétaro,1,45,46
2024-04-19,Sinaloa,2,19,21
2024-04-19,Tamaulipas,2,41,43
2024-04-19,Tlaxcala,1,6,7
2024-04-19,Veracruz de Ignacio de la Llave,1,27,28
2024-04-19,Yucatán,2,20,22
2024-04-19,Zacatecas,4,9,13
2024-04-20,Aguascalientes,2,24,26
2024-04-20,Baja California,1,40,41
2024-04-20,Baja California Sur,3,15,18
2024-04-20,Chiapas,1,12,13
2024-04-20,Chihuahua,2,73,75
2024-04-20,Colima,1,21,22
2024-04-20,Durango,3,32,35
2024-04-20,Guanajuato,1,60,61
2024-04-20,Guerrero,1,15,16
2024-04-20,Hidalgo,1,25,26
2024-04-20,Jalisco,1,53,54
2024-04-20,Morelos,2,29,31
2024-04-20,México,4,53,57
2024-04-20,Nayarit,2,17,19
2024-04-20,Nuevo León,3,199,202
2024-04-20,Oaxaca,2,18,20
2024-04-20,Puebla,4,65,69
2024-04-20,Querétaro,1,45,46
2024-04-20,San Luis Potosí,1,24,25
2024-04-20,Sinaloa,1,22,23
2024-04-20,Sonora,1,68,69
2024-04-20,Tabasco,4,11,15
2024-04-20,Tlaxcala,1,6,7
2024-04-20,Veracruz de Ignacio de la Llave,1,24,25
2024-04-20,Yucatán,4,36,40
2024-04-20,Zacatecas,2,8,10
2024-04-21,Aguascalientes,2,15,17
2024-04-21,Baja California,3,32,35
2024-04-21,Chiapas,2,11,13
2024-04-21,Chihuahua,3,75,78
2024-04-21,Coahuila de Zaragoza,2,29,31
2024-04-21,Colima,3,14,17
2024-04-21,Guanajuato,3,62,65
2024-04-21,Hidalgo,2,11,13
2024-04-21,Jalisco,2,64,66
2024-04-21,Michoacán de Ocampo,1,55,56
2024-04-21,México,2,53,55
2024-04-21,Nayarit,1,9,10
2024-04-21,Nuevo León,1,152,153
2024-04-21,Oaxaca,4,17,21
2024-04-21,Puebla,3,43,46
2024-04-21,Querétaro,3,33,36
2024-04-21,Quintana Roo,5,13,18
2024-04-21,San Luis Potosí,4,24,28
2024-04-21,Sonora,2,71,73
2024-04-21,Tabasco,2,7,9
2024-04-21,Tlaxcala,1,7,8
2024-04-21,Veracruz de Ignacio de la Llave,3,14,17
2024-04-21,Yucatán,1,32,33
2024-04-21,Zacatecas,2,14,16
2024-04-22,Aguascalientes,2,14,16
2024-04-22,Baja California Sur,2,16,18
2024-04-22,Chiapas,1,9,10
2024-04-22,Chihuahua,1,62,63
2024-04-22,Coahuila de Zaragoza,5,26,31
2024-04-22,Colima,2,15,17
2024-04-22,Durango,2,26,28
2024-04-22,Guanajuato,2,48,50
2024-04-22,Hidalgo,2,13,15
2024-04-22,Morelos,2,18,20
2024-04-22,México,2,53,55
2024-04-22,Nayarit,3,10,13
2024-04-22,Nuevo León,1,206,207
2024-04-22,Oaxaca,3,11,14
2024-04-22,Puebla,2,45,47
2024-04-22,Quintana Roo,2,30,32
2024-04-22,Sinaloa,1,24,25
2024-04-22,Sonora,2,75,77
2024-04-22,Tabasco,1,4,5
2024-04-22,Tamaulipas,1,30,31
2024-04-22,Tlaxcala,1,3,4
2024-04-22,Yucatán,1,20,21
2024-04-22,Zacatecas,3,10,13
2024-04-23,Aguascalientes,2,5,7
2024-04-23,Baja California,2,29,31
2024-04-23,Baja California Sur,3,27,30
2024-04-23,Campeche,2,9,11
2024-04-23,Chiapas,2,7,9
2024-04-23,Chihuahua,2,71,73
2024-04-23,Coahuila de Zaragoza,1,23,24
2024-04-23,Colima,1,30,31
2024-04-23,Durango,1,27,28
2024-04-23,Guanajuato,1,39,40
2024-04-23,Guerrero,2,23,25
2024-04-23,Morelos,4,22,26
2024-04-23,México,3,49,52
2024-04-23,Nayarit,1,3,4
2024-04-23,Nuevo León,2,223,225
2024-04-23,Oaxaca,1,9,10
2024-04-23,Puebla,1,35,36
2024-04-23,Querétaro,3,18,21
2024-04-23,San Luis Potosí,1,22,23
2024-04-23,Sonora,1,61,62
2024-04-23,Tabasco,2,4,6
2024-04-23,Tlaxcala,1,8,9
2024-04-23,Veracruz de Ignacio de la Llave,4,27,31
2024-04-23,Yucatán,1,23,24
2024-04-23,Zacatecas,3,7,10
2024-04-24,Aguascalientes,1,4,5
2024-04-24,Baja California,1,20,21
2024-04-24,Campeche,1,10,11
2024-04-24,Chiapas,2,10,12
2024-04-24,Chihuahua,1,66,67
2024-04-24,Coahuila de Zaragoza,2,28,30
2024-04-24,Colima,1,16,17
2024-04-24,Guanajuato,1,40,41
2024-04-24,Jalisco,1,46,47
2024-04-24,Michoacán de Ocampo,1,42,43
2024-04-24,Morelos,2,25,27
2024-04-24,México,2,55,57
2024-04-24,Nayarit,4,6,10
2024-04-24,Oaxaca,4,14,18
2024-04-24,Querétaro,2,20,22
2024-04-24,Quintana Roo,1,19,20
2024-04-24,Sinaloa,4,19,23
2024-04-24,Sonora,4,68,72
2024-04-24,Tabasco,3,2,5
2024-04-24,Tamaulipas,3,40,43
2024-04-24,Tlaxcala,1,4,5
2024-04-24,Veracruz de Ignacio de la Llave,3,29,32
2024-04-24,Zacatecas,4,4,8
2024-04-25,Aguascalientes,1,12,13
2024-04-25,Baja California,2,30,32
2024-04-25,Baja California Sur,1,18,19
2024-04-25,Campeche,1,10,11
2024-04-25,Chiapas,4,5,9
2024-04-25,Chihuahua,1,64,65
2024-04-25,Coahuila de Zaragoza,2,25,27
2024-04-25,Guerrero,2,16,18
2024-04-25,Hidalgo,1,13,14
2024-04-25,Jalisco,2,42,44
2024-04-25,Morelos,1,19,20
2024-04-25,Nuevo León,6,245,251
2024-04-25,Oaxaca,1,17,18
2024-04-25,Puebla,2,29,31
2024-04-25,Querétaro,2,22,24
2024-04-25,Quintana Roo,1,19,20
2024-04-25,Sinaloa,2,18,20
2024-04-25,Sonora,1,65,66
2024-04-25,Tlaxcala,1,6,7
2024-04-25,Veracruz de Ignacio de la Llave,1,27,28
2024-04-25,Yucatán,1,20,21
2024-04-26,Aguascalientes,3,6,9
2024-04-26,Baja California Sur,1,28,29
2024-04-26,Campeche,1,14,15
2024-04-26,Chiapas,1,5,6
2024-04-26,Coahuila de Zaragoza,2,29,31
2024-04-26,Guanajuato,3,47,50
2024-04-26,Hidalgo,1,14,15
2024-04-26,Jalisco,3,47,50
2024-04-26,Michoacán de Ocampo,4,49,53
2024-04-26,Morelos,2,24,26
2024-04-26,México,1,58,59
2024-04-26,Nayarit,2,9,11
2024-04-26,Nuevo León,1,221,222
2024-04-26,Oaxaca,1,13,14
2024-04-26,Puebla,1,34,35
2024-04-26,Querétaro,1,30,31
2024-04-26,San Luis Potosí,3,16,19
2024-04-26,Sonora,3,71,74
2024-04-26,Tabasco,1,5,6
2024-04-26,Tlaxcala,1,6,7
2024-04-26,Veracruz de Ignacio de la Llave,2,22,24
2024-04-27,Aguascalientes,3,13,16
2024-04-27,Baja California,2,38,40
2024-04-27,Baja California Sur,1,19,20
2024-04-27,Campeche,2,12,14
2024-04-27,Chiapas,1,21,22
2024-04-27,Chihuahua,2,75,77
2024-04-27,Coahuila de Zaragoza,3,32,35
2024-04-27,Colima,3,21,24
2024-04-27,Durango,2,45,47
2024-04-27,Guerrero,2,30,32
2024-04-27,Hidalgo,2,13,15
2024-04-27,Jalisco,2,55,57
2024-04-27,Michoacán de Ocampo,1,46,47
2024-04-27,Morelos,1,34,35
2024-04-27,México,2,75,77
2024-04-27,Nayarit,2,9,11
2024-04-27,Nuevo León,1,228,229
2024-04-27,Puebla,1,28,29
2024-04-27,Querétaro,1,29,30
2024-04-27,San Luis Potosí,1,21,22
2024-04-27,Sinaloa,2,25,27
2024-04-27,Sonora,1,75,76
2024-04-27,Tabasco,1,7,8
2024-04-27,Tamaulipas,1,37,38
2024-04-27,Veracruz de Ignacio de la Llave,2,34,36
2024-04-27,Yucatán,1,35,36
2024-04-27,Zacatecas,2,3,5
2024-04-28,Aguascalientes,1,18,19
2024-04-28,Baja California,1,35,36
2024-04-28,Campeche,1,16,17
2024-04-28,Chiapas,2,110,112
2024-04-28,Chihuahua,3,85,88
2024-04-28,Coahuila de Zaragoza,1,51,52
2024-04-28,Durango,1,31,32
2024-04-28,Guanajuato,1,64,65
2024-04-28,Hidalgo,1,77,78
2024-04-28,Michoacán de Ocampo,1,79,80
2024-04-28,México,1,40,41
2024-04-28,Nuevo León,2,197,199
2024-04-28,Puebla,2,169,171
2024-04-28,Querétaro,1,24,25
2024-04-28,Quintana Roo,1,26,27
2024-04-28,San Luis Potosí,1,58,59
2024-04-28,Sinaloa,1,24,25
2024-04-28,Sonora,1,109,110
2024-04-28,Tabasco,2,16,18
2024-04-28,Tamaulipas,2,63,65
2024-04-28,Tlaxcala,1,44,45
2024-04-28,Veracruz de Ignacio de la Llave,2,156,158
2024-04-28,Yucatán,2,54,56
2024-04-28,Zacatecas,2,29,31
2024-04-29,Aguascalientes,1,13,14
2024-04-29,Baja California Sur,1,24,25
2024-04-29,Campeche,3,9,12
2024-04-29,Chiapas,2,8,10
2024-04-29,Chihuahua,2,78,80
2024-04-29,Coahuila de Zaragoza,2,14,16
2024-04-29,Colima,3,18,21
2024-04-29,Durango,1,38,39
2024-04-29,Guerrero,3,25,28
2024-04-29,Hidalgo,1,14,15
2024-04-29,Jalisco,1,56,57
2024-04-29,Morelos,2,20,22
2024-04-29,Nayarit,1,5,6
2024-04-29,Puebla,5,31,36
2024-04-29,Querétaro,2,34,36
2024-04-29,Quintana Roo,1,13,14
2024-04-29,San Luis Potosí,1,16,17
2024-04-29,Sinaloa,1,23,24
2024-04-29,Sonora,2,57,59
2024-04-29,Tamaulipas,2,28,30
2024-04-29,Veracruz de Ignacio de la Llave,2,38,40
2024-04-29,Yucatán,3,26,29
2024-04-29,Zacatecas,2,6,8
2024-04-30,Baja California,1,31,32
2024-04-30,Baja California Sur,2,15,17
2024-04-30,Campeche,2,16,18
2024-04-30,Chihuahua,3,82,85
2024-04-30,Coahuila de Zaragoza,1,31,32
2024-04-30,Durango,1,22,23
2024-04-30,Guanajuato,3,40,43
2024-04-30,Guerrero,1,21,22
2024-04-30,Jalisco,5,58,63
2024-04-30,Michoacán de Ocampo,2,32,34
2024-04-30,Morelos,4,17,21
2024-04-30,México,1,57,58
2024-04-30,Nayarit,2,2,4
2024-04-30,Oaxaca,1,11,12
2024-04-30,Puebla,2,32,34
2024-04-30,Querétaro,1,29,30
2024-04-30,Sinaloa,2,15,17
2024-04-30,Sonora,2,74,76
2024-04-30,Tabasco,3,2,5
2024-04-30,Tlaxcala,1,5,6
2024-04-30,Veracruz de Ignacio de la Llave,1,34,35
2024-04-30,Zacatecas,3,9,12
2024-05-01,Baja California,2,21,23
2024-05-01,Campeche,1,9,10
2024-05-01,Chiapas,2,6,8
2024-05-01,Chihuahua,3,50,53
2024-05-01,Coahuila de Zaragoza,2,26,28
2024-05-01,Colima,3,17,20
2024-05-01,Durango,2,26,28
2024-05-01,Guanajuato,2,43,45
2024-05-01,Guerrero,4,17,21
2024-05-01,Hidalgo,1,12,13
2024-05-01,Jalisco,1,42,43
2024-05-01,Morelos,1,25,26
2024-05-01,México,3,61,64
2024-05-01,Oaxaca,2,9,11
2024-05-01,Querétaro,4,14,18
2024-05-01,Quintana Roo,1,14,15
2024-05-01,San Luis Potosí,1,17,18
2024-05-01,Sonora,1,52,53
2024-05-01,Tamaulipas,1,31,32
2024-05-01,Veracruz de Ignacio de la Llave,2,20,22
2024-05-01,Yucatán,2,20,22
2024-05-02,Aguascalientes,1,12,13
2024-05-02,Baja California,3,24,27
2024-05-02,Campeche,1,7,8
2024-05-02,Chiapas,2,6,8
2024-05-02,Chihuahua,1,76,77
2024-05-02,Guanajuato,2,47,49
2024-05-02,Guerrero,1,23,24
2024-05-02,Jalisco,3,37,40
2024-05-02,Michoacán de Ocampo,1,56,57
2024-05-02,Morelos,1,30,31
2024-05-02,México,3,65,68
2024-05-02,Nuevo León,2,232,234
2024-05-02,Oaxaca,2,16,18
2024-05-02,Querétaro,2,24,26
2024-05-02,Quintana Roo,1,21,22
2024-05-02,San Luis Potosí,2,18,20
2024-05-02,Sinaloa,3,20,23
2024-05-02,Tabasco,4,6,10
2024-05-02,Tamaulipas,2,54,56
2024-05-02,Tlaxcala,1,4,5
2024-05-02,Veracruz de Ignacio de la Llave,1,28,29
2024-05-02,Zacatecas,1,8,9
2024-05-03,Aguascalientes,1,10,11
2024-05-03,Baja California,3,40,43
2024-05-03,Campeche,1,7,8
2024-05-03,Chiapas,2,7,9
2024-05-03,Chihuahua,2,71,73
2024-05-03,Colima,4,13,17
2024-05-03,Durango,1,30,31
2024-05-03,Guanajuato,2,61,63
2024-05-03,Hidalgo,4,12,16
2024-05-03,Michoacán de Ocampo,2,43,45
2024-05-03,México,1,48,49
2024-05-03,Nayarit,2,12,14
2024-05-03,Nuevo León,2,255,257
2024-05-03,Oaxaca,2,17,19
2024-05-03,Puebla,2,33,35
2024-05-03,Querétaro,2,24,26
2024-05-03,Quintana Roo,4,20,24
2024-05-03,San Luis Potosí,1,29,30
2024-05-03,Sinaloa,1,25,26
2024-05-03,Sonora,1,83,84
2024-05-03,Tlaxcala,2,7,9
2024-05-03,Veracruz de Ignacio de la Llave,2,36,38
2024-05-04,Aguascalientes,2,15,17
2024-05-04,Baja California,3,34,37
2024-05-04,Campeche,2,11,13
2024-05-04,Chihuahua,1,71,72
2024-05-04,Coahuila de Zaragoza,1,30,31
2024-05-04,Colima,2,23,25
2024-05-04,Durango,2,36,38
2024-05-04,Guanajuato,2,69,71
2024-05-04,Guerrero,1,21,22
2024-05-04,Hidalgo,1,20,21
2024-05-04,Morelos,1,20,21
2024-05-04,Nayarit,2,9,11
2024-05-04,Oaxaca,3,13,16
2024-05-04,Puebla,1,32,33
2024-05-04,Querétaro,1,31,32
2024-05-04,Quintana Roo,1,22,23
2024-05-04,Sinaloa,1,22,23
2024-05-04,Sonora,2,81,83
2024-05-04,Tabasco,3,10,13
2024-05-04,Tamaulipas,3,39,42
2024-05-04,Tlaxcala,2,9,11
2024-05-04,Veracruz de Ignacio de la Llave,1,23,24
2024-05-04,Yucatán,4,35,39
2024-05-04,Zacatecas,1,8,9
2024-05-05,Baja California,3,78,81
2024-05-05,Campeche,1,8,9
2024-05-05,Chiapas,1,9,10
2024-05-05,Coahuila de Zaragoza,1,45,46
2024-05-05,Durango,3,31,34
2024-05-05,Guanajuato,4,55,59
2024-05-05,Guerrero,4,23,27
2024-05-05,Jalisco,3,66,69
2024-05-05,Michoacán de Ocampo,2,50,52
2024-05-05,México,2,55,57
2024-05-05,Nayarit,4,12,16
2024-05-05,Nuevo León,2,203,205
2024-05-05,Oaxaca,2,21,23
2024-05-05,Puebla,2,37,39
2024-05-05,Querétaro,1,26,27
2024-05-05,San Luis Potosí,1,26,27
2024-05-05,Tamaulipas,2,31,33
2024-05-05,Tlaxcala,2,8,10
2024-05-05,Veracruz de Ignacio de la Llave,3,24,27
2024-05-05,Zacatecas,2,3,5
2024-05-06,Baja California Sur,1,17,18
2024-05-06,Campeche,2,6,8
2024-05-06,Chiapas,1,13,14
2024-05-06,Chihuahua,1,86,87
2024-05-06,Coahuila de Zaragoza,2,22,24
2024-05-06,Colima,2,14,16
2024-05-06,Durango,1,38,39
2024-05-06,Guanajuato,2,49,51
2024-05-06,Guerrero,1,18,19
2024-05-06,Hidalgo,3,20,23
2024-05-06,Jalisco,2,41,43
2024-05-06,Morelos,3,27,30
2024-05-06,Nayarit,1,9,10
2024-05-06,Nuevo León,3,226,229
2024-05-06,Oaxaca,2,10,12
2024-05-06,Puebla,2,30,32
2024-05-06,Querétaro,2,17,19
2024-05-06,Quintana Roo,1,22,23
2024-05-06,San Luis Potosí,1,13,14
2024-05-06,Sinaloa,1,21,22
2024-05-06,Sonora,2,72,74
2024-05-06,Tamaulipas,1,32,33
2024-05-06,Tlaxcala,2,8,10
2024-05-06,Veracruz de Ignacio de la Llave,1,29,30
2024-05-07,Aguascalientes,2,8,10
2024-05-07,Baja California,1,30,31
2024-05-07,Baja California Sur,1,14,15
2024-05-07,Chiapas,1,11,12
2024-05-07,Chihuahua,2,67,69
2024-05-07,Coahuila de Zaragoza,2,19,21
2024-05-07,Guanajuato,1,52,53
2024-05-07,Guerrero,1,21,22
2024-05-07,Hidalgo,1,16,17
2024-05-07,Jalisco,1,52,53
2024-05-07,Michoacán de Ocampo,1,34,35
2024-05-07,Morelos,1,19,20
2024-05-07,México,1,36,37
2024-05-07,Nayarit,2,12,14
2024-05-07,Nuevo León,3,248,251
2024-05-07,Oaxaca,4,16,20
2024-05-07,Puebla,1,41,42
2024-05-07,Querétaro,4,17,21
2024-05-07,Quintana Roo,2,20,22
2024-05-07,San Luis Potosí,1,15,16
2024-05-07,Sinaloa,2,19,21
2024-05-07,Sonora,2,66,68
2024-05-07,Tabasco,5,8,13
2024-05-07,Tlaxcala,8,6,14
2024-05-07,Yucatán,2,28,30
2024-05-07,Zacatecas,2,4,6
2024-05-08,Aguascalientes,4,7,11
2024-05-08,Baja California,1,25,26
2024-05-08,Campeche,2,9,11
2024-05-08,Chihuahua,1,73,74
2024-05-08,Coahuila de Zaragoza,2,32,34
2024-05-08,Colima,4,18,22
2024-05-08,Durango,1,27,28
2024-05-08,Guanajuato,3,42,45
2024-05-08,Hidalgo,1,12,13
2024-05-08,Jalisco,4,49,53
2024-05-08,Michoacán de Ocampo,2,51,53
2024-05-08,México,1,59,60
2024-05-08,Nayarit,1,5,6
2024-05-08,Nuevo León,1,213,214
2024-05-08,Puebla,3,46,49
2024-05-08,Querétaro,3,24,27
2024-05-08,Quintana Roo,2,14,16
2024-05-08,San Luis Potosí,2,22,24
2024-05-08,Sonora,2,76,78
2024-05-08,Tabasco,1,8,9
2024-05-08,Tlaxcala,2,4,6
2024-05-08,Veracruz de Ignacio de la Llave,1,27,28
2024-05-08,Yucatán,1,20,21
2024-05-09,Aguascalientes,1,10,11
2024-05-09,Baja California,2,29,31
2024-05-09,Baja California Sur,3,13,16
2024-05-09,Campeche,2,5,7
2024-05-09,Chiapas,2,10,12
2024-05-09,Chihuahua,1,73,74
2024-05-09,Durango,1,42,43
2024-05-09,Guanajuato,3,52,55
2024-05-09,Guerrero,1,17,18
2024-05-09,Hidalgo,2,13,15
2024-05-09,Jalisco,1,60,61
2024-05-09,Michoacán de Ocampo,2,43,45
2024-05-09,Morelos,1,26,27
2024-05-09,Nayarit,1,9,10
2024-05-09,Nuevo León,1,220,221
2024-05-09,Puebla,1,32,33
2024-05-09,Sinaloa,3,18,21
2024-05-09,Tabasco,1,8,9
2024-05-09,Tamaulipas,1,41,42
2024-05-09,Tlaxcala,3,4,7
2024-05-09,Veracruz de Ignacio de la Llave,2,47,49
2024-05-09,Yucatán,1,19,20
2024-05-10,Aguascalientes,3,14,17
2024-05-10,Baja California,1,27,28
2024-05-10,Baja California Sur,1,20,21
2024-05-10,Chihuahua,2,63,65
2024-05-10,Coahuila de Zaragoza,1,38,39
2024-05-10,Colima,2,21,23
2024-05-10,Durango,1,40,41
2024-05-10,Guanajuato,1,64,65
2024-05-10,Guerrero,2,17,19
2024-05-10,Michoacán de Ocampo,2,43,45
2024-05-10,Morelos,2,41,43
2024-05-10,Oaxaca,2,16,18
2024-05-10,Puebla,1,34,35
2024-05-10,Querétaro,6,21,27
2024-05-10,Sinaloa,1,24,25
2024-05-10,Sonora,1,94,95
2024-05-10,Tabasco,1,13,14
2024-05-10,Tamaulipas,2,28,30
2024-05-10,Tlaxcala,3,7,10
2024-05-10,Veracruz de Ignacio de la Llave,2,31,33
2024-05-10,Yucatán,1,31,32
2024-05-10,Zacatecas,1,8,9
2024-05-11,Aguascalientes,1,18,19
2024-05-11,Baja California Sur,2,21,23
2024-05-11,Campeche,1,9,10
2024-05-11,Coahuila de Zaragoza,1,32,33
2024-05-11,Durango,4,33,37
2024-05-11,Guanajuato,2,66,68
2024-05-11,Guerrero,2,19,21
2024-05-11,Hidalgo,2,21,23
2024-05-11,Michoacán de Ocampo,1,53,54
2024-05-11,Morelos,1,21,22
2024-05-11,México,2,57,59
2024-05-11,Nuevo León,1,241,242
2024-05-11,Oaxaca,1,17,18
2024-05-11,Puebla,2,35,37
2024-05-11,Querétaro,1,35,36
2024-05-11,Quintana Roo,2,34,36
2024-05-11,San Luis Potosí,2,22,24
2024-05-11,Sinaloa,2,23,25
2024-05-11,Sonora,1,70,71
2024-05-11,Tamaulipas,2,47,49
2024-05-11,Tlaxcala,1,1,2
2024-05-11,Veracruz de Ignacio de la Llave,2,30,32
2024-05-11,Yucatán,2,33,35
2024-05-12,Aguascalientes,2,19,21
2024-05-12,Baja California,1,28,29
2024-05-12,Baja California Sur,2,16,18
2024-05-12,Campeche,1,4,5
2024-05-12,Chiapas,3,11,14
2024-05-12,Coahuila de Zaragoza,1,25,26
2024-05-12,Colima,1,17,18
2024-05-12,Durango,1,25,26
2024-05-12,Guanajuato,2,58,60
2024-05-12,Guerrero,1,21,22
2024-05-12,Hidalgo,4,15,19
2024-05-12,Jalisco,1,51,52
2024-05-12,Michoacán de Ocampo,1,41,42
2024-05-12,Morelos,2,19,21
2024-05-12,Nayarit,1,8,9
2024-05-12,Nuevo León,3,158,161
2024-05-12,Oaxaca,1,17,18
2024-05-12,Puebla,1,31,32
2024-05-12,Querétaro,1,14,15
2024-05-12,Quintana Roo,2,18,20
2024-05-12,San Luis Potosí,2,19,21
2024-05-12,Sinaloa,1,19,20
2024-05-12,Tabasco,2,10,12
2024-05-12,Tamaulipas,1,32,33
2024-05-12,Yucatán,1,26,27
2024-05-12,Zacatecas,1,10,11
2024-05-13,Baja California Sur,2,18,20
2024-05-13,Chiapas,2,13,15
2024-05-13,Colima,4,21,25
2024-05-13,Durango,3,36,39
2024-05-13,Guanajuato,3,44,47
2024-05-13,Guerrero,2,21,23
2024-05-13,Jalisco,1,57,58
2024-05-13,Michoacán de Ocampo,1,33,34
2024-05-13,Morelos,2,23,25
2024-05-13,México,2,49,51
2024-05-13,Nuevo León,5,237,242
2024-05-13,Oaxaca,1,22,23
2024-05-13,Querétaro,3,31,34
2024-05-13,Quintana Roo,1,19,20
2024-05-13,San Luis Potosí,3,21,24
2024-05-13,Sonora,2,73,75
2024-05-13,Tabasco,1,8,9
2024-05-13,Tamaulipas,1,44,45
2024-05-13,Yucatán,1,26,27
2024-05-13,Zacatecas,2,5,7
2024-05-14,Aguascalientes,2,11,13
2024-05-14,Baja California,3,33,36
2024-05-14,Baja California Sur,1,12,13
2024-05-14,Campeche,2,7,9
2024-05-14,Chiapas,4,6,10
2024-05-14,Chihuahua,3,75,78
2024-05-14,Colima,1,27,28
2024-05-14,Durango,1,43,44
2024-05-14,Hidalgo,1,16,17
2024-05-14,Jalisco,1,49,50
2024-05-14,Michoacán de Ocampo,2,36,38
2024-05-14,Morelos,2,15,17
2024-05-14,México,2,58,60
2024-05-14,Oaxaca,1,13,14
2024-05-14,Puebla,1,41,42
2024-05-14,Querétaro,2,23,25
2024-05-14,San Luis Potosí,2,17,19
2024-05-14,Sinaloa,1,16,17
2024-05-14,Tabasco,2,10,12
2024-05-14,Tamaulipas,1,27,28
2024-05-14,Tlaxcala,1,5,6
2024-05-14,Veracruz de Ignacio de la Llave,1,15,16
2024-05-14,Yucatán,3,18,21
2024-05-14,Zacatecas,3,9,12
2024-05-15,Aguascalientes,2,12,14
2024-05-15,Baja California,3,24,27
2024-05-15,Baja California Sur,5,12,17
2024-05-15,Chiapas,2,11,13
2024-05-15,Chihuahua,2,67,69
2024-05-15,Colima,1,18,19
2024-05-15,Durango,4,23,27
2024-05-15,Guerrero,1,25,26
2024-05-15,Hidalgo,4,16,20
2024-05-15,Jalisco,1,53,54
2024-05-15,Michoacán de Ocampo,2,45,47
2024-05-15,Morelos,2,24,26
2024-05-15,México,2,47,49
2024-05-15,Nuevo León,1,194,195
2024-05-15,Oaxaca,1,15,16
2024-05-15,Puebla,3,29,32
2024-05-15,Quintana Roo,1,24,25
2024-05-15,San Luis Potosí,1,15,16
2024-05-15,Sinaloa,5,14,19
2024-05-15,Sonora,3,58,61
2024-05-15,Tamaulipas,2,23,25
2024-05-15,Tlaxcala,1,6,7
2024-05-15,Veracruz de Ignacio de la Llave,2,35,37
2024-05-15,Yucatán,1,17,18
2024-05-15,Zacatecas,2,8,10
2024-05-16,Aguascalientes,3,7,10
2024-05-16,Baja California,1,39,40
2024-05-16,Baja California Sur,3,10,13
2024-05-16,Campeche,1,6,7
2024-05-16,Chiapas,2,13,15
2024-05-16,Chihuahua,2,62,64
2024-05-16,Coahuila de Zaragoza,2,25,27
2024-05-16,Colima,3,21,24
2024-05-16,Durango,1,35,36
2024-05-16,Guanajuato,1,58,59
2024-05-16,Guerrero,2,31,33
2024-05-16,Jalisco,2,46,48
2024-05-16,Michoacán de Ocampo,1,43,44
2024-05-16,Morelos,2,20,22
2024-05-16,México,1,78,79
2024-05-16,Nayarit,1,12,13
2024-05-16,Nuevo León,2,237,239
2024-05-16,Oaxaca,1,15,16
2024-05-16,Puebla,4,36,40
2024-05-16,Quintana Roo,3,17,20
2024-05-16,San Luis Potosí,5,23,28
2024-05-16,Tabasco,1,6,7
2024-05-16,Tamaulipas,2,32,34
2024-05-16,Veracruz de Ignacio de la Llave,1,30,31
2024-05-16,Yucatán,1,20,21
2024-05-16,Zacatecas,1,6,7
2024-05-17,Aguascalientes,3,11,14
2024-05-17,Baja California,4,27,31
2024-05-17,Baja California Sur,2,15,17
2024-05-17,Campeche,1,8,9
2024-05-17,Chihuahua,2,89,91
2024-05-17,Coahuila de Zaragoza,2,25,27
2024-05-17,Colima,1,23,24
2024-05-17,Durango,3,36,39
2024-05-17,Guanajuato,1,47,48
2024-05-17,Guerrero,1,28,29
2024-05-17,Hidalgo,1,20,21
2024-05-17,Jalisco,3,56,59
2024-05-17,Michoacán de Ocampo,2,50,52
2024-05-17,Morelos,1,28,29
2024-05-17,México,2,54,56
2024-05-17,Nayarit,4,8,12
2024-05-17,Nuevo León,1,240,241
2024-05-17,Oaxaca,1,13,14
2024-05-17,Puebla,1,48,49
2024-05-17,Querétaro,1,20,21
2024-05-17,Quintana Roo,1,30,31
2024-05-17,San Luis Potosí,2,22,24
2024-05-17,Sinaloa,1,17,18
2024-05-17,Sonora,2,91,93
2024-05-17,Tabasco,4,9,13
2024-05-17,Tamaulipas,3,37,40
2024-05-17,Tlaxcala,1,9,10
2024-05-17,Veracruz de Ignacio de la Llave,1,39,40
2024-05-17,Yucatán,1,31,32
2024-05-18,Aguascalientes,1,17,18
2024-05-18,Baja California,1,37,38
2024-05-18,Campeche,1,9,10
2024-05-18,Chihuahua,2,91,93
2024-05-18,Coahuila de Zaragoza,1,41,42
2024-05-18,Durango,2,38,40
2024-05-18,Guanajuato,3,57,60
2024-05-18,Hidalgo,1,13,14
2024-05-18,Michoacán de Ocampo,2,52,54
2024-05-18,Morelos,2,25,27
2024-05-18,México,1,59,60
2024-05-18,Nayarit,1,9,10
2024-05-18,Nuevo León,1,230,231
2024-05-18,Oaxaca,1,16,17
2024-05-18,Puebla,1,42,43
2024-05-18,Querétaro,2,31,33
2024-05-18,Quintana Roo,1,26,27
2024-05-18,San Luis Potosí,2,20,22
2024-05-18,Sinaloa,4,26,30
2024-05-18,Sonora,1,78,79
2024-05-18,Tabasco,2,3,5
2024-05-18,Tlaxcala,3,6,9
2024-05-18,Veracruz de Ignacio de la Llave,1,21,22
2024-05-18,Zacatecas,1,13,14
2024-05-19,Aguascalientes,2,24,26
2024-05-19,Baja California Sur,3,18,21
2024-05-19,Campeche,3,13,16
2024-05-19,Chiapas,2,8,10
2024-05-19,Chihuahua,2,84,86
2024-05-19,Coahuila de Zaragoza,1,32,33
2024-05-19,Durango,2,33,35
2024-05-19,Guanajuato,4,61,65
2024-05-19,Guerrero,1,25,26
2024-05-19,Hidalgo,4,19,23
2024-05-19,Michoacán de Ocampo,3,48,51
2024-05-19,Morelos,1,30,31
2024-05-19,México,4,77,81
2024-05-19,Nuevo León,1,195,196
2024-05-19,Oaxaca,2,16,18
2024-05-19,Puebla,2,32,34
2024-05-19,Querétaro,2,25,27
2024-05-19,Quintana Roo,1,25,26
2024-05-19,San Luis Potosí,5,19,24
2024-05-19,Sinaloa,1,26,27
2024-05-19,Tabasco,3,3,6
2024-05-19,Tlaxcala,4,7,11
2024-05-19,Veracruz de Ignacio de la Llave,2,22,24
2024-05-19,Yucatán,2,31,33
2024-05-19,Zacatecas,1,9,10
2024-05-20,Aguascalientes,2,15,17
2024-05-20,Baja California,1,33,34
2024-05-20,Baja California Sur,1,22,23
2024-05-20,Campeche,1,8,9
2024-05-20,Chihuahua,1,83,84
2024-05-20,Guanajuato,3,46,49
2024-05-20,Guerrero,1,26,27
2024-05-20,Hidalgo,1,19,20
2024-05-20,Jalisco,1,45,46
2024-05-20,Morelos,2,26,28
2024-05-20,México,1,64,65
2024-05-20,Nayarit,1,9,10
2024-05-20,Oaxaca,2,18,20
2024-05-20,Quintana Roo,1,21,22
2024-05-20,San Luis Potosí,1,14,15
2024-05-20,Sinaloa,1,14,15
2024-05-20,Sonora,1,67,68
2024-05-20,Tabasco,1,9,10
2024-05-20,Tamaulipas,2,40,42
2024-05-20,Tlaxcala,2,4,6
2024-05-20,Veracruz de Ignacio de la Llave,1,40,41
2024-05-20,Yucatán,1,19,20
2024-05-21,Baja California,1,33,34
2024-05-21,Baja California Sur,4,18,22
2024-05-21,Campeche,2,12,14
2024-05-21,Chiapas,1,6,7
2024-05-21,Coahuila de Zaragoza,2,29,31
2024-05-21,Colima,2,20,22
2024-05-21,Durango,1,23,24
2024-05-21,Guanajuato,1,47,48
2024-05-21,Hidalgo,2,12,14
2024-05-21,Jalisco,2,52,54
2024-05-21,Michoacán de Ocampo,1,40,41
2024-05-21,Morelos,1,11,12
2024-05-21,México,2,48,50
2024-05-21,Nayarit,1,11,12
2024-05-21,Oaxaca,1,13,14
2024-05-21,Quintana Roo,3,17,20
2024-05-21,San Luis Potosí,1,18,19
2024-05-21,Sinaloa,3,19,22
2024-05-21,Sonora,1,85,86
2024-05-21,Tabasco,3,6,9
2024-05-21,Tamaulipas,2,36,38
2024-05-21,Tlaxcala,2,7,9
2024-05-21,Zacatecas,3,8,11
2024-05-22,Aguascalientes,1,8,9
2024-05-22,Baja California,1,32,33
2024-05-22,Baja California Sur,1,9,10
2024-05-22,Campeche,1,5,6
2024-05-22,Chiapas,1,4,5
2024-05-22,Chihuahua,2,76,78
2024-05-22,Coahuila de Zaragoza,2,19,21
2024-05-22,Durango,2,30,32
2024-05-22,Guanajuato,2,34,36
2024-05-22,Guerrero,1,27,28
2024-05-22,Hidalgo,1,12,13
2024-05-22,Michoacán de Ocampo,2,34,36
2024-05-22,Morelos,1,18,19
2024-05-22,México,1,64,65
2024-05-22,Nayarit,2,2,4
2024-05-22,Nuevo León,1,210,211
2024-05-22,Oaxaca,1,11,12
2024-05-22,Quintana Roo,1,17,18
2024-05-22,Sinaloa,2,14,16
2024-05-22,Tamaulipas,1,37,38
2024-05-22,Tlaxcala,2,3,5
2024-05-22,Veracruz de Ignacio de la Llave,2,26,28
2024-05-22,Yucatán,3,11,14
2024-05-23,Aguascalientes,2,7,9
2024-05-23,Campeche,1,7,8
2024-05-23,Chihuahua,1,86,87
2024-05-23,Coahuila de Zaragoza,2,28,30
2024-05-23,Colima,1,22,23
2024-05-23,Durango,1,47,48
2024-05-23,Guanajuato,1,40,41
2024-05-23,Guerrero,2,19,21
2024-05-23,Hidalgo,2,22,24
2024-05-23,Jalisco,1,61,62
2024-05-23,Michoacán de Ocampo,2,50,52
2024-05-23,México,1,55,56
2024-05-23,Nayarit,2,5,7
2024-05-23,Nuevo León,2,233,235
2024-05-23,Oaxaca,1,9,10
2024-05-23,Puebla,2,27,29
2024-05-23,Querétaro,3,19,22
2024-05-23,Quintana Roo,3,19,22
2024-05-23,San Luis Potosí,1,20,21
2024-05-23,Sonora,2,82,84
2024-05-23,Tabasco,2,8,10
2024-05-23,Tamaulipas,2,37,39
2024-05-23,Tlaxcala,2,13,15
2024-05-23,Zacatecas,2,6,8
2024-05-24,Aguascalientes,1,10,11
2024-05-24,Baja California,1,48,49
2024-05-24,Baja California Sur,2,17,19
2024-05-24,Campeche,2,11,13
2024-05-24,Chiapas,3,6,9
2024-05-24,Chihuahua,1,83,84
2024-05-24,Coahuila de Zaragoza,4,35,39
2024-05-24,Colima,3,20,23
2024-05-24,Durango,3,38,41
2024-05-24,Guanajuato,1,47,48
2024-05-24,Guerrero,2,23,25
2024-05-24,Hidalgo,2,16,18
2024-05-24,Jalisco,2,63,65
2024-05-24,Michoacán de Ocampo,3,49,52
2024-05-24,Morelos,2,29,31
2024-05-24,México,1,70,71
2024-05-24,Nayarit,2,10,12
2024-05-24,Oaxaca,2,18,20
2024-05-24,Querétaro,1,23,24
2024-05-24,Quintana Roo,2,19,21
2024-05-24,San Luis Potosí,3,24,27
2024-05-24,Sinaloa,1,23,24
2024-05-24,Sonora,3,78,81
2024-05-24,Tabasco,3,13,16
2024-05-24,Tamaulipas,2,53,55
2024-05-24,Tlaxcala,2,6,8
2024-05-24,Veracruz de Ignacio de la Llave,1,27,28
2024-05-24,Zacatecas,2,6,8
2024-05-25,Aguascalientes,2,15,17
2024-05-25,Baja California,2,52,54
2024-05-25,Baja California Sur,4,17,21
2024-05-25,Campeche,1,9,10
2024-05-25,Chiapas,2,14,16
2024-05-25,Chihuahua,2,103,105
2024-05-25,Coahuila de Zaragoza,2,44,46
2024-05-25,Durango,1,42,43
2024-05-25,Guanajuato,1,65,66
2024-05-25,Guerrero,2,27,29
2024-05-25,Hidalgo,2,18,20
2024-05-25,Jalisco,2,54,56
2024-05-25,Michoacán de Ocampo,2,46,48
2024-05-25,México,3,60,63
2024-05-25,Nuevo León,1,239,240
2024-05-25,Puebla,1,40,41
2024-05-25,Querétaro,1,34,35
2024-05-25,Quintana Roo,4,23,27
2024-05-25,Sinaloa,2,25,27
2024-05-25,Sonora,2,75,77
2024-05-25,Tabasco,2,12,14
2024-05-25,Tamaulipas,2,38,40
2024-05-25,Tlaxcala,1,11,12
2024-05-25,Veracruz de Ignacio de la Llave,1,29,30
2024-05-25,Yucatán,3,34,37
2024-05-25,Zacatecas,1,13,14
2024-05-26,Baja California,1,40,41
2024-05-26,Baja California Sur,1,20,21
2024-05-26,Campeche,1,8,9
2024-05-26,Coahuila de Zaragoza,1,40,41
2024-05-26,Colima,2,14,16
2024-05-26,Durango,3,32,35
2024-05-26,Hidalgo,1,12,13
2024-05-26,Jalisco,4,51,55
2024-05-26,Michoacán de Ocampo,3,51,54
2024-05-26,México,3,61,64
2024-05-26,Nayarit,2,6,8
2024-05-26,Nuevo León,1,201,202
2024-05-26,Oaxaca,2,8,10
2024-05-26,Querétaro,2,26,28
2024-05-26,Quintana Roo,2,17,19
2024-05-26,San Luis Potosí,1,14,15
2024-05-26,Sinaloa,3,27,30
2024-05-26,Sonora,3,88,91
2024-05-26,Tabasco,2,2,4
2024-05-26,Veracruz de Ignacio de la Llave,2,24,26
2024-05-26,Zacatecas,1,14,15
2024-05-27,Aguascalientes,3,10,13
2024-05-27,Baja California,3,44,47
2024-05-27,Baja California Sur,1,11,12
2024-05-27,Chiapas,3,10,13
2024-05-27,Coahuila de Zaragoza,2,28,30
2024-05-27,Colima,2,20,22
2024-05-27,Guanajuato,3,47,50
2024-05-27,Guerrero,1,15,16
2024-05-27,Hidalgo,2,15,17
2024-05-27,Michoacán de Ocampo,3,42,45
2024-05-27,Morelos,1,24,25
2024-05-27,México,2,60,62
2024-05-27,Nayarit,2,7,9
2024-05-27,Nuevo León,1,226,227
2024-05-27,Oaxaca,3,16,19
2024-05-27,Puebla,2,33,35
2024-05-27,Querétaro,1,23,24
2024-05-27,Quintana Roo,2,24,26
2024-05-27,Sinaloa,1,21,22
2024-05-27,Sonora,3,83,86
2024-05-27,Tlaxcala,3,5,8
2024-05-27,Veracruz de Ignacio de la Llave,1,31,32
2024-05-27,Yucatán,1,21,22
2024-05-28,Aguascalientes,2,8,10
2024-05-28,Baja California,1,34,35
2024-05-28,Chihuahua,1,80,81
2024-05-28,Coahuila de Zaragoza,1,31,32
2024-05-28,Colima,1,22,23
2024-05-28,Durango,1,36,37
2024-05-28,Guerrero,2,61,63
2024-05-28,Jalisco,3,118,121
2024-05-28,Morelos,1,26,27
2024-05-28,México,1,59,60
2024-05-28,Nuevo León,1,231,232
2024-05-28,Oaxaca,2,523,525
2024-05-28,Querétaro,3,21,24
2024-05-28,Quintana Roo,1,24,25
2024-05-28,San Luis Potosí,1,57,58
2024-05-28,Sinaloa,1,28,29
2024-05-28,Sonora,1,99,100
2024-05-28,Tabasco,2,4,6
2024-05-28,Tamaulipas,1,52,53
2024-05-28,Tlaxcala,3,32,35
2024-05-28,Veracruz de Ignacio de la Llave,2,141,143
2024-05-28,Yucatán,1,46,47
2024-05-28,Zacatecas,1,22,23
2024-05-29,Aguascalientes,2,9,11
2024-05-29,Baja California,1,31,32
2024-05-29,Baja California Sur,2,24,26
2024-05-29,Campeche,1,6,7
2024-05-29,Chiapas,2,11,13
2024-05-29,Chihuahua,2,64,66
2024-05-29,Coahuila de Zaragoza,1,38,39
2024-05-29,Colima,1,12,13
2024-05-29,Durango,1,30,31
2024-05-29,Guanajuato,2,48,50
2024-05-29,Guerrero,1,16,17
2024-05-29,Jalisco,4,42,46
2024-05-29,Michoacán de Ocampo,2,35,37
2024-05-29,Morelos,2,24,26
2024-05-29,México,5,57,62
2024-05-29,Nuevo León,1,238,239
2024-05-29,Oaxaca,3,4,7
2024-05-29,Puebla,3,39,42
2024-05-29,Querétaro,1,16,17
2024-05-29,Quintana Roo,2,25,27
2024-05-29,Sinaloa,1,12,13
2024-05-29,Sonora,2,50,52
2024-05-29,Tabasco,2,4,6
2024-05-29,Tamaulipas,2,32,34
2024-05-29,Yucatán,2,24,26
2024-05-29,Zacatecas,3,7,10
2024-05-30,Aguascalientes,4,11,15
2024-05-30,Baja California,1,25,26
2024-05-30,Baja California Sur,2,22,24
2024-05-30,Chiapas,1,19,20
2024-05-30,Chihuahua,2,73,75
2024-05-30,Colima,2,14,16
2024-05-30,Guanajuato,2,40,42
2024-05-30,Guerrero,1,8,9
2024-05-30,Jalisco,1,57,58
2024-05-30,Michoacán de Ocampo,4,42,46
2024-05-30,México,2,62,64
2024-05-30,Nayarit,3,6,9
2024-05-30,Puebla,4,40,44
2024-05-30,Querétaro,5,22,27
2024-05-30,Quintana Roo,2,24,26
2024-05-30,San Luis Potosí,1,16,17
2024-05-30,Sinaloa,1,24,25
2024-05-30,Sonora,1,68,69
2024-05-30,Tabasco,4,3,7
2024-05-30,Tamaulipas,4,30,34
2024-05-30,Tlaxcala,1,10,11
2024-05-30,Yucatán,1,23,24
2024-05-30,Zacatecas,1,9,10
2024-05-31,Aguascalientes,1,14,15
2024-05-31,Baja California,3,41,44
2024-05-31,Baja California Sur,2,14,16
2024-05-31,Campeche,2,5,7
2024-05-31,Chiapas,1,12,13
2024-05-31,Coahuila de Zaragoza,1,33,34
2024-05-31,Colima,3,25,28
2024-05-31,Durango,2,34,36
2024-05-31,Guanajuato,1,45,46
2024-05-31,Guerrero,1,25,26
2024-05-31,Hidalgo,4,15,19
2024-05-31,Jalisco,2,59,61
2024-05-31,México,4,59,63
2024-05-31,Nayarit,1,5,6
2024-05-31,Oaxaca,2,12,14
2024-05-31,Querétaro,1,24,25
2024-05-31,Quintana Roo,3,23,26
2024-05-31,Sinaloa,1,11,12
2024-05-31,Sonora,2,86,88
2024-05-31,Tabasco,2,8,10
2024-05-31,Tlaxcala,5,7,12
2024-05-31,Yucatán,1,25,26
2024-05-31,Zacatecas,2,12,14
2024-06-01,Aguascalientes,1,21,22
2024-06-01,Baja California,2,36,38
2024-06-01,Baja California Sur,2,23,25
2024-06-01,Campeche,1,6,7
2024-06-01,Coahuila de Zaragoza,3,30,33
2024-06-01,Colima,1,30,31
2024-06-01,Durango,2,37,39
2024-06-01,Guanajuato,3,64,67
2024-06-01,Guerrero,1,19,20
2024-06-01,Hidalgo,2,19,21
2024-06-01,Morelos,5,29,34
2024-06-01,México,3,73,76
2024-06-01,Nayarit,1,13,14
2024-06-01,Nuevo León,1,197,198
2024-06-01,Puebla,1,44,45
2024-06-01,Querétaro,1,36,37
2024-06-01,Quintana Roo,1,20,21
2024-06-01,San Luis Potosí,1,24,25
2024-06-01,Sinaloa,3,20,23
2024-06-01,Sonora,1,77,78
2024-06-01,Tabasco,1,4,5
2024-06-01,Tamaulipas,3,39,42
2024-06-01,Tlaxcala,3,1,4
2024-06-01,Veracruz de Ignacio de la Llave,1,32,33
2024-06-01,Yucatán,1,25,26
2024-06-01,Zacatecas,2,12,14
2024-06-02,Aguascalientes,1,17,18
2024-06-02,Baja California,1,33,34
2024-06-02,Baja California Sur,2,23,25
2024-06-02,Campeche,3,5,8
2024-06-02,Chiapas,1,7,8
2024-06-02,Coahuila de Zaragoza,2,23,25
2024-06-02,Colima,2,7,9
2024-06-02,Durango,4,29,33
2024-06-02,Guanajuato,1,53,54
2024-06-02,Guerrero,2,14,16
2024-06-02,Hidalgo,1,14,15
2024-06-02,Jalisco,4,49,53
2024-06-02,Morelos,1,22,23
2024-06-02,Nayarit,3,6,9
2024-06-02,Oaxaca,3,10,13
2024-06-02,Puebla,1,25,26
2024-06-02,Querétaro,1,30,31
2024-06-02,Quintana Roo,1,19,20
2024-06-02,San Luis Potosí,2,15,17
2024-06-02,Sinaloa,1,14,15
2024-06-02,Sonora,2,54,56
2024-06-02,Tamaulipas,4,36,40
2024-06-02,Yucatán,3,22,25
2024-06-02,Zacatecas,2,6,8
2024-06-03,Aguascalientes,1,4,5
2024-06-03,Baja California,3,23,26
2024-06-03,Baja California Sur,2,17,19
2024-06-03,Campeche,5,5,10
2024-06-03,Chiapas,2,7,9
2024-06-03,Chihuahua,2,74,76
2024-06-03,Coahuila de Zaragoza,2,32,34
2024-06-03,Colima,4,17,21
2024-06-03,Guanajuato,2,45,47
2024-06-03,Guerrero,3,26,29
2024-06-03,Hidalgo,1,16,17
2024-06-03,Jalisco,1,45,46
2024-06-03,Michoacán de Ocampo,1,44,45
2024-06-03,Morelos,3,19,22
2024-06-03,México,2,65,67
2024-06-03,Nayarit,3,8,11
2024-06-03,Nuevo León,3,225,228
2024-06-03,Puebla,5,27,32
2024-06-03,Querétaro,1,29,30
2024-06-03,San Luis Potosí,1,20,21
2024-06-03,Sinaloa,1,15,16
2024-06-03,Sonora,2,78,80
2024-06-03,Tabasco,1,3,4
2024-06-03,Tamaulipas,5,44,49
2024-06-03,Tlaxcala,2,5,7
2024-06-03,Veracruz de Ignacio de la Llave,2,35,37
2024-06-03,Yucatán,1,15,16
2024-06-03,Zacatecas,1,8,9
2024-06-04,Aguascalientes,2,8,10
2024-06-04,Baja California,2,21,23
2024-06-04,Baja California Sur,1,18,19
2024-06-04,Campeche,1,4,5
2024-06-04,Chiapas,4,6,10
2024-06-04,Chihuahua,1,59,60
2024-06-04,Colima,2,9,11
2024-06-04,Durango,1,35,36
2024-06-04,Guerrero,1,14,15
2024-06-04,Jalisco,2,53,55
2024-06-04,México,3,54,57
2024-06-04,Nayarit,4,8,12
2024-06-04,Oaxaca,1,19,20
2024-06-04,Puebla,3,32,35
2024-06-04,Querétaro,5,18,23
2024-06-04,Quintana Roo,3,22,25
2024-06-04,San Luis Potosí,1,23,24
2024-06-04,Sinaloa,1,14,15
2024-06-04,Sonora,2,63,65
2024-06-04,Tabasco,2,8,10
2024-06-04,Veracruz de Ignacio de la Llave,5,31,36
2024-06-04,Yucatán,3,25,28
2024-06-04,Zacatecas,2,8,10
2024-06-05,Baja California,4,19,23
2024-06-05,Campeche,2,6,8
2024-06-05,Chiapas,1,7,8
2024-06-05,Chihuahua,3,68,71
2024-06-05,Guerrero,1,22,23
2024-06-05,Jalisco,1,43,44
2024-06-05,Michoacán de Ocampo,1,39,40
2024-06-05,Nayarit,1,10,11
2024-06-05,Nuevo León,2,227,229
2024-06-05,Puebla,1,38,39
2024-06-05,Querétaro,2,15,17
2024-06-05,Quintana Roo,3,25,28
2024-06-05,San Luis Potosí,1,18,19
2024-06-05,Sinaloa,3,17,20
2024-06-05,Sonora,2,63,65
2024-06-05,Tamaulipas,2,39,41
2024-06-05,Tlaxcala,1,2,3
2024-06-05,Veracruz de Ignacio de la Llave,2,21,23
2024-06-05,Yucatán,2,14,16
2024-06-05,Zacatecas,3,7,10
2024-06-06,Aguascalientes,1,6,7
2024-06-06,Baja California,2,131,133
2024-06-06,Baja California Sur,3,14,17
2024-06-06,Campeche,1,5,6
2024-06-06,Chiapas,2,10,12
2024-06-06,Chihuahua,2,67,69
2024-06-06,Colima,1,23,24
2024-06-06,Durango,2,34,36
2024-06-06,Guerrero,3,17,20
2024-06-06,Hidalgo,2,19,21
2024-06-06,Jalisco,1,45,46
2024-06-06,Michoacán de Ocampo,2,32,34
2024-06-06,Nayarit,2,9,11
2024-06-06,Nuevo León,3,237,240
2024-06-06,Oaxaca,4,14,18
2024-06-06,Puebla,2,33,35
2024-06-06,Querétaro,5,19,24
2024-06-06,Quintana Roo,3,19,22
2024-06-06,San Luis Potosí,3,25,28
2024-06-06,Sinaloa,2,23,25
2024-06-06,Sonora,1,89,90
2024-06-06,Tamaulipas,1,49,50
2024-06-06,Tlaxcala,1,1,2
2024-06-06,Yucatán,1,38,39
2024-06-06,Zacatecas,1,6,7
2024-06-07,Aguascalientes,1,6,7
2024-06-07,Baja California,2,38,40
2024-06-07,Baja California Sur,1,20,21
2024-06-07,Campeche,1,10,11
2024-06-07,Chiapas,1,10,11
2024-06-07,Chihuahua,4,65,69
2024-06-07,Colima,3,14,17
2024-06-07,Durango,2,29,31
2024-06-07,Guerrero,2,30,32
2024-06-07,Hidalgo,1,17,18
2024-06-07,Jalisco,2,57,59
2024-06-07,Michoacán de Ocampo,1,49,50
2024-06-07,Morelos,1,28,29
2024-06-07,México,3,84,87
2024-06-07,Nayarit,3,8,11
2024-06-07,Nuevo León,1,193,194
2024-06-07,Oaxaca,1,14,15
2024-06-07,Puebla,2,31,33
2024-06-07,Querétaro,1,28,29
2024-06-07,Quintana Roo,1,18,19
2024-06-07,San Luis Potosí,2,29,31
2024-06-07,Sinaloa,1,20,21
2024-06-07,Sonora,1,80,81
2024-06-07,Tlaxcala,1,6,7
2024-06-07,Veracruz de Ignacio de la Llave,2,25,27
2024-06-07,Yucatán,1,26,27
2024-06-07,Zacatecas,1,7,8
2024-06-08,Baja California,2,40,42
2024-06-08,Baja California Sur,2,17,19
2024-06-08,Chiapas,1,11,12
2024-06-08,Chihuahua,3,97,100
2024-06-08,Coahuila de Zaragoza,1,24,25
2024-06-08,Guanajuato,3,74,77
2024-06-08,Guerrero,1,20,21
2024-06-08,Hidalgo,1,15,16
2024-06-08,Jalisco,4,59,63
2024-06-08,Michoacán de Ocampo,1,32,33
2024-06-08,Morelos,1,31,32
2024-06-08,México,1,62,63
2024-06-08,Oaxaca,1,12,13
2024-06-08,Puebla,1,43,44
2024-06-08,Querétaro,3,24,27
2024-06-08,Quintana Roo,2,27,29
2024-06-08,Sonora,1,70,71
2024-06-08,Tabasco,3,8,11
2024-06-08,Tamaulipas,3,41,44
2024-06-08,Tlaxcala,3,7,10
2024-06-08,Yucatán,1,26,27
2024-06-09,Aguascalientes,2,16,18
2024-06-09,Baja California,1,19,20
2024-06-09,Baja California Sur,3,13,16
2024-06-09,Campeche,2,5,7
2024-06-09,Chiapas,2,14,16
2024-06-09,Chihuahua,2,89,91
2024-06-09,Coahuila de Zaragoza,2,33,35
2024-06-09,Colima,2,29,31
2024-06-09,Durango,2,59,61
2024-06-09,Guanajuato,2,65,67
2024-06-09,Guerrero,1,23,24
2024-06-09,Hidalgo,1,17,18
2024-06-09,Jalisco,3,45,48
2024-06-09,Michoacán de Ocampo,1,50,51
2024-06-09,México,2,83,85
2024-06-09,Nayarit,3,12,15
2024-06-09,Oaxaca,2,9,11
2024-06-09,Puebla,3,42,45
2024-06-09,Querétaro,2,25,27
2024-06-09,Sinaloa,1,23,24
2024-06-09,Sonora,2,67,69
2024-06-09,Tabasco,2,15,17
2024-06-09,Tamaulipas,1,55,56
2024-06-09,Tlaxcala,3,7,10
2024-06-09,Veracruz de Ignacio de la Llave,1,19,20
2024-06-09,Yucatán,2,26,28
2024-06-10,Aguascalientes,1,10,11
2024-06-10,Baja California Sur,1,15,16
2024-06-10,Campeche,2,12,14
2024-06-10,Chiapas,1,11,12
2024-06-10,Chihuahua,1,89,90
2024-06-10,Colima,1,20,21
2024-06-10,Durango,2,27,29
2024-06-10,Guanajuato,1,48,49
2024-06-10,Hidalgo,1,19,20
2024-06-10,Jalisco,3,46,49
2024-06-10,Michoacán de Ocampo,2,46,48
2024-06-10,Morelos,1,28,29
2024-06-10,Nayarit,4,10,14
2024-06-10,Oaxaca,1,10,11
2024-06-10,Querétaro,3,14,17
2024-06-10,Quintana Roo,1,19,20
2024-06-10,San Luis Potosí,5,22,27
2024-06-10,Sinaloa,1,20,21
2024-06-10,Sonora,1,85,86
2024-06-10,Tabasco,1,5,6
2024-06-10,Tamaulipas,2,45,47
2024-06-10,Tlaxcala,1,4,5
2024-06-10,Veracruz de Ignacio de la Llave,1,32,33
2024-06-10,Zacatecas,1,6,7
2024-06-11,Aguascalientes,1,10,11
2024-06-11,Baja California,3,25,28
2024-06-11,Campeche,2,6,8
2024-06-11,Coahuila de Zaragoza,1,26,27
2024-06-11,Durango,3,24,27
2024-06-11,Guerrero,1,24,25
2024-06-11,Hidalgo,2,11,13
2024-06-11,Jalisco,1,48,49
2024-06-11,Michoacán de Ocampo,4,35,39
2024-06-11,Morelos,3,19,22
2024-06-11,Nayarit,3,9,12
2024-06-11,Nuevo León,1,227,228
2024-06-11,Oaxaca,2,17,19
2024-06-11,Puebla,1,31,32
2024-06-11,Querétaro,1,10,11
2024-06-11,Quintana Roo,3,18,21
2024-06-11,Sinaloa,1,14,15
2024-06-11,Tabasco,2,6,8
2024-06-11,Tamaulipas,2,31,33
2024-06-11,Tlaxcala,1,5,6
2024-06-11,Yucatán,3,23,26
2024-06-12,Aguascalientes,1,4,5
2024-06-12,Baja California,1,18,19
2024-06-12,Baja California Sur,2,16,18
2024-06-12,Campeche,2,5,7
2024-06-12,Chiapas,2,7,9
2024-06-12,Colima,2,9,11
2024-06-12,Durango,2,29,31
2024-06-12,Guanajuato,2,27,29
2024-06-12,Guerrero,3,20,23
2024-06-12,Hidalgo,1,12,13
2024-06-12,Michoacán de Ocampo,3,34,37
2024-06-12,Morelos,2,16,18
2024-06-12,México,1,64,65
2024-06-12,Nayarit,1,5,6
2024-06-12,Nuevo León,4,251,255
2024-06-12,Oaxaca,3,13,16
2024-06-12,Puebla,2,39,41
2024-06-12,Querétaro,2,20,22
2024-06-12,Quintana Roo,1,13,14
2024-06-12,San Luis Potosí,2,15,17
2024-06-12,Sinaloa,2,12,14
2024-06-12,Sonora,2,78,80
2024-06-12,Tabasco,2,6,8
2024-06-12,Veracruz de Ignacio de la Llave,2,27,29
2024-06-12,Yucatán,1,14,15
2024-06-12,Zacatecas,2,7,9
2024-06-13,Aguascalientes,3,12,15
2024-06-13,Baja California,2,31,33
2024-06-13,Baja California Sur,1,19,20
2024-06-13,Campeche,2,7,9
2024-06-13,Chiapas,2,7,9
2024-06-13,Chihuahua,3,68,71
2024-06-13,Colima,1,18,19
2024-06-13,Durango,5,32,37
2024-06-13,Guanajuato,1,43,44
2024-06-13,Guerrero,1,20,21
2024-06-13,Hidalgo,2,14,16
2024-06-13,Jalisco,3,52,55
2024-06-13,Michoacán de Ocampo,1,36,37
2024-06-13,Morelos,3,23,26
2024-06-13,México,5,50,55
2024-06-13,Nayarit,3,6,9
2024-06-13,Oaxaca,2,6,8
2024-06-13,Puebla,1,30,31
2024-06-13,Querétaro,2,12,14
2024-06-13,Sinaloa,2,19,21
2024-06-13,Tabasco,2,12,14
2024-06-13,Tlaxcala,2,3,5
2024-06-13,Veracruz de Ignacio de la Llave,2,20,22
2024-06-13,Yucatán,2,24,26
2024-06-13,Zacatecas,2,6,8
2024-06-14,Aguascalientes,3,11,14
2024-06-14,Baja California,1,41,42
2024-06-14,Campeche,2,15,17
2024-06-14,Chiapas,1,9,10
2024-06-14,Coahuila de Zaragoza,2,34,36
2024-06-14,Colima,2,20,22
2024-06-14,Durango,2,38,40
2024-06-14,Guanajuato,1,56,57
2024-06-14,Hidalgo,4,18,22
2024-06-14,Jalisco,1,49,50
2024-06-14,Morelos,2,28,30
2024-06-14,México,3,83,86
2024-06-14,Nayarit,2,10,12
2024-06-14,Oaxaca,1,22,23
2024-06-14,San Luis Potosí,1,16,17
2024-06-14,Sinaloa,2,22,24
2024-06-14,Sonora,1,84,85
2024-06-14,Tabasco,2,11,13
2024-06-14,Tamaulipas,2,54,56
2024-06-14,Tlaxcala,1,2,3
2024-06-14,Veracruz de Ignacio de la Llave,3,31,34
2024-06-14,Yucatán,2,20,22
2024-06-14,Zacatecas,2,5,7
2024-06-15,Aguascalientes,1,17,18
2024-06-15,Baja California,1,45,46
2024-06-15,Chiapas,2,13,15
2024-06-15,Chihuahua,1,87,88
2024-06-15,Coahuila de Zaragoza,4,44,48
2024-06-15,Durango,1,35,36
2024-06-15,Guanajuato,1,79,80
2024-06-15,Hidalgo,1,15,16
2024-06-15,Michoacán de Ocampo,1,54,55
2024-06-15,México,2,73,75
2024-06-15,Nayarit,3,12,15
2024-06-15,Puebla,1,33,34
2024-06-15,Querétaro,2,34,36
2024-06-15,Sinaloa,3,24,27
2024-06-15,Sonora,3,88,91
2024-06-15,Tabasco,2,7,9
2024-06-15,Tamaulipas,1,36,37
2024-06-15,Tlaxcala,1,9,10
2024-06-15,Veracruz de Ignacio de la Llave,2,30,32
2024-06-15,Yucatán,1,15,16
2024-06-16,Aguascalientes,3,17,20
2024-06-16,Campeche,2,6,8
2024-06-16,Chiapas,2,10,12
2024-06-16,Coahuila de Zaragoza,2,40,42
2024-06-16,Colima,2,9,11
2024-06-16,Guanajuato,2,57,59
2024-06-16,Guerrero,1,20,21
2024-06-16,Hidalgo,3,21,24
2024-06-16,Jalisco,1,45,46
2024-06-16,Michoacán de Ocampo,1,53,54
2024-06-16,Morelos,4,30,34
2024-06-16,Nayarit,1,13,14
2024-06-16,Nuevo León,2,167,169
2024-06-16,Oaxaca,2,9,11
2024-06-16,Puebla,4,41,45
2024-06-16,Quintana Roo,2,29,31
2024-06-16,San Luis Potosí,2,19,21
2024-06-16,Sinaloa,2,22,24
2024-06-16,Sonora,1,83,84
2024-06-16,Tabasco,3,11,14
2024-06-16,Yucatán,1,14,15
2024-06-16,Zacatecas,2,12,14
2024-06-17,Aguascalientes,3,7,10
2024-06-17,Campeche,2,4,6
2024-06-17,Chiapas,1,6,7
2024-06-17,Chihuahua,2,62,64
2024-06-17,Coahuila de Zaragoza,3,30,33
2024-06-17,Durango,3,27,30
2024-06-17,Guanajuato,1,36,37
2024-06-17,Guerrero,5,17,22
2024-06-17,Jalisco,1,45,46
2024-06-17,Morelos,2,21,23
2024-06-17,México,1,49,50
2024-06-17,Nayarit,2,6,8
2024-06-17,Oaxaca,1,13,14
2024-06-17,Puebla,2,38,40
2024-06-17,Querétaro,2,20,22
2024-06-17,Quintana Roo,1,16,17
2024-06-17,San Luis Potosí,3,16,19
2024-06-17,Sonora,2,90,92
2024-06-17,Tabasco,5,3,8
2024-06-17,Tamaulipas,4,44,48
2024-06-17,Tlaxcala,2,3,5
2024-06-17,Yucatán,2,9,11
2024-06-17,Zacatecas,4,12,16
2024-06-18,Aguascalientes,1,11,12
2024-06-18,Baja California,4,40,44
2024-06-18,Baja California Sur,2,18,20
2024-06-18,Campeche,2,5,7
2024-06-18,Chiapas,4,8,12
2024-06-18,Coahuila de Zaragoza,3,33,36
2024-06-18,Durango,2,29,31
2024-06-18,Hidalgo,3,11,14
2024-06-18,Morelos,1,22,23
2024-06-18,México,3,56,59
2024-06-18,Nayarit,1,7,8
2024-06-18,Nuevo León,2,236,238
2024-06-18,Sinaloa,1,16,17
2024-06-18,Sonora,1,64,65
2024-06-18,Tamaulipas,2,35,37
2024-06-18,Tlaxcala,3,5,8
2024-06-18,Veracruz de Ignacio de la Llave,1,31,32
2024-06-18,Yucatán,2,15,17
2024-06-19,Aguascalientes,1,5,6
2024-06-19,Baja California,3,30,33
2024-06-19,Campeche,2,7,9
2024-06-19,Chiapas,1,7,8
2024-06-19,Colima,1,14,15
2024-06-19,Guerrero,4,14,18
2024-06-19,Hidalgo,2,12,14
2024-06-19,Jalisco,4,54,58
2024-06-19,Michoacán de Ocampo,2,47,49
2024-06-19,Morelos,4,17,21
2024-06-19,México,3,47,50
2024-06-19,Nayarit,4,5,9
2024-06-19,Oaxaca,1,11,12
2024-06-19,Querétaro,1,18,19
2024-06-19,Quintana Roo,1,14,15
2024-06-19,San Luis Potosí,1,12,13
2024-06-19,Sonora,1,71,72
2024-06-19,Tabasco,1,9,10
2024-06-19,Veracruz de Ignacio de la Llave,3,28,31
2024-06-19,Zacatecas,2,9,11
2024-06-20,Aguascalientes,1,8,9
2024-06-20,Baja California Sur,1,21,22
2024-06-20,Campeche,1,5,6
2024-06-20,Chiapas,1,9,10
2024-06-20,Chihuahua,2,81,83
2024-06-20,Coahuila de Zaragoza,2,17,19
2024-06-20,Colima,1,19,20
2024-06-20,Durango,2,40,42
2024-06-20,Guanajuato,1,49,50
2024-06-20,Guerrero,2,9,11
2024-06-20,Hidalgo,2,21,23
2024-06-20,Michoacán de Ocampo,1,34,35
2024-06-20,Morelos,1,30,31
2024-06-20,México,2,58,60
2024-06-20,Nayarit,1,15,16
2024-06-20,Nuevo León,1,48,49
2024-06-20,Oaxaca,2,17,19
2024-06-20,Puebla,2,29,31
2024-06-20,Quintana Roo,4,8,12
2024-06-20,San Luis Potosí,1,17,18
2024-06-20,Sinaloa,2,8,10
2024-06-20,Sonora,1,76,77
2024-06-20,Tabasco,1,9,10
2024-06-20,Tamaulipas,1,21,22
2024-06-20,Tlaxcala,1,4,5
2024-06-20,Yucatán,1,10,11
2024-06-21,Aguascalientes,1,6,7
2024-06-21,Baja California Sur,1,14,15
2024-06-21,Campeche,3,11,14
2024-06-21,Chiapas,2,8,10
2024-06-21,Coahuila de Zaragoza,2,30,32
2024-06-21,Colima,1,15,16
2024-06-21,Durango,1,21,22
2024-06-21,Guanajuato,1,52,53
2024-06-21,Guerrero,1,17,18
2024-06-21,Jalisco,2,51,53
2024-06-21,Michoacán de Ocampo,4,37,41
2024-06-21,Morelos,2,20,22
2024-06-21,México,2,74,76
2024-06-21,Nayarit,2,5,7
2024-06-21,Nuevo León,2,92,94
2024-06-21,Oaxaca,1,14,15
2024-06-21,Quintana Roo,1,10,11
2024-06-21,Sinaloa,3,15,18
2024-06-21,Sonora,3,68,71
2024-06-21,Tamaulipas,3,29,32
2024-06-21,Tlaxcala,1,4,5
2024-06-21,Veracruz de Ignacio de la Llave,1,28,29
2024-06-21,Yucatán,1,17,18
2024-06-22,Aguascalientes,2,14,16
2024-06-22,Baja California,1,36,37
2024-06-22,Baja California Sur,2,18,20
2024-06-22,Campeche,1,8,9
2024-06-22,Chiapas,2,10,12
2024-06-22,Chihuahua,3,75,78
2024-06-22,Colima,2,15,17
2024-06-22,Durango,2,31,33
2024-06-22,Guanajuato,2,40,42
2024-06-22,Guerrero,3,16,19
2024-06-22,Hidalgo,2,16,18
2024-06-22,Jalisco,1,42,43
2024-06-22,Michoacán de Ocampo,7,46,53
2024-06-22,México,1,60,61
2024-06-22,Nayarit,1,8,9
2024-06-22,Nuevo León,6,124,130
2024-06-22,Oaxaca,2,11,13
2024-06-22,Puebla,1,32,33
2024-06-22,Querétaro,3,34,37
2024-06-22,Quintana Roo,2,21,23
2024-06-22,San Luis Potosí,2,20,22
2024-06-22,Sinaloa,4,21,25
2024-06-22,Sonora,4,88,92
2024-06-22,Tabasco,2,7,9
2024-06-22,Tlaxcala,3,12,15
2024-06-22,Veracruz de Ignacio de la Llave,1,21,22
2024-06-22,Yucatán,1,23,24
2024-06-22,Zacatecas,2,10,12
2024-06-23,Aguascalientes,2,13,15
2024-06-23,Baja California,3,36,39
2024-06-23,Baja California Sur,2,17,19
2024-06-23,Campeche,4,9,13
2024-06-23,Chiapas,2,9,11
2024-06-23,Chihuahua,2,80,82
2024-06-23,Coahuila de Zaragoza,1,26,27
2024-06-23,Guanajuato,2,43,45
2024-06-23,Guerrero,1,21,22
2024-06-23,Hidalgo,1,15,16
2024-06-23,Jalisco,1,56,57
2024-06-23,Michoacán de Ocampo,3,34,37
2024-06-23,Morelos,2,24,26
2024-06-23,México,2,73,75
2024-06-23,Nayarit,3,7,10
2024-06-23,Nuevo León,5,108,113
2024-06-23,Puebla,1,38,39
2024-06-23,Quintana Roo,1,13,14
2024-06-23,San Luis Potosí,3,16,19
2024-06-23,Sonora,5,77,82
2024-06-23,Tabasco,2,6,8
2024-06-23,Tamaulipas,2,26,28
2024-06-23,Tlaxcala,1,2,3
2024-06-23,Veracruz de Ignacio de la Llave,1,24,25
2024-06-23,Yucatán,2,23,25
2024-06-23,Zacatecas,1,7,8
2024-06-24,Aguascalientes,1,7,8
2024-06-24,Baja California,2,32,34
2024-06-24,Baja California Sur,2,15,17
2024-06-24,Campeche,2,11,13
2024-06-24,Chiapas,1,15,16
2024-06-24,Coahuila de Zaragoza,1,22,23
2024-06-24,Colima,2,13,15
2024-06-24,Durango,1,26,27
2024-06-24,Hidalgo,1,14,15
2024-06-24,Michoacán de Ocampo,1,41,42
2024-06-24,Morelos,2,21,23
2024-06-24,México,3,44,47
2024-06-24,Nuevo León,2,201,203
2024-06-24,Oaxaca,2,14,16
2024-06-24,Puebla,1,34,35
2024-06-24,Querétaro,1,21,22
2024-06-24,Sinaloa,3,22,25
2024-06-24,Sonora,2,64,66
2024-06-24,Tamaulipas,2,21,23
2024-06-24,Tlaxcala,3,3,6
2024-06-24,Veracruz de Ignacio de la Llave,3,24,27
2024-06-24,Yucatán,1,15,16
2024-06-24,Zacatecas,2,7,9
2024-06-25,Aguascalientes,1,3,4
2024-06-25,Baja California,1,36,37
2024-06-25,Baja California Sur,3,16,19
2024-06-25,Campeche,1,7,8
2024-06-25,Chiapas,2,5,7
2024-06-25,Chihuahua,1,47,48
2024-06-25,Coahuila de Zaragoza,2,17,19
2024-06-25,Guanajuato,1,37,38
2024-06-25,Guerrero,1,17,18
2024-06-25,Hidalgo,1,14,15
2024-06-25,Morelos,2,19,21
2024-06-25,México,1,69,70
2024-06-25,Nayarit,1,8,9
2024-06-25,Nuevo León,1,171,172
2024-06-25,Puebla,1,32,33
2024-06-25,Querétaro,5,16,21
2024-06-25,Quintana Roo,2,24,26
2024-06-25,San Luis Potosí,1,10,11
2024-06-25,Sinaloa,1,21,22
2024-06-25,Sonora,1,65,66
2024-06-25,Tamaulipas,1,28,29
2024-06-25,Tlaxcala,1,8,9
2024-06-25,Veracruz de Ignacio de la Llave,4,25,29
2024-06-25,Yucatán,1,20,21
2024-06-25,Zacatecas,1,5,6
2024-06-26,Aguascalientes,1,2,3
2024-06-26,Baja California,2,34,36
2024-06-26,Baja California Sur,1,20,21
2024-06-26,Campeche,2,11,13
2024-06-26,Chihuahua,3,57,60
2024-06-26,Colima,2,15,17
2024-06-26,Guerrero,1,21,22
2024-06-26,Hidalgo,1,17,18
2024-06-26,Jalisco,3,45,48
2024-06-26,Michoacán de Ocampo,1,31,32
2024-06-26,Morelos,2,19,21
2024-06-26,México,3,41,44
2024-06-26,Nuevo León,1,207,208
2024-06-26,Oaxaca,1,14,15
2024-06-26,Quintana Roo,2,11,13
2024-06-26,San Luis Potosí,3,11,14
2024-06-26,Sinaloa,1,15,16
2024-06-26,Sonora,1,61,62
2024-06-26,Tamaulipas,2,37,39
2024-06-26,Tlaxcala,4,7,11
2024-06-26,Veracruz de Ignacio de la Llave,1,33,34
2024-06-26,Yucatán,2,15,17
2024-06-27,Aguascalientes,1,9,10
2024-06-27,Baja California Sur,1,16,17
2024-06-27,Campeche,1,11,12
2024-06-27,Chiapas,1,12,13
2024-06-27,Chihuahua,2,53,55
2024-06-27,Coahuila de Zaragoza,4,20,24
2024-06-27,Guerrero,2,15,17
2024-06-27,Hidalgo,1,12,13
2024-06-27,Jalisco,1,38,39
2024-06-27,Michoacán de Ocampo,2,36,38
2024-06-27,Morelos,1,20,21
2024-06-27,Nayarit,2,10,12
2024-06-27,Nuevo León,1,221,222
2024-06-27,Oaxaca,2,10,12
2024-06-27,Querétaro,1,30,31
2024-06-27,Quintana Roo,2,19,21
2024-06-27,Sinaloa,1,21,22
2024-06-27,Sonora,2,57,59
2024-06-27,Tabasco,1,7,8
2024-06-27,Tamaulipas,5,35,40
2024-06-27,Tlaxcala,1,4,5
2024-06-27,Veracruz de Ignacio de la Llave,2,24,26
2024-06-27,Zacatecas,2,7,9
2024-06-28,Baja California,1,32,33
2024-06-28,Baja California Sur,1,12,13
2024-06-28,Campeche,2,12,14
2024-06-28,Chiapas,1,106,107
2024-06-28,Chihuahua,2,93,95
2024-06-28,Durango,4,35,39
2024-06-28,Guanajuato,4,46,50
2024-06-28,Guerrero,1,55,56
2024-06-28,Hidalgo,1,75,76
2024-06-28,Jalisco,2,119,121
2024-06-28,Morelos,3,23,26
2024-06-28,Nayarit,2,4,6
2024-06-28,Nuevo León,2,246,248
2024-06-28,Oaxaca,2,521,523
2024-06-28,Puebla,2,194,196
2024-06-28,Querétaro,2,30,32
2024-06-28,Quintana Roo,3,19,22
2024-06-28,San Luis Potosí,1,50,51
2024-06-28,Sinaloa,4,17,21
2024-06-28,Sonora,3,106,109
2024-06-28,Tamaulipas,2,60,62
2024-06-28,Tlaxcala,2,34,36
2024-06-28,Veracruz de Ignacio de la Llave,1,163,164
2024-06-28,Zacatecas,1,20,21
2024-06-29,Baja California,2,45,47
2024-06-29,Baja California Sur,2,28,30
2024-06-29,Campeche,3,11,14
2024-06-29,Chiapas,1,11,12
2024-06-29,Chihuahua,1,78,79
2024-06-29,Coahuila de Zaragoza,1,35,36
2024-06-29,Colima,1,20,21
2024-06-29,Durango,2,35,37
2024-06-29,Guanajuato,1,51,52
2024-06-29,Hidalgo,2,17,19
2024-06-29,Jalisco,2,63,65
2024-06-29,Michoacán de Ocampo,3,40,43
2024-06-29,Morelos,1,23,24
2024-06-29,Nayarit,2,2,4
2024-06-29,Oaxaca,3,10,13
2024-06-29,Puebla,2,37,39
2024-06-29,Quintana Roo,1,24,25
2024-06-29,Sinaloa,2,16,18
2024-06-29,Sonora,4,98,102
2024-06-29,Tabasco,1,12,13
2024-06-29,Tamaulipas,1,39,40
2024-06-29,Tlaxcala,1,3,4
2024-06-29,Veracruz de Ignacio de la Llave,2,37,39
2024-06-29,Yucatán,2,22,24
2024-06-30,Baja California,2,49,51
2024-06-30,Baja California Sur,2,19,21
2024-06-30,Campeche,1,5,6
2024-06-30,Chiapas,1,8,9
2024-06-30,Coahuila de Zaragoza,4,30,34
2024-06-30,Guanajuato,3,55,58
2024-06-30,Guerrero,2,19,21
2024-06-30,Hidalgo,2,8,10
2024-06-30,Jalisco,1,51,52
2024-06-30,Michoacán de Ocampo,2,50,52
2024-06-30,Morelos,1,37,38
2024-06-30,México,1,52,53
2024-06-30,Nayarit,2,8,10
2024-06-30,Nuevo León,3,147,150
2024-06-30,Oaxaca,5,16,21
2024-06-30,Puebla,1,44,45
2024-06-30,Querétaro,2,21,23
2024-06-30,Quintana Roo,2,18,20
2024-06-30,San Luis Potosí,1,15,16
2024-06-30,Sinaloa,1,20,21
2024-06-30,Sonora,1,79,80
2024-06-30,Tabasco,1,3,4
2024-06-30,Tamaulipas,3,25,28
2024-06-30,Tlaxcala,2,8,10
2024-06-30,Veracruz de Ignacio de la Llave,3,14,17
2024-06-30,Yucatán,2,26,28
2024-06-30,Zacatecas,1,4,5
2024-07-01,Aguascalientes,1,11,12
2024-07-01,Baja California,1,30,31
2024-07-01,Baja California Sur,1,17,18
2024-07-01,Campeche,1,10,11
2024-07-01,Chiapas,1,15,16
2024-07-01,Chihuahua,2,80,82
2024-07-01,Colima,1,16,17
2024-07-01,Durango,1,28,29
2024-07-01,Guanajuato,1,43,44
2024-07-01,Guerrero,3,24,27
2024-07-01,Hidalgo,1,13,14
2024-07-01,Jalisco,4,52,56
2024-07-01,Michoacán de Ocampo,1,49,50
2024-07-01,Morelos,1,20,21
2024-07-01,Nuevo León,2,191,193
2024-07-01,Oaxaca,2,10,12
2024-07-01,Puebla,2,28,30
2024-07-01,Querétaro,3,15,18
2024-07-01,Quintana Roo,1,18,19
2024-07-01,San Luis Potosí,2,16,18
2024-07-01,Sinaloa,4,18,22
2024-07-01,Sonora,2,65,67
2024-07-01,Tabasco,1,8,9
2024-07-01,Tamaulipas,1,34,35
2024-07-01,Yucatán,3,27,30
2024-07-01,Zacatecas,3,5,8
2024-07-02,Aguascalientes,2,7,9
2024-07-02,Baja California,1,38,39
2024-07-02,Baja California Sur,4,21,25
2024-07-02,Chiapas,1,8,9
2024-07-02,Chihuahua,1,67,68
2024-07-02,Coahuila de Zaragoza,1,29,30
2024-07-02,Colima,3,13,16
2024-07-02,Durango,2,30,32
2024-07-02,Guerrero,2,16,18
2024-07-02,Hidalgo,2,8,10
2024-07-02,Jalisco,3,44,47
2024-07-02,Michoacán de Ocampo,3,30,33
2024-07-02,Morelos,1,25,26
2024-07-02,México,1,50,51
2024-07-02,Nayarit,1,6,7
2024-07-02,Nuevo León,1,249,250
2024-07-02,Oaxaca,4,11,15
2024-07-02,Puebla,3,27,30
2024-07-02,Quintana Roo,1,19,20
2024-07-02,San Luis Potosí,1,7,8
2024-07-02,Sinaloa,1,12,13
2024-07-02,Sonora,2,69,71
2024-07-02,Tabasco,2,6,8
2024-07-02,Tamaulipas,1,33,34
2024-07-02,Tlaxcala,1,6,7
2024-07-02,Veracruz de Ignacio de la Llave,2,29,31
2024-07-02,Yucatán,3,13,16
2024-07-02,Zacatecas,1,3,4
2024-07-03,Aguascalientes,2,11,13
2024-07-03,Baja California,1,25,26
2024-07-03,Campeche,3,12,15
2024-07-03,Chiapas,2,2,4
2024-07-03,Chihuahua,1,66,67
2024-07-03,Coahuila de Zaragoza,1,28,29
2024-07-03,Colima,2,19,21
2024-07-03,Durango,3,36,39
2024-07-03,Guanajuato,1,33,34
2024-07-03,Guerrero,2,19,21
2024-07-03,Hidalgo,1,11,12
2024-07-03,Jalisco,1,51,52
2024-07-03,Michoacán de Ocampo,2,36,38
2024-07-03,Morelos,3,27,30
2024-07-03,México,1,59,60
2024-07-03,Nayarit,2,10,12
2024-07-03,Nuevo León,2,209,211
2024-07-03,Oaxaca,2,10,12
2024-07-03,Puebla,1,24,25
2024-07-03,Querétaro,1,15,16
2024-07-03,San Luis Potosí,2,14,16
2024-07-03,Sinaloa,2,21,23
2024-07-03,Sonora,1,56,57
2024-07-03,Tamaulipas,1,27,28
2024-07-03,Veracruz de Ignacio de la Llave,1,17,18
2024-07-03,Yucatán,2,21,23
2024-07-03,Zacatecas,2,7,9
2024-07-04,Aguascalientes,1,6,7
2024-07-04,Baja California,1,39,40
2024-07-04,Baja California Sur,4,21,25
2024-07-04,Campeche,1,13,14
2024-07-04,Chiapas,1,7,8
2024-07-04,Chihuahua,1,68,69
2024-07-04,Coahuila de Zaragoza,1,24,25
2024-07-04,Colima,1,18,19
2024-07-04,Durango,2,37,39
2024-07-04,Guanajuato,1,34,35
2024-07-04,Guerrero,2,22,24
2024-07-04,Hidalgo,1,16,17
2024-07-04,Jalisco,3,46,49
2024-07-04,México,2,47,49
2024-07-04,Nuevo León,4,187,191
2024-07-04,Querétaro,1,19,20
2024-07-04,Quintana Roo,2,22,24
2024-07-04,Sinaloa,2,12,14
2024-07-04,Sonora,2,65,67
2024-07-04,Tabasco,2,5,7
2024-07-04,Tamaulipas,2,29,31
2024-07-04,Tlaxcala,1,3,4
2024-07-04,Veracruz de Ignacio de la Llave,2,36,38
2024-07-04,Yucatán,2,17,19
2024-07-04,Zacatecas,2,2,4
2024-07-05,Aguascalientes,1,14,15
2024-07-05,Baja California,3,32,35
2024-07-05,Baja California Sur,1,24,25
2024-07-05,Campeche,2,2,4
2024-07-05,Chiapas,1,10,11
2024-07-05,Chihuahua,2,73,75
2024-07-05,Coahuila de Zaragoza,1,32,33
2024-07-05,Colima,3,19,22
2024-07-05,Durango,1,29,30
2024-07-05,Guanajuato,2,50,52
2024-07-05,Guerrero,1,15,16
2024-07-05,Hidalgo,1,12,13
2024-07-05,Jalisco,1,52,53
2024-07-05,Michoacán de Ocampo,3,44,47
2024-07-05,Morelos,1,19,20
2024-07-05,México,1,49,50
2024-07-05,Nayarit,1,9,10
2024-07-05,Nuevo León,1,192,193
2024-07-05,Oaxaca,1,11,12
2024-07-05,Puebla,2,34,36
2024-07-05,Querétaro,1,22,23
2024-07-05,Quintana Roo,2,8,10
2024-07-05,Sinaloa,3,20,23
2024-07-05,Tamaulipas,1,25,26
2024-07-05,Tlaxcala,3,8,11
2024-07-05,Yucatán,1,3,4
2024-07-05,Zacatecas,2,5,7
2024-07-06,Baja California Sur,1,24,25
2024-07-06,Campeche,1,7,8
2024-07-06,Chiapas,1,11,12
2024-07-06,Chihuahua,3,94,97
2024-07-06,Colima,1,19,20
2024-07-06,Durango,2,42,44
2024-07-06,Guanajuato,4,71,75
2024-07-06,Guerrero,1,21,22
2024-07-06,Hidalgo,3,12,15
2024-07-06,Jalisco,2,67,69
2024-07-06,Michoacán de Ocampo,2,49,51
2024-07-06,Morelos,1,30,31
2024-07-06,México,2,55,57
2024-07-06,Nayarit,2,8,10
2024-07-06,Nuevo León,1,193,194
2024-07-06,Oaxaca,1,13,14
2024-07-06,Puebla,1,38,39
2024-07-06,Querétaro,3,29,32
2024-07-06,Quintana Roo,2,10,12
2024-07-06,Sonora,3,85,88
2024-07-06,Tabasco,2,8,10
2024-07-06,Tlaxcala,1,6,7
2024-07-06,Yucatán,2,20,22
2024-07-07,Aguascalientes,1,28,29
2024-07-07,Baja California Sur,2,14,16
2024-07-07,Campeche,1,12,13
2024-07-07,Chihuahua,2,75,77
2024-07-07,Coahuila de Zaragoza,3,50,53
2024-07-07,Durango,1,18,19
2024-07-07,Guanajuato,3,69,72
2024-07-07,Guerrero,2,13,15
2024-07-07,Hidalgo,2,21,23
2024-07-07,Michoacán de Ocampo,1,44,45
2024-07-07,México,1,71,72
2024-07-07,Nayarit,2,11,13
2024-07-07,Oaxaca,3,12,15
2024-07-07,Puebla,3,33,36
2024-07-07,Querétaro,2,30,32
2024-07-07,San Luis Potosí,1,23,24
2024-07-07,Sinaloa,1,31,32
2024-07-07,Sonora,4,69,73
2024-07-07,Tabasco,1,4,5
2024-07-07,Tamaulipas,2,26,28
2024-07-07,Tlaxcala,1,5,6
2024-07-07,Veracruz de Ignacio de la Llave,2,33,35
2024-07-07,Yucatán,2,23,25
2024-07-08,Aguascalientes,1,6,7
2024-07-08,Baja California,1,41,42
2024-07-08,Baja California Sur,3,17,20
2024-07-08,Chiapas,1,7,8
2024-07-08,Chihuahua,3,72,75
2024-07-08,Coahuila de Zaragoza,6,24,30
2024-07-08,Colima,1,24,25
2024-07-08,Durango,3,23,26
2024-07-08,Guanajuato,3,46,49
2024-07-08,Hidalgo,2,15,17
2024-07-08,Jalisco,1,58,59
2024-07-08,Michoacán de Ocampo,4,42,46
2024-07-08,México,4,49,53
2024-07-08,Nuevo León,3,219,222
2024-07-08,Oaxaca,1,15,16
2024-07-08,Puebla,1,32,33
2024-07-08,Querétaro,1,16,17
2024-07-08,Sinaloa,2,14,16
2024-07-08,Sonora,1,71,72
2024-07-08,Tabasco,5,7,12
2024-07-08,Tlaxcala,1,9,10
2024-07-08,Veracruz de Ignacio de la Llave,1,47,48
2024-07-08,Zacatecas,2,9,11
2024-07-09,Aguascalientes,1,9,10
2024-07-09,Baja California,2,28,30
2024-07-09,Campeche,1,10,11
2024-07-09,Chiapas,1,15,16
2024-07-09,Chihuahua,1,65,66
2024-07-09,Coahuila de Zaragoza,3,24,27
2024-07-09,Colima,1,13,14
2024-07-09,Durango,1,37,38
2024-07-09,Guanajuato,3,40,43
2024-07-09,Michoacán de Ocampo,2,42,44
2024-07-09,Morelos,2,30,32
2024-07-09,Nuevo León,1,218,219
2024-07-09,Oaxaca,3,11,14
2024-07-09,Puebla,1,25,26
2024-07-09,Querétaro,2,19,21
2024-07-09,Quintana Roo,2,21,23
2024-07-09,San Luis Potosí,1,12,13
2024-07-09,Sinaloa,1,10,11
2024-07-09,Sonora,2,63,65
2024-07-09,Tabasco,1,6,7
2024-07-09,Tamaulipas,2,22,24
2024-07-09,Tlaxcala,1,4,5
2024-07-09,Veracruz de Ignacio de la Llave,3,26,29
2024-07-09,Yucatán,2,24,26
2024-07-09,Zacatecas,1,6,7
2024-07-10,Aguascalientes,1,7,8
2024-07-10,Baja California Sur,4,15,19
2024-07-10,Campeche,1,11,12
2024-07-10,Chiapas,3,8,11
2024-07-10,Chihuahua,3,66,69
2024-07-10,Colima,4,12,16
2024-07-10,Guanajuato,2,35,37
2024-07-10,Guerrero,2,11,13
2024-07-10,Hidalgo,1,18,19
2024-07-10,Jalisco,4,45,49
2024-07-10,Michoacán de Ocampo,3,38,41
2024-07-10,México,3,41,44
2024-07-10,Nuevo León,3,203,206
2024-07-10,Puebla,2,31,33
2024-07-10,Querétaro,3,19,22
2024-07-10,Quintana Roo,1,16,17
2024-07-10,San Luis Potosí,4,16,20
2024-07-10,Sonora,2,56,58
2024-07-10,Tabasco,1,4,5
2024-07-10,Tamaulipas,2,29,31
2024-07-10,Tlaxcala,4,3,7
2024-07-10,Veracruz de Ignacio de la Llave,2,34,36
2024-07-10,Yucatán,2,11,13
2024-07-10,Zacatecas,2,3,5
2024-07-11,Aguascalientes,1,10,11
2024-07-11,Baja California,1,19,20
2024-07-11,Baja California Sur,1,9,10
2024-07-11,Campeche,1,10,11
2024-07-11,Chihuahua,1,70,71
2024-07-11,Coahuila de Zaragoza,1,31,32
2024-07-11,Colima,1,10,11
2024-07-11,Jalisco,2,43,45
2024-07-11,Michoacán de Ocampo,2,44,46
2024-07-11,Morelos,4,14,18
2024-07-11,Nayarit,1,7,8
2024-07-11,Oaxaca,1,15,16
2024-07-11,Puebla,1,24,25
2024-07-11,Quintana Roo,2,18,20
2024-07-11,Sinaloa,2,10,12
2024-07-11,Sonora,1,60,61
2024-07-11,Yucatán,1,29,30
2024-07-11,Zacatecas,2,6,8
2024-07-12,Aguascalientes,2,11,13
2024-07-12,Baja California,1,25,26
2024-07-12,Campeche,3,16,19
2024-07-12,Chiapas,3,11,14
2024-07-12,Chihuahua,3,69,72
2024-07-12,Coahuila de Zaragoza,3,30,33
2024-07-12,Colima,3,7,10
2024-07-12,Durango,2,31,33
2024-07-12,Guanajuato,2,52,54
2024-07-12,Hidalgo,1,9,10
2024-07-12,Jalisco,1,51,52
2024-07-12,Morelos,1,26,27
2024-07-12,México,4,45,49
2024-07-12,Nayarit,2,4,6
2024-07-12,Nuevo León,2,151,153
2024-07-12,Oaxaca,3,13,16
2024-07-12,Querétaro,1,16,17
2024-07-12,Quintana Roo,3,16,19
2024-07-12,San Luis Potosí,1,13,14
2024-07-12,Sinaloa,1,16,17
2024-07-12,Sonora,2,81,83
2024-07-12,Tamaulipas,1,45,46
2024-07-12,Yucatán,1,15,16
2024-07-12,Zacatecas,2,5,7
2024-07-13,Aguascalientes,1,13,14
2024-07-13,Baja California,2,28,30
2024-07-13,Baja California Sur,2,20,22
2024-07-13,Campeche,1,17,18
2024-07-13,Chiapas,2,8,10
2024-07-13,Chihuahua,1,82,83
2024-07-13,Durango,1,35,36
2024-07-13,Guerrero,1,28,29
2024-07-13,Hidalgo,1,13,14
2024-07-13,Jalisco,1,53,54
2024-07-13,Michoacán de Ocampo,1,29,30
2024-07-13,Nayarit,2,10,12
2024-07-13,Nuevo León,1,206,207
2024-07-13,Oaxaca,1,9,10
2024-07-13,Puebla,1,37,38
2024-07-13,Querétaro,3,27,30
2024-07-13,Quintana Roo,2,26,28
2024-07-13,San Luis Potosí,2,18,20
2024-07-13,Sinaloa,1,24,25
2024-07-13,Tabasco,2,10,12
2024-07-13,Tamaulipas,2,34,36
2024-07-13,Veracruz de Ignacio de la Llave,1,24,25
2024-07-13,Yucatán,2,22,24
2024-07-13,Zacatecas,3,10,13
2024-07-14,Baja California,1,26,27
2024-07-14,Baja California Sur,2,16,18
2024-07-14,Chiapas,1,12,13
2024-07-14,Chihuahua,1,88,89
2024-07-14,Coahuila de Zaragoza,1,23,24
2024-07-14,Guanajuato,4,53,57
2024-07-14,Guerrero,2,13,15
2024-07-14,Hidalgo,3,5,8
2024-07-14,Jalisco,1,50,51
2024-07-14,Michoacán de Ocampo,1,55,56
2024-07-14,Morelos,2,18,20
2024-07-14,México,1,54,55
2024-07-14,Nayarit,4,7,11
2024-07-14,Nuevo León,3,148,151
2024-07-14,Oaxaca,1,7,8
2024-07-14,Puebla,1,30,31
2024-07-14,Querétaro,1,23,24
2024-07-14,Quintana Roo,2,22,24
2024-07-14,San Luis Potosí,1,20,21
2024-07-14,Sinaloa,3,18,21
2024-07-14,Sonora,1,59,60
2024-07-14,Tabasco,3,7,10
2024-07-14,Tamaulipas,2,35,37
2024-07-14,Tlaxcala,2,10,12
2024-07-14,Veracruz de Ignacio de la Llave,2,19,21
2024-07-14,Yucatán,4,20,24
2024-07-14,Zacatecas,1,7,8
2024-07-15,Aguascalientes,2,6,8
2024-07-15,Baja California,1,21,22
2024-07-15,Baja California Sur,1,16,17
2024-07-15,Campeche,1,11,12
2024-07-15,Chiapas,1,3,4
2024-07-15,Chihuahua,3,55,58
2024-07-15,Coahuila de Zaragoza,1,20,21
2024-07-15,Durango,2,29,31
2024-07-15,Jalisco,2,34,36
2024-07-15,Michoacán de Ocampo,1,41,42
2024-07-15,Morelos,2,23,25
2024-07-15,Nayarit,1,9,10
2024-07-15,Nuevo León,3,196,199
2024-07-15,Oaxaca,1,11,12
2024-07-15,Quintana Roo,2,13,15
2024-07-15,San Luis Potosí,1,15,16
2024-07-15,Sinaloa,1,18,19
2024-07-15,Tabasco,2,4,6
2024-07-15,Tamaulipas,2,32,34
2024-07-15,Tlaxcala,4,6,10
2024-07-15,Veracruz de Ignacio de la Llave,2,33,35
2024-07-15,Yucatán,3,27,30
2024-07-15,Zacatecas,3,1,4
2024-07-16,Baja California,3,22,25
2024-07-16,Baja California Sur,1,25,26
2024-07-16,Campeche,2,7,9
2024-07-16,Chiapas,1,5,6
2024-07-16,Chihuahua,3,63,66
2024-07-16,Coahuila de Zaragoza,2,16,18
2024-07-16,Colima,4,11,15
2024-07-16,Durango,1,28,29
2024-07-16,Guanajuato,1,36,37
2024-07-16,Hidalgo,1,16,17
2024-07-16,Jalisco,3,38,41
2024-07-16,Michoacán de Ocampo,3,43,46
2024-07-16,Morelos,1,11,12
2024-07-16,México,1,39,40
2024-07-16,Nayarit,1,6,7
2024-07-16,Nuevo León,3,187,190
2024-07-16,Querétaro,2,20,22
2024-07-16,Quintana Roo,1,17,18
2024-07-16,San Luis Potosí,2,12,14
2024-07-16,Sonora,5,58,63
2024-07-16,Tabasco,3,6,9
2024-07-16,Tamaulipas,2,39,41
2024-07-16,Tlaxcala,2,3,5
2024-07-16,Veracruz de Ignacio de la Llave,1,37,38
2024-07-16,Yucatán,2,14,16
2024-07-16,Zacatecas,2,6,8
2024-07-17,Aguascalientes,1,8,9
2024-07-17,Baja California,2,20,22
2024-07-17,Baja California Sur,1,15,16
2024-07-17,Campeche,1,10,11
2024-07-17,Chiapas,2,7,9
2024-07-17,Coahuila de Zaragoza,2,26,28
2024-07-17,Colima,1,10,11
2024-07-17,Guanajuato,4,34,38
2024-07-17,Guerrero,3,9,12
2024-07-17,Jalisco,1,44,45
2024-07-17,Michoacán de Ocampo,3,34,37
2024-07-17,México,1,41,42
2024-07-17,Nayarit,4,5,9
2024-07-17,Nuevo León,2,178,180
2024-07-17,Oaxaca,1,11,12
2024-07-17,Puebla,3,27,30
2024-07-17,Querétaro,1,17,18
2024-07-17,Quintana Roo,2,24,26
2024-07-17,Sinaloa,2,22,24
2024-07-17,Sonora,3,47,50
2024-07-17,Tabasco,2,7,9
2024-07-17,Tamaulipas,3,30,33
2024-07-17,Tlaxcala,1,9,10
2024-07-17,Veracruz de Ignacio de la Llave,3,34,37
2024-07-17,Yucatán,2,13,15
2024-07-17,Zacatecas,3,5,8
2024-07-18,Aguascalientes,3,7,10
2024-07-18,Chiapas,2,11,13
2024-07-18,Chihuahua,3,54,57
2024-07-18,Coahuila de Zaragoza,2,19,21
2024-07-18,Colima,1,27,28
2024-07-18,Durango,1,19,20
2024-07-18,Guanajuato,5,35,40
2024-07-18,Guerrero,2,18,20
2024-07-18,Jalisco,1,41,42
2024-07-18,Michoacán de Ocampo,2,38,40
2024-07-18,Nayarit,3,3,6
2024-07-18,Nuevo León,1,200,201
2024-07-18,Oaxaca,2,13,15
2024-07-18,Puebla,1,36,37
2024-07-18,Quintana Roo,1,23,24
2024-07-18,San Luis Potosí,1,12,13
2024-07-18,Sinaloa,1,8,9
2024-07-18,Sonora,3,45,48
2024-07-18,Tamaulipas,2,29,31
2024-07-18,Tlaxcala,1,4,5
2024-07-18,Yucatán,1,13,14
2024-07-18,Zacatecas,2,4,6
2024-07-19,Aguascalientes,2,6,8
2024-07-19,Baja California,1,24,25
2024-07-19,Baja California Sur,1,16,17
2024-07-19,Campeche,2,14,16
2024-07-19,Chiapas,2,9,11
2024-07-19,Coahuila de Zaragoza,3,15,18
2024-07-19,Colima,1,15,16
2024-07-19,Durango,2,30,32
2024-07-19,Guerrero,1,20,21
2024-07-19,Hidalgo,1,12,13
2024-07-19,Michoacán de Ocampo,1,38,39
2024-07-19,Morelos,1,18,19
2024-07-19,Nayarit,1,10,11
2024-07-19,Nuevo León,3,208,211
2024-07-19,Oaxaca,1,16,17
2024-07-19,Puebla,1,35,36
2024-07-19,Querétaro,1,30,31
2024-07-19,Quintana Roo,2,28,30
2024-07-19,Sinaloa,1,13,14
2024-07-19,Sonora,3,62,65
2024-07-19,Tabasco,1,3,4
2024-07-19,Tamaulipas,2,32,34
2024-07-19,Tlaxcala,1,2,3
2024-07-19,Yucatán,1,14,15
2024-07-19,Zacatecas,1,6,7
2024-07-20,Aguascalientes,1,9,10
2024-07-20,Baja California,3,25,28
2024-07-20,Baja California Sur,1,21,22
2024-07-20,Chihuahua,5,72,77
2024-07-20,Coahuila de Zaragoza,1,33,34
2024-07-20,Colima,1,17,18
2024-07-20,Durango,1,37,38
2024-07-20,Guerrero,2,19,21
2024-07-20,Hidalgo,2,17,19
2024-07-20,Jalisco,1,54,55
2024-07-20,Michoacán de Ocampo,3,42,45
2024-07-20,Morelos,2,26,28
2024-07-20,México,1,57,58
2024-07-20,Nayarit,1,10,11
2024-07-20,Nuevo León,2,172,174
2024-07-20,Oaxaca,2,23,25
2024-07-20,Puebla,5,23,28
2024-07-20,Querétaro,1,18,19
2024-07-20,Quintana Roo,1,20,21
2024-07-20,San Luis Potosí,3,19,22
2024-07-20,Sinaloa,2,25,27
2024-07-20,Sonora,1,74,75
2024-07-20,Tabasco,1,10,11
2024-07-20,Tamaulipas,1,40,41
2024-07-20,Yucatán,2,31,33
2024-07-21,Aguascalientes,2,17,19
2024-07-21,Baja California,1,28,29
2024-07-21,Campeche,3,10,13
2024-07-21,Chiapas,3,9,12
2024-07-21,Chihuahua,3,81,84
2024-07-21,Coahuila de Zaragoza,1,29,30
2024-07-21,Colima,1,18,19
2024-07-21,Guanajuato,1,47,48
2024-07-21,Hidalgo,3,15,18
2024-07-21,Jalisco,1,46,47
2024-07-21,Michoacán de Ocampo,1,40,41
2024-07-21,Morelos,1,25,26
2024-07-21,México,4,50,54
2024-07-21,Nuevo León,5,152,157
2024-07-21,Oaxaca,3,11,14
2024-07-21,Querétaro,4,30,34
2024-07-21,Quintana Roo,1,23,24
2024-07-21,San Luis Potosí,2,8,10
2024-07-21,Sinaloa,2,25,27
2024-07-21,Tabasco,1,8,9
2024-07-21,Tamaulipas,1,37,38
2024-07-21,Tlaxcala,3,6,9
2024-07-21,Yucatán,2,24,26
2024-07-21,Zacatecas,1,11,12
2024-07-22,Aguascalientes,2,15,17
2024-07-22,Baja California,1,41,42
2024-07-22,Baja California Sur,2,10,12
2024-07-22,Campeche,1,9,10
2024-07-22,Chiapas,1,12,13
2024-07-22,Colima,1,13,14
2024-07-22,Durango,4,23,27
2024-07-22,Guerrero,1,18,19
2024-07-22,Hidalgo,1,22,23
2024-07-22,Jalisco,1,45,46
2024-07-22,Michoacán de Ocampo,1,39,40
2024-07-22,Morelos,2,25,27
2024-07-22,México,3,42,45
2024-07-22,Nuevo León,1,209,210
2024-07-22,Oaxaca,3,8,11
2024-07-22,Puebla,4,23,27
2024-07-22,Querétaro,1,23,24
2024-07-22,Quintana Roo,1,14,15
2024-07-22,San Luis Potosí,4,19,23
2024-07-22,Sinaloa,1,12,13
2024-07-22,Sonora,1,45,46
2024-07-22,Tabasco,1,4,5
2024-07-22,Tamaulipas,2,32,34
2024-07-22,Tlaxcala,1,4,5
2024-07-22,Yucatán,1,17,18
2024-07-22,Zacatecas,3,5,8
2024-07-23,Aguascalientes,2,8,10
2024-07-23,Baja California,1,15,16
2024-07-23,Baja California Sur,1,15,16
2024-07-23,Chiapas,2,3,5
2024-07-23,Chihuahua,2,45,47
2024-07-23,Colima,1,11,12
2024-07-23,Durango,4,30,34
2024-07-23,Guerrero,2,15,17
2024-07-23,Jalisco,5,41,46
2024-07-23,Morelos,3,18,21
2024-07-23,Nayarit,1,8,9
2024-07-23,Oaxaca,3,15,18
2024-07-23,Puebla,1,30,31
2024-07-23,Querétaro,1,20,21
2024-07-23,Sinaloa,2,19,21
2024-07-23,Sonora,2,46,48
2024-07-23,Tamaulipas,1,33,34
2024-07-23,Tlaxcala,1,6,7
2024-07-23,Veracruz de Ignacio de la Llave,2,32,34
2024-07-23,Zacatecas,1,7,8
2024-07-24,Aguascalientes,1,5,6
2024-07-24,Baja California,3,34,37
2024-07-24,Baja California Sur,1,9,10
2024-07-24,Chiapas,2,5,7
2024-07-24,Chihuahua,3,58,61
2024-07-24,Colima,1,21,22
2024-07-24,Durango,1,29,30
2024-07-24,Guerrero,3,19,22
2024-07-24,Hidalgo,1,12,13
2024-07-24,Michoacán de Ocampo,3,38,41
2024-07-24,Morelos,3,19,22
2024-07-24,México,2,56,58
2024-07-24,Nayarit,2,5,7
2024-07-24,Oaxaca,5,9,14
2024-07-24,Puebla,2,37,39
2024-07-24,Quintana Roo,3,15,18
2024-07-24,Sinaloa,2,21,23
2024-07-24,Sonora,2,57,59
2024-07-24,Tabasco,1,6,7
2024-07-24,Tamaulipas,2,27,29
2024-07-25,Aguascalientes,1,5,6
2024-07-25,Baja California,2,23,25
2024-07-25,Baja California Sur,1,18,19
2024-07-25,Campeche,1,7,8
2024-07-25,Chihuahua,1,55,56
2024-07-25,Coahuila de Zaragoza,2,20,22
2024-07-25,Colima,1,18,19
2024-07-25,Durango,1,22,23
2024-07-25,Guerrero,1,18,19
2024-07-25,Michoacán de Ocampo,1,31,32
2024-07-25,Nayarit,3,3,6
2024-07-25,Oaxaca,3,11,14
2024-07-25,Puebla,2,21,23
2024-07-25,Querétaro,3,16,19
2024-07-25,Sinaloa,2,10,12
2024-07-25,Sonora,2,49,51
2024-07-25,Tamaulipas,1,24,25
2024-07-25,Tlaxcala,3,4,7
2024-07-25,Veracruz de Ignacio de la Llave,3,33,36
2024-07-26,Aguascalientes,3,7,10
2024-07-26,Baja California,4,16,20
2024-07-26,Campeche,1,7,8
2024-07-26,Chiapas,1,8,9
2024-07-26,Coahuila de Zaragoza,1,21,22
2024-07-26,Colima,2,9,11
2024-07-26,Durango,1,19,20
2024-07-26,Guanajuato,3,51,54
2024-07-26,Guerrero,2,20,22
2024-07-26,Hidalgo,1,19,20
2024-07-26,Morelos,2,23,25
2024-07-26,México,1,47,48
2024-07-26,Nayarit,1,7,8
2024-07-26,Nuevo León,1,172,173
2024-07-26,Oaxaca,1,12,13
2024-07-26,Puebla,1,34,35
2024-07-26,Querétaro,3,13,16
2024-07-26,Quintana Roo,2,28,30
2024-07-26,San Luis Potosí,1,18,19
2024-07-26,Sinaloa,2,8,10
2024-07-26,Tabasco,2,8,10
2024-07-26,Tlaxcala,3,10,13
2024-07-26,Veracruz de Ignacio de la Llave,1,34,35
2024-07-26,Yucatán,1,24,25
2024-07-26,Zacatecas,2,6,8
2024-07-27,Aguascalientes,1,17,18
2024-07-27,Baja California,3,22,25
2024-07-27,Baja California Sur,1,17,18
2024-07-27,Campeche,1,12,13
2024-07-27,Chiapas,3,2,5
2024-07-27,Chihuahua,3,81,84
2024-07-27,Coahuila de Zaragoza,1,25,26
2024-07-27,Colima,1,21,22
2024-07-27,Durango,2,24,26
2024-07-27,Guanajuato,1,51,52
2024-07-27,Guerrero,1,14,15
2024-07-27,Jalisco,3,53,56
2024-07-27,Michoacán de Ocampo,2,56,58
2024-07-27,Morelos,3,16,19
2024-07-27,México,3,61,64
2024-07-27,Nuevo León,3,191,194
2024-07-27,Oaxaca,4,14,18
2024-07-27,Puebla,1,31,32
2024-07-27,Quintana Roo,2,25,27
2024-07-27,San Luis Potosí,2,14,16
2024-07-27,Sinaloa,3,15,18
2024-07-27,Sonora,4,68,72
2024-07-27,Tlaxcala,2,2,4
2024-07-27,Veracruz de Ignacio de la Llave,1,40,41
2024-07-27,Yucatán,2,29,31
2024-07-27,Zacatecas,4,4,8
2024-07-28,Baja California,4,34,38
2024-07-28,Campeche,1,8,9
2024-07-28,Chiapas,2,106,108
2024-07-28,Coahuila de Zaragoza,2,28,30
2024-07-28,Guanajuato,1,58,59
2024-07-28,Guerrero,2,64,66
2024-07-28,Hidalgo,4,75,79
2024-07-28,Jalisco,2,117,119
2024-07-28,Michoacán de Ocampo,1,86,87
2024-07-28,Morelos,1,34,35
2024-07-28,México,2,57,59
2024-07-28,Nayarit,1,5,6
2024-07-28,Nuevo León,1,163,164
2024-07-28,Oaxaca,2,532,534
2024-07-28,Puebla,2,186,188
2024-07-28,Querétaro,1,22,23
2024-07-28,San Luis Potosí,1,52,53
2024-07-28,Sinaloa,1,22,23
2024-07-28,Tabasco,1,6,7
2024-07-28,Tamaulipas,2,60,62
2024-07-28,Zacatecas,2,21,23
2024-07-29,Baja California,2,19,21
2024-07-29,Baja California Sur,2,12,14
2024-07-29,Campeche,1,16,17
2024-07-29,Chiapas,3,4,7
2024-07-29,Chihuahua,1,69,70
2024-07-29,Coahuila de Zaragoza,4,25,29
2024-07-29,Colima,2,10,12
2024-07-29,Durango,1,20,21
2024-07-29,Guerrero,2,23,25
2024-07-29,Hidalgo,3,10,13
2024-07-29,Jalisco,1,34,35
2024-07-29,Morelos,2,15,17
2024-07-29,Nayarit,1,6,7
2024-07-29,Oaxaca,1,13,14
2024-07-29,Puebla,1,33,34
2024-07-29,Quintana Roo,2,13,15
2024-07-29,San Luis Potosí,2,13,15
2024-07-29,Sonora,2,54,56
2024-07-29,Tabasco,4,7,11
2024-07-29,Veracruz de Ignacio de la Llave,2,30,32
2024-07-30,Baja California,1,18,19
2024-07-30,Baja California Sur,1,24,25
2024-07-30,Chiapas,1,7,8
2024-07-30,Chihuahua,1,46,47
2024-07-30,Coahuila de Zaragoza,2,20,22
2024-07-30,Durango,4,20,24
2024-07-30,Guanajuato,2,35,37
2024-07-30,Guerrero,5,14,19
2024-07-30,Hidalgo,1,9,10
2024-07-30,Michoacán de Ocampo,1,27,28
2024-07-30,Morelos,3,18,21
2024-07-30,México,1,47,48
2024-07-30,Nayarit,2,4,6
2024-07-30,Nuevo León,1,196,197
2024-07-30,Oaxaca,4,15,19
2024-07-30,Puebla,2,28,30
2024-07-30,Querétaro,1,19,20
2024-07-30,Quintana Roo,1,17,18
2024-07-30,San Luis Potosí,1,14,15
2024-07-30,Sinaloa,1,16,17
2024-07-30,Tabasco,1,2,3
2024-07-30,Tamaulipas,3,33,36
2024-07-30,Tlaxcala,1,3,4
2024-07-30,Yucatán,4,23,27
2024-07-31,Aguascalientes,2,4,6
2024-07-31,Baja California,2,14,16
2024-07-31,Baja California Sur,1,9,10
2024-07-31,Campeche,1,23,24
2024-07-31,Chiapas,3,5,8
2024-07-31,Coahuila de Zaragoza,1,21,22
2024-07-31,Colima,2,19,21
2024-07-31,Durango,3,21,24
2024-07-31,Guanajuato,1,43,44
2024-07-31,Guerrero,1,11,12
2024-07-31,Hidalgo,2,12,14
2024-07-31,Jalisco,5,35,40
2024-07-31,Michoacán de Ocampo,1,33,34
2024-07-31,México,1,39,40
2024-07-31,Nayarit,2,5,7
2024-07-31,Nuevo León,2,217,219
2024-07-31,Puebla,1,23,24
2024-07-31,Quintana Roo,1,17,18
2024-07-31,Sonora,2,39,41
2024-07-31,Tabasco,1,7,8
2024-07-31,Tlaxcala,2,3,5
2024-07-31,Veracruz de Ignacio de la Llave,2,26,28
2024-07-31,Yucatán,2,23,25
2024-07-31,Zacatecas,3,4,7
2024-08-01,Aguascalientes,1,10,11
2024-08-01,Baja California,1,35,36
2024-08-01,Baja California Sur,1,11,12
2024-08-01,Campeche,2,13,15
2024-08-01,Chiapas,2,4,6
2024-08-01,Chihuahua,2,69,71
2024-08-01,Coahuila de Zaragoza,1,31,32
2024-08-01,Colima,1,13,14
2024-08-01,Durango,4,22,26
2024-08-01,Guanajuato,1,31,32
2024-08-01,Guerrero,1,13,14
2024-08-01,Hidalgo,3,12,15
2024-08-01,Michoacán de Ocampo,2,42,44
2024-08-01,Morelos,3,27,30
2024-08-01,México,4,56,60
2024-08-01,Nayarit,1,9,10
2024-08-01,Nuevo León,2,233,235
2024-08-01,Oaxaca,2,16,18
2024-08-01,Puebla,1,30,31
2024-08-01,Querétaro,1,24,25
2024-08-01,San Luis Potosí,2,8,10
2024-08-01,Sinaloa,1,21,22
2024-08-01,Tabasco,2,4,6
2024-08-01,Tamaulipas,1,34,35
2024-08-01,Tlaxcala,1,6,7
2024-08-01,Veracruz de Ignacio de la Llave,1,32,33
2024-08-01,Zacatecas,3,4,7
2024-08-02,Aguascalientes,1,9,10
2024-08-02,Baja California,2,51,53
2024-08-02,Campeche,2,12,14
2024-08-02,Chiapas,4,2,6
2024-08-02,Chihuahua,3,73,76
2024-08-02,Coahuila de Zaragoza,2,34,36
2024-08-02,Colima,1,12,13
2024-08-02,Guanajuato,2,51,53
2024-08-02,Hidalgo,1,14,15
2024-08-02,Michoacán de Ocampo,1,33,34
2024-08-02,Morelos,1,19,20
2024-08-02,México,1,48,49
2024-08-02,Nayarit,1,5,6
2024-08-02,Oaxaca,1,6,7
2024-08-02,Puebla,1,30,31
2024-08-02,Querétaro,3,21,24
2024-08-02,Quintana Roo,2,25,27
2024-08-02,San Luis Potosí,2,20,22
2024-08-02,Sinaloa,2,12,14
2024-08-02,Sonora,3,64,67
2024-08-02,Tamaulipas,1,37,38
2024-08-02,Tlaxcala,2,4,6
2024-08-02,Veracruz de Ignacio de la Llave,1,25,26
2024-08-02,Zacatecas,1,8,9
2024-08-03,Aguascalientes,1,17,18
2024-08-03,Baja California,2,34,36
2024-08-03,Campeche,1,11,12
2024-08-03,Chihuahua,3,97,100
2024-08-03,Coahuila de Zaragoza,3,29,32
2024-08-03,Colima,1,17,18
2024-08-03,Durango,3,27,30
2024-08-03,Guanajuato,1,65,66
2024-08-03,Guerrero,2,14,16
2024-08-03,Hidalgo,3,16,19
2024-08-03,Jalisco,1,57,58
2024-08-03,Morelos,1,33,34
2024-08-03,México,4,46,50
2024-08-03,Nayarit,1,7,8
2024-08-03,Oaxaca,3,20,23
2024-08-03,Quintana Roo,2,28,30
2024-08-03,San Luis Potosí,1,13,14
2024-08-03,Sonora,1,82,83
2024-08-03,Tamaulipas,2,43,45
2024-08-03,Tlaxcala,1,6,7
2024-08-03,Veracruz de Ignacio de la Llave,2,16,18
2024-08-03,Yucatán,2,23,25
2024-08-03,Zacatecas,1,5,6
2024-08-04,Aguascalientes,1,16,17
2024-08-04,Baja California,3,38,41
2024-08-04,Campeche,2,10,12
2024-08-04,Chiapas,1,2,3
2024-08-04,Chihuahua,2,89,91
2024-08-04,Coahuila de Zaragoza,1,38,39
2024-08-04,Colima,2,15,17
2024-08-04,Durango,3,22,25
2024-08-04,Guanajuato,3,56,59
2024-08-04,Guerrero,1,19,20
2024-08-04,Jalisco,1,37,38
2024-08-04,Michoacán de Ocampo,1,35,36
2024-08-04,Morelos,2,31,33
2024-08-04,Nuevo León,2,155,157
2024-08-04,Oaxaca,1,12,13
2024-08-04,Puebla,3,33,36
2024-08-04,San Luis Potosí,4,21,25
2024-08-04,Sonora,1,75,76
2024-08-04,Tabasco,3,8,11
2024-08-04,Tlaxcala,1,4,5
2024-08-04,Zacatecas,1,10,11
2024-08-05,Aguascalientes,2,8,10
2024-08-05,Baja California,1,34,35
2024-08-05,Baja California Sur,2,7,9
2024-08-05,Chihuahua,1,83,84
2024-08-05,Coahuila de Zaragoza,3,26,29
2024-08-05,Colima,5,18,23
2024-08-05,Durango,2,27,29
2024-08-05,Guanajuato,1,47,48
2024-08-05,Guerrero,4,18,22
2024-08-05,Jalisco,2,44,46
2024-08-05,Michoacán de Ocampo,2,29,31
2024-08-05,Morelos,3,27,30
2024-08-05,México,1,47,48
2024-08-05,Nayarit,4,1,5
2024-08-05,Nuevo León,2,213,215
2024-08-05,Oaxaca,2,10,12
2024-08-05,Puebla,2,25,27
2024-08-05,Querétaro,2,26,28
2024-08-05,Quintana Roo,3,15,18
2024-08-05,San Luis Potosí,2,18,20
2024-08-05,Sonora,2,68,70
2024-08-05,Tamaulipas,1,30,31
2024-08-05,Yucatán,2,14,16
2024-08-06,Aguascalientes,1,10,11
2024-08-06,Baja California,2,27,29
2024-08-06,Baja California Sur,3,7,10
2024-08-06,Campeche,6,7,13
2024-08-06,Chihuahua,1,51,52
2024-08-06,Coahuila de Zaragoza,3,21,24
2024-08-06,Colima,2,22,24
2024-08-06,Guanajuato,2,39,41
2024-08-06,Guerrero,1,21,22
2024-08-06,Jalisco,3,46,49
2024-08-06,Michoacán de Ocampo,2,42,44
2024-08-06,Morelos,2,16,18
2024-08-06,Nuevo León,1,242,243
2024-08-06,Oaxaca,2,14,16
2024-08-06,Puebla,1,31,32
2024-08-06,Querétaro,4,15,19
2024-08-06,Quintana Roo,1,12,13
2024-08-06,San Luis Potosí,2,11,13
2024-08-06,Sinaloa,3,11,14
2024-08-06,Sonora,1,48,49
2024-08-06,Tabasco,2,4,6
2024-08-06,Veracruz de Ignacio de la Llave,2,25,27
2024-08-06,Yucatán,1,24,25
2024-08-06,Zacatecas,2,1,3
2024-08-07,Aguascalientes,2,7,9
2024-08-07,Baja California,1,17,18
2024-08-07,Baja California Sur,2,10,12
2024-08-07,Campeche,2,12,14
2024-08-07,Coahuila de Zaragoza,2,22,24
2024-08-07,Colima,1,10,11
2024-08-07,Durango,1,35,36
2024-08-07,Guanajuato,1,30,31
2024-08-07,Guerrero,2,20,22
2024-08-07,Hidalgo,1,15,16
2024-08-07,Michoacán de Ocampo,3,32,35
2024-08-07,Morelos,2,21,23
2024-08-07,México,1,46,47
2024-08-07,Nuevo León,1,236,237
2024-08-07,Oaxaca,1,14,15
2024-08-07,Querétaro,3,15,18
2024-08-07,Quintana Roo,3,19,22
2024-08-07,San Luis Potosí,1,16,17
2024-08-07,Sinaloa,1,12,13
2024-08-07,Sonora,1,43,44
2024-08-07,Tabasco,2,9,11
2024-08-07,Tlaxcala,1,7,8
2024-08-07,Yucatán,2,13,15
2024-08-07,Zacatecas,1,5,6
2024-08-08,Aguascalientes,1,3,4
2024-08-08,Campeche,2,11,13
2024-08-08,Chiapas,1,9,10
2024-08-08,Chihuahua,2,62,64
2024-08-08,Colima,1,13,14
2024-08-08,Durango,1,15,16
2024-08-08,Guanajuato,1,44,45
2024-08-08,Guerrero,1,23,24
2024-08-08,Hidalgo,3,14,17
2024-08-08,Jalisco,1,43,44
2024-08-08,Michoacán de Ocampo,2,41,43
2024-08-08,Morelos,2,24,26
2024-08-08,México,2,48,50
2024-08-08,Nayarit,4,4,8
2024-08-08,Nuevo León,2,229,231
2024-08-08,Oaxaca,2,9,11
2024-08-08,Querétaro,2,17,19
2024-08-08,Sinaloa,2,15,17
2024-08-08,Sonora,1,53,54
2024-08-08,Tabasco,2,10,12
2024-08-08,Tamaulipas,4,32,36
2024-08-08,Tlaxcala,1,4,5
2024-08-08,Veracruz de Ignacio de la Llave,1,27,28
2024-08-08,Yucatán,3,18,21
2024-08-08,Zacatecas,1,11,12
2024-08-09,Aguascalientes,2,11,13
2024-08-09,Baja California,2,31,33
2024-08-09,Baja California Sur,1,11,12
2024-08-09,Campeche,3,8,11
2024-08-09,Chiapas,1,6,7
2024-08-09,Coahuila de Zaragoza,3,16,19
2024-08-09,Colima,2,19,21
2024-08-09,Guanajuato,2,50,52
2024-08-09,Guerrero,3,15,18
2024-08-09,Jalisco,4,46,50
2024-08-09,Michoacán de Ocampo,2,34,36
2024-08-09,Morelos,2,33,35
2024-08-09,México,2,57,59
2024-08-09,Oaxaca,1,12,13
2024-08-09,Puebla,2,29,31
2024-08-09,Querétaro,1,25,26
2024-08-09,San Luis Potosí,1,13,14
2024-08-09,Sinaloa,1,10,11
2024-08-09,Sonora,3,66,69
2024-08-09,Tabasco,1,7,8
2024-08-09,Tamaulipas,2,31,33
2024-08-09,Tlaxcala,1,4,5
2024-08-09,Yucatán,1,14,15
2024-08-09,Zacatecas,1,10,11
2024-08-10,Aguascalientes,2,12,14
2024-08-10,Campeche,1,12,13
2024-08-10,Chiapas,4,14,18
2024-08-10,Chihuahua,1,88,89
2024-08-10,Colima,1,26,27
2024-08-10,Durango,5,36,41
2024-08-10,Guanajuato,1,58,59
2024-08-10,Guerrero,2,16,18
2024-08-10,Hidalgo,2,15,17
2024-08-10,Jalisco,1,51,52
2024-08-10,Michoacán de Ocampo,1,33,34
2024-08-10,Morelos,3,21,24
2024-08-10,Nayarit,1,7,8
2024-08-10,Querétaro,1,28,29
2024-08-10,Quintana Roo,2,23,25
2024-08-10,San Luis Potosí,2,17,19
2024-08-10,Sinaloa,1,21,22
2024-08-10,Sonora,1,52,53
2024-08-10,Tabasco,4,7,11
2024-08-10,Tamaulipas,2,36,38
2024-08-10,Tlaxcala,3,3,6
2024-08-10,Veracruz de Ignacio de la Llave,1,18,19
2024-08-10,Yucatán,2,27,29
2024-08-11,Baja California,2,33,35
2024-08-11,Baja California Sur,3,20,23
2024-08-11,Campeche,1,12,13
2024-08-11,Chiapas,1,8,9
2024-08-11,Chihuahua,3,83,86
2024-08-11,Coahuila de Zaragoza,1,38,39
2024-08-11,Colima,1,14,15
2024-08-11,Durango,1,29,30
2024-08-11,Guanajuato,4,50,54
2024-08-11,Guerrero,4,32,36
2024-08-11,Jalisco,1,61,62
2024-08-11,Michoacán de Ocampo,1,40,41
2024-08-11,Morelos,2,25,27
2024-08-11,México,1,42,43
2024-08-11,Nuevo León,1,152,153
2024-08-11,Oaxaca,2,8,10
2024-08-11,Puebla,3,36,39
2024-08-11,Quintana Roo,4,18,22
2024-08-11,San Luis Potosí,4,16,20
2024-08-11,Sinaloa,1,19,20
2024-08-11,Sonora,1,59,60
2024-08-11,Tabasco,1,5,6
2024-08-11,Veracruz de Ignacio de la Llave,1,13,14
2024-08-11,Yucatán,3,28,31
2024-08-12,Aguascalientes,4,11,15
2024-08-12,Baja California Sur,3,15,18
2024-08-12,Chiapas,1,8,9
2024-08-12,Chihuahua,2,75,77
2024-08-12,Coahuila de Zaragoza,2,26,28
2024-08-12,Colima,3,14,17
2024-08-12,Durango,1,36,37
2024-08-12,Guanajuato,1,55,56
2024-08-12,Guerrero,2,15,17
2024-08-12,Hidalgo,1,9,10
2024-08-12,Jalisco,1,42,43
2024-08-12,Morelos,2,20,22
2024-08-12,Nayarit,1,2,3
2024-08-12,Oaxaca,1,9,10
2024-08-12,Querétaro,1,25,26
2024-08-12,Quintana Roo,1,11,12
2024-08-12,San Luis Potosí,3,15,18
2024-08-12,Sinaloa,2,15,17
2024-08-12,Sonora,2,70,72
2024-08-12,Tabasco,1,10,11
2024-08-12,Tamaulipas,1,22,23
2024-08-12,Tlaxcala,1,2,3
2024-08-12,Veracruz de Ignacio de la Llave,1,31,32
2024-08-12,Yucatán,1,19,20
2024-08-12,Zacatecas,4,7,11
2024-08-13,Baja California,1,21,22
2024-08-13,Baja California Sur,4,16,20
2024-08-13,Chiapas,4,9,13
2024-08-13,Chihuahua,2,73,75
2024-08-13,Coahuila de Zaragoza,2,25,27
2024-08-13,Colima,2,14,16
2024-08-13,Durango,1,27,28
2024-08-13,Morelos,1,20,21
2024-08-13,Nayarit,1,7,8
2024-08-13,Puebla,2,23,25
2024-08-13,Querétaro,1,15,16
2024-08-13,Quintana Roo,6,18,24
2024-08-13,Sinaloa,3,14,17
2024-08-13,Sonora,2,67,69
2024-08-13,Tamaulipas,2,30,32
2024-08-13,Tlaxcala,2,3,5
2024-08-13,Yucatán,4,10,14
2024-08-13,Zacatecas,1,2,3
2024-08-14,Aguascalientes,2,10,12
2024-08-14,Baja California,1,20,21
2024-08-14,Baja California Sur,2,13,15
2024-08-14,Campeche,4,7,11
2024-08-14,Chiapas,1,5,6
2024-08-14,Coahuila de Zaragoza,2,26,28
2024-08-14,Colima,2,11,13
2024-08-14,Guanajuato,2,29,31
2024-08-14,Guerrero,1,16,17
2024-08-14,Jalisco,2,43,45
2024-08-14,Michoacán de Ocampo,2,30,32
2024-08-14,Morelos,2,18,20
2024-08-14,Nayarit,2,4,6
2024-08-14,Nuevo León,2,220,222
2024-08-14,Oaxaca,1,8,9
2024-08-14,Puebla,4,40,44
2024-08-14,Querétaro,2,13,15
2024-08-14,Quintana Roo,1,18,19
2024-08-14,San Luis Potosí,4,10,14
2024-08-14,Sinaloa,3,18,21
2024-08-14,Tamaulipas,2,32,34
2024-08-14,Tlaxcala,7,3,10
2024-08-14,Yucatán,1,18,19
2024-08-15,Aguascalientes,1,10,11
2024-08-15,Baja California,3,35,38
2024-08-15,Baja California Sur,2,21,23
2024-08-15,Campeche,2,11,13
2024-08-15,Chiapas,5,7,12
2024-08-15,Chihuahua,2,60,62
2024-08-15,Coahuila de Zaragoza,2,31,33
2024-08-15,Colima,2,6,8
2024-08-15,Durango,1,32,33
2024-08-15,Guanajuato,1,45,46
2024-08-15,Hidalgo,1,7,8
2024-08-15,Michoacán de Ocampo,1,37,38
2024-08-15,Morelos,1,26,27
2024-08-15,Nuevo León,2,213,215
2024-08-15,Oaxaca,1,14,15
2024-08-15,Puebla,2,26,28
2024-08-15,Querétaro,1,33,34
2024-08-15,San Luis Potosí,2,12,14
2024-08-15,Sinaloa,1,12,13
2024-08-15,Sonora,2,57,59
2024-08-15,Tabasco,1,3,4
2024-08-15,Tamaulipas,2,34,36
2024-08-15,Tlaxcala,2,6,8
2024-08-15,Veracruz de Ignacio de la Llave,1,38,39
2024-08-15,Yucatán,1,23,24
2024-08-16,Aguascalientes,1,5,6
2024-08-16,Campeche,1,14,15
2024-08-16,Chiapas,2,6,8
2024-08-16,Chihuahua,3,76,79
2024-08-16,Coahuila de Zaragoza,3,39,42
2024-08-16,Colima,1,24,25
2024-08-16,Guanajuato,1,60,61
2024-08-16,Guerrero,2,25,27
2024-08-16,Michoacán de Ocampo,2,47,49
2024-08-16,México,4,49,53
2024-08-16,Nayarit,5,7,12
2024-08-16,Nuevo León,3,221,224
2024-08-16,Oaxaca,3,23,26
2024-08-16,Puebla,1,35,36
2024-08-16,Querétaro,2,26,28
2024-08-16,Quintana Roo,1,23,24
2024-08-16,San Luis Potosí,2,21,23
2024-08-16,Sonora,1,72,73
2024-08-16,Tabasco,2,8,10
2024-08-16,Tamaulipas,3,36,39
2024-08-16,Tlaxcala,2,5,7
2024-08-16,Veracruz de Ignacio de la Llave,3,29,32
2024-08-16,Yucatán,2,24,26
2024-08-16,Zacatecas,3,8,11
2024-08-17,Aguascalientes,1,21,22
2024-08-17,Baja California Sur,3,30,33
2024-08-17,Chiapas,3,1,4
2024-08-17,Colima,1,18,19
2024-08-17,Durango,1,32,33
2024-08-17,Guanajuato,1,62,63
2024-08-17,Hidalgo,3,11,14
2024-08-17,Michoacán de Ocampo,3,42,45
2024-08-17,Morelos,3,27,30
2024-08-17,México,2,54,56
2024-08-17,Nayarit,3,8,11
2024-08-17,Nuevo León,3,201,204
2024-08-17,Oaxaca,1,10,11
2024-08-17,Puebla,1,33,34
2024-08-17,San Luis Potosí,2,20,22
2024-08-17,Sinaloa,1,16,17
2024-08-17,Sonora,1,64,65
2024-08-17,Tabasco,1,10,11
2024-08-17,Tamaulipas,2,35,37
2024-08-17,Tlaxcala,1,10,11
2024-08-17,Yucatán,1,28,29
2024-08-18,Baja California,1,43,44
2024-08-18,Baja California Sur,1,12,13
2024-08-18,Chiapas,1,5,6
2024-08-18,Colima,2,25,27
2024-08-18,Durango,1,26,27
2024-08-18,Guanajuato,2,64,66
2024-08-18,Jalisco,1,48,49
2024-08-18,Morelos,3,27,30
2024-08-18,México,4,56,60
2024-08-18,Oaxaca,1,14,15
2024-08-18,Querétaro,1,28,29
2024-08-18,Quintana Roo,2,18,20
2024-08-18,San Luis Potosí,3,16,19
2024-08-18,Sinaloa,2,25,27
2024-08-18,Tamaulipas,1,38,39
2024-08-18,Tlaxcala,2,5,7
2024-08-18,Veracruz de Ignacio de la Llave,2,25,27
2024-08-18,Yucatán,1,22,23
2024-08-18,Zacatecas,3,6,9
2024-08-19,Aguascalientes,4,12,16
2024-08-19,Baja California,1,29,30
2024-08-19,Baja California Sur,5,14,19
2024-08-19,Chiapas,1,10,11
2024-08-19,Chihuahua,1,76,77
2024-08-19,Coahuila de Zaragoza,1,25,26
2024-08-19,Colima,1,13,14
2024-08-19,Durango,1,27,28
2024-08-19,Guanajuato,1,49,50
2024-08-19,Guerrero,4,10,14
2024-08-19,Hidalgo,1,9,10
2024-08-19,Jalisco,1,57,58
2024-08-19,Michoacán de Ocampo,1,34,35
2024-08-19,Morelos,1,14,15
2024-08-19,México,2,53,55
2024-08-19,Nayarit,2,6,8
2024-08-19,Nuevo León,3,206,209
2024-08-19,Oaxaca,2,9,11
2024-08-19,Puebla,1,22,23
2024-08-19,Querétaro,1,15,16
2024-08-19,San Luis Potosí,3,20,23
2024-08-19,Sonora,2,79,81
2024-08-19,Tabasco,4,6,10
2024-08-19,Yucatán,5,12,17
2024-08-19,Zacatecas,2,4,6
2024-08-20,Aguascalientes,3,7,10
2024-08-20,Baja California Sur,1,14,15
2024-08-20,Campeche,2,11,13
2024-08-20,Chiapas,1,11,12
2024-08-20,Chihuahua,3,73,76
2024-08-20,Guanajuato,1,51,52
2024-08-20,Guerrero,2,18,20
2024-08-20,Michoacán de Ocampo,2,36,38
2024-08-20,Morelos,1,27,28
2024-08-20,México,2,42,44
2024-08-20,Nayarit,3,3,6
2024-08-20,Nuevo León,1,228,229
2024-08-20,Puebla,1,25,26
2024-08-20,Querétaro,4,12,16
2024-08-20,San Luis Potosí,3,16,19
2024-08-20,Sinaloa,2,9,11
2024-08-20,Sonora,1,59,60
2024-08-20,Tabasco,1,4,5
2024-08-20,Tlaxcala,1,6,7
2024-08-20,Veracruz de Ignacio de la Llave,4,32,36
2024-08-20,Yucatán,3,9,12
2024-08-20,Zacatecas,3,7,10
2024-08-21,Aguascalientes,2,6,8
2024-08-21,Baja California Sur,2,21,23
2024-08-21,Campeche,1,8,9
2024-08-21,Chiapas,2,5,7
2024-08-21,Chihuahua,3,57,60
2024-08-21,Durango,1,26,27
2024-08-21,Jalisco,1,53,54
2024-08-21,Michoacán de Ocampo,1,40,41
2024-08-21,Morelos,4,21,25
2024-08-21,México,3,45,48
2024-08-21,Nuevo León,2,265,267
2024-08-21,Oaxaca,1,14,15
2024-08-21,Querétaro,3,24,27
2024-08-21,Quintana Roo,1,19,20
2024-08-21,Sinaloa,1,13,14
2024-08-21,Sonora,2,55,57
2024-08-21,Tamaulipas,1,30,31
2024-08-21,Tlaxcala,2,4,6
2024-08-21,Yucatán,2,13,15
2024-08-21,Zacatecas,3,10,13
2024-08-22,Baja California,1,18,19
2024-08-22,Campeche,1,5,6
2024-08-22,Chiapas,1,1,2
2024-08-22,Chihuahua,1,75,76
2024-08-22,Colima,2,20,22
2024-08-22,Durango,1,19,20
2024-08-22,Guanajuato,1,41,42
2024-08-22,Guerrero,1,21,22
2024-08-22,Jalisco,2,44,46
2024-08-22,Morelos,4,22,26
2024-08-22,México,2,52,54
2024-08-22,Nuevo León,2,203,205
2024-08-22,Oaxaca,1,11,12
2024-08-22,Puebla,1,25,26
2024-08-22,Querétaro,3,26,29
2024-08-22,Quintana Roo,1,16,17
2024-08-22,San Luis Potosí,1,20,21
2024-08-22,Sonora,2,62,64
2024-08-22,Tabasco,3,3,6
2024-08-22,Tamaulipas,2,32,34
2024-08-22,Tlaxcala,2,6,8
2024-08-22,Yucatán,2,17,19
2024-08-22,Zacatecas,2,3,5
2024-08-23,Aguascalientes,1,3,4
2024-08-23,Baja California,2,32,34
2024-08-23,Baja California Sur,1,19,20
2024-08-23,Campeche,2,16,18
2024-08-23,Chihuahua,2,83,85
2024-08-23,Coahuila de Zaragoza,1,30,31
2024-08-23,Colima,1,17,18
2024-08-23,Durango,1,34,35
2024-08-23,Guanajuato,3,57,60
2024-08-23,Guerrero,2,24,26
2024-08-23,Hidalgo,3,12,15
2024-08-23,Jalisco,2,55,57
2024-08-23,Michoacán de Ocampo,1,47,48
2024-08-23,México,1,52,53
2024-08-23,Oaxaca,1,16,17
2024-08-23,Puebla,4,30,34
2024-08-23,Quintana Roo,2,17,19
2024-08-23,San Luis Potosí,2,15,17
2024-08-23,Sinaloa,1,18,19
2024-08-23,Sonora,1,71,72
2024-08-23,Tabasco,1,11,12
2024-08-23,Tamaulipas,1,30,31
2024-08-23,Tlaxcala,2,1,3
2024-08-23,Veracruz de Ignacio de la Llave,1,31,32
2024-08-23,Yucatán,1,15,16
2024-08-24,Aguascalientes,1,18,19
2024-08-24,Baja California,2,39,41
2024-08-24,Baja California Sur,3,21,24
2024-08-24,Campeche,2,10,12
2024-08-24,Chiapas,3,9,12
2024-08-24,Chihuahua,1,89,90
2024-08-24,Coahuila de Zaragoza,1,41,42
2024-08-24,Colima,1,22,23
2024-08-24,Guanajuato,2,57,59
2024-08-24,Hidalgo,1,23,24
2024-08-24,Jalisco,2,50,52
2024-08-24,Michoacán de Ocampo,2,44,46
2024-08-24,Nayarit,3,8,11
2024-08-24,Nuevo León,2,227,229
2024-08-24,Oaxaca,3,11,14
2024-08-24,Puebla,3,31,34
2024-08-24,Querétaro,2,25,27
2024-08-24,Quintana Roo,3,24,27
2024-08-24,San Luis Potosí,1,28,29
2024-08-24,Sinaloa,1,25,26
2024-08-24,Sonora,1,76,77
2024-08-24,Tabasco,1,7,8
2024-08-24,Tlaxcala,3,6,9
2024-08-24,Veracruz de Ignacio de la Llave,3,34,37
2024-08-24,Yucatán,4,27,31
2024-08-24,Zacatecas,1,10,11
2024-08-25,Aguascalientes,3,24,27
2024-08-25,Baja California Sur,3,12,15
2024-08-25,Campeche,1,11,12
2024-08-25,Chiapas,1,9,10
2024-08-25,Coahuila de Zaragoza,1,30,31
2024-08-25,Colima,2,23,25
2024-08-25,Guanajuato,1,53,54
2024-08-25,Guerrero,2,15,17
2024-08-25,Hidalgo,2,14,16
2024-08-25,Michoacán de Ocampo,1,33,34
2024-08-25,Morelos,1,21,22
2024-08-25,México,3,47,50
2024-08-25,Nayarit,2,4,6
2024-08-25,Oaxaca,2,16,18
2024-08-25,Puebla,1,30,31
2024-08-25,Querétaro,1,24,25
2024-08-25,Quintana Roo,2,21,23
2024-08-25,San Luis Potosí,3,19,22
2024-08-25,Sinaloa,1,16,17
2024-08-25,Tamaulipas,3,38,41
2024-08-25,Tlaxcala,1,2,3
2024-08-25,Yucatán,2,21,23
2024-08-25,Zacatecas,1,5,6
2024-08-26,Baja California,4,28,32
2024-08-26,Baja California Sur,1,21,22
2024-08-26,Campeche,5,6,11
2024-08-26,Chihuahua,2,69,71
2024-08-26,Coahuila de Zaragoza,3,35,38
2024-08-26,Colima,3,11,14
2024-08-26,Guanajuato,1,44,45
2024-08-26,Guerrero,1,30,31
2024-08-26,Hidalgo,2,12,14
2024-08-26,Jalisco,1,50,51
2024-08-26,Nayarit,1,8,9
2024-08-26,Nuevo León,1,232,233
2024-08-26,Oaxaca,2,5,7
2024-08-26,Puebla,1,30,31
2024-08-26,Quintana Roo,3,16,19
2024-08-26,Sonora,1,78,79
2024-08-26,Tabasco,1,4,5
2024-08-26,Tamaulipas,1,29,30
2024-08-26,Tlaxcala,2,4,6
2024-08-26,Veracruz de Ignacio de la Llave,3,30,33
2024-08-27,Baja California,4,15,19
2024-08-27,Baja California Sur,2,11,13
2024-08-27,Campeche,4,13,17
2024-08-27,Chihuahua,3,78,81
2024-08-27,Coahuila de Zaragoza,2,27,29
2024-08-27,Guanajuato,2,46,48
2024-08-27,Guerrero,1,22,23
2024-08-27,Hidalgo,2,13,15
2024-08-27,Jalisco,1,44,45
2024-08-27,Michoacán de Ocampo,2,29,31
2024-08-27,Morelos,3,24,27
2024-08-27,Nayarit,2,4,6
2024-08-27,Nuevo León,3,251,254
2024-08-27,Querétaro,1,27,28
2024-08-27,Quintana Roo,1,13,14
2024-08-27,San Luis Potosí,2,18,20
2024-08-27,Sinaloa,2,15,17
2024-08-27,Sonora,1,64,65
2024-08-27,Tabasco,3,2,5
2024-08-27,Tlaxcala,2,8,10
2024-08-27,Veracruz de Ignacio de la Llave,1,34,35
2024-08-27,Yucatán,1,9,10
2024-08-27,Zacatecas,4,2,6
2024-08-28,Aguascalientes,1,11,12
2024-08-28,Baja California,1,21,22
2024-08-28,Campeche,2,12,14
2024-08-28,Chiapas,1,107,108
2024-08-28,Chihuahua,2,70,72
2024-08-28,Coahuila de Zaragoza,2,41,43
2024-08-28,Durango,1,35,36
2024-08-28,Guerrero,1,56,57
2024-08-28,Hidalgo,1,79,80
2024-08-28,Jalisco,2,100,102
2024-08-28,Morelos,3,11,14
2024-08-28,México,2,48,50
2024-08-28,Nuevo León,1,247,248
2024-08-28,Oaxaca,1,517,518
2024-08-28,Puebla,4,211,215
2024-08-28,Querétaro,4,25,29
2024-08-28,Quintana Roo,1,9,10
2024-08-28,San Luis Potosí,1,46,47
2024-08-28,Sinaloa,3,15,18
2024-08-28,Sonora,3,101,104
2024-08-28,Tabasco,2,6,8
2024-08-28,Tamaulipas,2,51,53
2024-08-28,Tlaxcala,2,33,35
2024-08-28,Veracruz de Ignacio de la Llave,2,163,165
2024-08-28,Yucatán,1,50,51
2024-08-28,Zacatecas,2,21,23
2024-08-29,Aguascalientes,3,9,12
2024-08-29,Baja California,4,20,24
2024-08-29,Baja California Sur,2,14,16
2024-08-29,Chiapas,1,12,13
2024-08-29,Coahuila de Zaragoza,2,21,23
2024-08-29,Colima,4,17,21
2024-08-29,Durango,1,23,24
2024-08-29,Guanajuato,1,41,42
2024-08-29,Guerrero,2,17,19
2024-08-29,Hidalgo,2,12,14
2024-08-29,Jalisco,3,44,47
2024-08-29,Michoacán de Ocampo,4,34,38
2024-08-29,México,1,53,54
2024-08-29,Nayarit,1,3,4
2024-08-29,Nuevo León,2,227,229
2024-08-29,Oaxaca,2,10,12
2024-08-29,Puebla,1,20,21
2024-08-29,Querétaro,1,25,26
2024-08-29,San Luis Potosí,1,17,18
2024-08-29,Sinaloa,1,17,18
2024-08-29,Sonora,1,58,59
2024-08-29,Tamaulipas,1,36,37
2024-08-29,Tlaxcala,1,3,4
2024-08-29,Zacatecas,2,9,11
2024-08-30,Aguascalientes,2,8,10
2024-08-30,Baja California,2,33,35
2024-08-30,Campeche,1,8,9
2024-08-30,Coahuila de Zaragoza,1,26,27
2024-08-30,Colima,1,21,22
2024-08-30,Durango,3,39,42
2024-08-30,Guanajuato,3,53,56
2024-08-30,Guerrero,1,22,23
2024-08-30,Hidalgo,2,15,17
2024-08-30,Michoacán de Ocampo,2,40,42
2024-08-30,Morelos,3,19,22
2024-08-30,México,1,67,68
2024-08-30,Nayarit,1,4,5
2024-08-30,Nuevo León,1,247,248
2024-08-30,Oaxaca,2,14,16
2024-08-30,Querétaro,2,31,33
2024-08-30,Quintana Roo,2,31,33
2024-08-30,San Luis Potosí,1,27,28
2024-08-30,Sinaloa,2,21,23
2024-08-30,Sonora,1,94,95
2024-08-30,Tabasco,1,8,9
2024-08-30,Tamaulipas,2,37,39
2024-08-30,Veracruz de Ignacio de la Llave,1,39,40
2024-08-30,Zacatecas,1,5,6
2024-08-31,Baja California,2,31,33
2024-08-31,Baja California Sur,2,20,22
2024-08-31,Chiapas,1,7,8
2024-08-31,Coahuila de Zaragoza,1,30,31
2024-08-31,Colima,1,9,10
2024-08-31,Durango,1,37,38
2024-08-31,Guanajuato,2,53,55
2024-08-31,Guerrero,2,20,22
2024-08-31,Hidalgo,4,16,20
2024-08-31,Jalisco,1,40,41
2024-08-31,Michoacán de Ocampo,3,41,44
2024-08-31,Morelos,4,40,44
2024-08-31,México,1,50,51
2024-08-31,Nayarit,2,5,7
2024-08-31,Nuevo León,1,184,185
2024-08-31,Oaxaca,1,14,15
2024-08-31,Puebla,2,35,37
2024-08-31,Quintana Roo,1,26,27
2024-08-31,San Luis Potosí,1,22,23
2024-08-31,Sinaloa,3,14,17
2024-08-31,Sonora,1,72,73
2024-08-31,Tamaulipas,1,37,38
2024-08-31,Veracruz de Ignacio de la Llave,2,22,24
2024-08-31,Yucatán,2,14,16
2024-08-31,Zacatecas,4,1,5
2024-09-01,Aguascalientes,2,25,27
2024-09-01,Baja California,1,31,32
2024-09-01,Baja California Sur,2,20,22
2024-09-01,Campeche,3,12,15
2024-09-01,Coahuila de Zaragoza,1,29,30
2024-09-01,Durango,1,30,31
2024-09-01,Guanajuato,1,64,65
2024-09-01,Guerrero,1,28,29
2024-09-01,Hidalgo,2,11,13
2024-09-01,Jalisco,2,53,55
2024-09-01,Michoacán de Ocampo,1,47,48
2024-09-01,Morelos,2,25,27
2024-09-01,México,1,56,57
2024-09-01,Nayarit,1,7,8
2024-09-01,Nuevo León,1,123,124
2024-09-01,Oaxaca,1,10,11
2024-09-01,Puebla,1,48,49
2024-09-01,Quintana Roo,1,16,17
2024-09-01,San Luis Potosí,3,25,28
2024-09-01,Sinaloa,2,13,15
2024-09-01,Sonora,2,68,70
2024-09-01,Tabasco,2,5,7
2024-09-01,Tamaulipas,1,42,43
2024-09-01,Veracruz de Ignacio de la Llave,1,27,28
2024-09-01,Yucatán,3,31,34
2024-09-01,Zacatecas,2,4,6
2024-09-02,Aguascalientes,2,12,14
2024-09-02,Baja California,1,33,34
2024-09-02,Baja California Sur,3,17,20
2024-09-02,Campeche,2,13,15
2024-09-02,Chiapas,3,10,13
2024-09-02,Chihuahua,2,77,79
2024-09-02,Colima,3,17,20
2024-09-02,Durango,5,25,30
2024-09-02,Guanajuato,2,48,50
2024-09-02,Guerrero,1,14,15
2024-09-02,Hidalgo,1,18,19
2024-09-02,Jalisco,2,55,57
2024-09-02,Michoacán de Ocampo,1,44,45
2024-09-02,Morelos,5,23,28
2024-09-02,México,2,54,56
2024-09-02,Nayarit,2,1,3
2024-09-02,Nuevo León,1,230,231
2024-09-02,Querétaro,1,23,24
2024-09-02,Quintana Roo,1,18,19
2024-09-02,Sinaloa,1,17,18
2024-09-02,Sonora,1,58,59
2024-09-02,Tabasco,1,6,7
2024-09-02,Tamaulipas,1,49,50
2024-09-02,Tlaxcala,2,7,9
2024-09-02,Veracruz de Ignacio de la Llave,2,41,43
2024-09-02,Zacatecas,1,4,5
2024-09-03,Aguascalientes,1,5,6
2024-09-03,Baja California,2,20,22
2024-09-03,Baja California Sur,4,12,16
2024-09-03,Campeche,1,10,11
2024-09-03,Chiapas,2,5,7
2024-09-03,Chihuahua,1,70,71
2024-09-03,Coahuila de Zaragoza,1,23,24
2024-09-03,Colima,2,11,13
2024-09-03,Durango,3,18,21
2024-09-03,Guanajuato,1,54,55
2024-09-03,Guerrero,1,17,18
2024-09-03,Jalisco,2,41,43
2024-09-03,Michoacán de Ocampo,1,41,42
2024-09-03,Morelos,2,24,26
2024-09-03,México,4,46,50
2024-09-03,Nayarit,1,5,6
2024-09-03,Nuevo León,1,220,221
2024-09-03,Querétaro,1,19,20
2024-09-03,Quintana Roo,2,16,18
2024-09-03,San Luis Potosí,1,16,17
2024-09-03,Sonora,1,74,75
2024-09-03,Tamaulipas,3,32,35
2024-09-03,Tlaxcala,2,5,7
2024-09-03,Yucatán,4,23,27
2024-09-03,Zacatecas,2,6,8
2024-09-04,Baja California,1,21,22
2024-09-04,Baja California Sur,1,16,17
2024-09-04,Campeche,1,11,12
2024-09-04,Chihuahua,2,66,68
2024-09-04,Coahuila de Zaragoza,1,22,23
2024-09-04,Colima,1,15,16
2024-09-04,Guerrero,1,22,23
2024-09-04,Hidalgo,1,12,13
2024-09-04,Michoacán de Ocampo,3,38,41
2024-09-04,Morelos,1,22,23
2024-09-04,México,2,43,45
2024-09-04,Nayarit,1,4,5
2024-09-04,Nuevo León,3,210,213
2024-09-04,Oaxaca,3,15,18
2024-09-04,Puebla,1,38,39
2024-09-04,Quintana Roo,1,21,22
2024-09-04,San Luis Potosí,1,22,23
2024-09-04,Sinaloa,1,13,14
2024-09-04,Tabasco,2,6,8
2024-09-04,Tamaulipas,3,28,31
2024-09-04,Veracruz de Ignacio de la Llave,3,38,41
2024-09-04,Zacatecas,1,4,5
2024-09-05,Aguascalientes,2,14,16
2024-09-05,Baja California,1,31,32
2024-09-05,Baja California Sur,1,16,17
2024-09-05,Campeche,2,12,14
2024-09-05,Chiapas,1,6,7
2024-09-05,Coahuila de Zaragoza,1,19,20
2024-09-05,Colima,2,14,16
2024-09-05,Durango,1,25,26
2024-09-05,Guanajuato,3,53,56
2024-09-05,Guerrero,3,19,22
2024-09-05,Michoacán de Ocampo,2,33,35
2024-09-05,Morelos,2,11,13
2024-09-05,Nayarit,1,3,4
2024-09-05,Nuevo León,1,187,188
2024-09-05,Puebla,1,27,28
2024-09-05,Querétaro,1,22,23
2024-09-05,Quintana Roo,2,25,27
2024-09-05,Sinaloa,3,20,23
2024-09-05,Sonora,2,78,80
2024-09-05,Tabasco,4,2,6
2024-09-05,Tamaulipas,3,29,32
2024-09-05,Veracruz de Ignacio de la Llave,4,34,38
2024-09-05,Zacatecas,2,7,9
2024-09-06,Baja California,1,30,31
2024-09-06,Baja California Sur,2,12,14
2024-09-06,Campeche,1,7,8
2024-09-06,Chiapas,1,8,9
2024-09-06,Chihuahua,3,75,78
2024-09-06,Coahuila de Zaragoza,3,28,31
2024-09-06,Colima,3,13,16
2024-09-06,Guerrero,2,16,18
2024-09-06,Hidalgo,3,19,22
2024-09-06,Morelos,2,23,25
2024-09-06,México,2,45,47
2024-09-06,Nayarit,1,3,4
2024-09-06,Oaxaca,1,23,24
2024-09-06,Quintana Roo,1,17,18
2024-09-06,Sonora,1,95,96
2024-09-06,Tabasco,2,11,13
2024-09-06,Tamaulipas,1,34,35
2024-09-06,Tlaxcala,3,9,12
2024-09-06,Yucatán,1,20,21
2024-09-06,Zacatecas,1,7,8
2024-09-07,Aguascalientes,3,19,22
2024-09-07,Baja California Sur,2,18,20
2024-09-07,Campeche,3,9,12
2024-09-07,Chihuahua,1,93,94
2024-09-07,Colima,2,27,29
2024-09-07,Durango,2,24,26
2024-09-07,Guanajuato,2,58,60
2024-09-07,Hidalgo,3,19,22
2024-09-07,Jalisco,2,47,49
2024-09-07,Michoacán de Ocampo,2,47,49
2024-09-07,México,2,66,68
2024-09-07,Nayarit,1,8,9
2024-09-07,Nuevo León,1,186,187
2024-09-07,Oaxaca,1,22,23
2024-09-07,Puebla,2,47,49
2024-09-07,Querétaro,1,35,36
2024-09-07,Sinaloa,1,20,21
2024-09-07,Tabasco,2,13,15
2024-09-07,Tamaulipas,1,27,28
2024-09-07,Veracruz de Ignacio de la Llave,2,28,30
2024-09-07,Yucatán,1,33,34
2024-09-07,Zacatecas,3,7,10
2024-09-08,Aguascalientes,1,16,17
2024-09-08,Baja California,1,37,38
2024-09-08,Campeche,3,10,13
2024-09-08,Chiapas,3,8,11
2024-09-08,Chihuahua,2,79,81
2024-09-08,Coahuila de Zaragoza,2,23,25
2024-09-08,Colima,1,13,14
2024-09-08,Guanajuato,2,56,58
2024-09-08,Guerrero,1,21,22
2024-09-08,Hidalgo,1,13,14
2024-09-08,Jalisco,2,57,59
2024-09-08,Michoacán de Ocampo,1,44,45
2024-09-08,México,1,43,44
2024-09-08,Nayarit,1,6,7
2024-09-08,Nuevo León,1,170,171
2024-09-08,Puebla,1,30,31
2024-09-08,Querétaro,1,23,24
2024-09-08,Quintana Roo,1,22,23
2024-09-08,San Luis Potosí,3,15,18
2024-09-08,Sinaloa,1,15,16
2024-09-08,Sonora,3,65,68
2024-09-08,Tabasco,1,9,10
2024-09-08,Yucatán,3,24,27
2024-09-08,Zacatecas,1,4,5
2024-09-09,Aguascalientes,2,7,9
2024-09-09,Baja California,1,37,38
2024-09-09,Chihuahua,1,79,80
2024-09-09,Coahuila de Zaragoza,2,31,33
2024-09-09,Durango,1,25,26
2024-09-09,Hidalgo,2,14,16
2024-09-09,Jalisco,4,49,53
2024-09-09,Michoacán de Ocampo,3,41,44
2024-09-09,Morelos,1,14,15
2024-09-09,México,1,53,54
2024-09-09,Nayarit,2,8,10
2024-09-09,Oaxaca,2,21,23
2024-09-09,Puebla,2,33,35
2024-09-09,Querétaro,1,23,24
2024-09-09,San Luis Potosí,1,12,13
2024-09-09,Sinaloa,2,16,18
2024-09-09,Sonora,1,93,94
2024-09-09,Tabasco,1,3,4
2024-09-09,Tlaxcala,1,5,6
2024-09-09,Veracruz de Ignacio de la Llave,1,27,28
2024-09-09,Zacatecas,4,4,8
2024-09-10,Baja California,2,29,31
2024-09-10,Baja California Sur,1,11,12
2024-09-10,Campeche,1,13,14
2024-09-10,Chiapas,3,5,8
2024-09-10,Chihuahua,1,63,64
2024-09-10,Coahuila de Zaragoza,1,23,24
2024-09-10,Colima,2,18,20
2024-09-10,Guerrero,6,17,23
2024-09-10,Hidalgo,1,14,15
2024-09-10,Jalisco,2,48,50
2024-09-10,Michoacán de Ocampo,1,42,43
2024-09-10,Morelos,1,15,16
2024-09-10,México,1,54,55
2024-09-10,Nuevo León,3,194,197
2024-09-10,Oaxaca,4,14,18
2024-09-10,Puebla,1,32,33
2024-09-10,Querétaro,1,23,24
2024-09-10,San Luis Potosí,1,15,16
2024-09-10,Tabasco,1,10,11
2024-09-10,Tamaulipas,4,17,21
2024-09-10,Tlaxcala,3,1,4
2024-09-10,Veracruz de Ignacio de la Llave,1,29,30
2024-09-10,Zacatecas,1,5,6
2024-09-11,Aguascalientes,2,8,10
2024-09-11,Baja California,2,26,28
2024-09-11,Baja California Sur,1,23,24
2024-09-11,Campeche,2,8,10
2024-09-11,Chiapas,2,4,6
2024-09-11,Chihuahua,1,77,78
2024-09-11,Coahuila de Zaragoza,3,19,22
2024-09-11,Durango,4,31,35
2024-09-11,Guanajuato,1,36,37
2024-09-11,Guerrero,1,19,20
2024-09-11,Michoacán de Ocampo,1,45,46
2024-09-11,México,2,43,45
2024-09-11,Oaxaca,2,11,13
2024-09-11,Puebla,2,29,31
2024-09-11,Querétaro,2,27,29
2024-09-11,Quintana Roo,2,15,17
2024-09-11,Sinaloa,1,9,10
2024-09-11,Tamaulipas,3,46,49
2024-09-11,Tlaxcala,1,2,3
2024-09-11,Veracruz de Ignacio de la Llave,1,43,44
2024-09-11,Yucatán,2,24,26
2024-09-11,Zacatecas,2,6,8
2024-09-12,Aguascalientes,3,10,13
2024-09-12,Baja California Sur,1,14,15
2024-09-12,Campeche,1,16,17
2024-09-12,Chiapas,3,7,10
2024-09-12,Chihuahua,1,80,81
2024-09-12,Guanajuato,1,47,48
2024-09-12,Guerrero,2,15,17
2024-09-12,Hidalgo,2,18,20
2024-09-12,Michoacán de Ocampo,1,34,35
2024-09-12,Morelos,2,24,26
2024-09-12,Nuevo León,1,226,227
2024-09-12,Puebla,7,38,45
2024-09-12,Querétaro,2,25,27
2024-09-12,San Luis Potosí,1,20,21
2024-09-12,Sinaloa,5,12,17
2024-09-12,Sonora,2,79,81
2024-09-12,Veracruz de Ignacio de la Llave,1,36,37
2024-09-12,Yucatán,1,27,28
2024-09-13,Aguascalientes,2,9,11
2024-09-13,Baja California Sur,1,10,11
2024-09-13,Chiapas,3,10,13
2024-09-13,Chihuahua,2,81,83
2024-09-13,Colima,1,24,25
2024-09-13,Durango,1,35,36
2024-09-13,Guanajuato,1,52,53
2024-09-13,Guerrero,1,29,30
2024-09-13,Hidalgo,2,17,19
2024-09-13,Jalisco,4,59,63
2024-09-13,Michoacán de Ocampo,2,57,59
2024-09-13,Morelos,1,24,25
2024-09-13,Nayarit,1,2,3
2024-09-13,Nuevo León,2,209,211
2024-09-13,Puebla,6,32,38
2024-09-13,Querétaro,3,26,29
2024-09-13,Quintana Roo,1,21,22
2024-09-13,San Luis Potosí,1,24,25
2024-09-13,Sonora,1,78,79
2024-09-13,Tabasco,1,10,11
2024-09-13,Tlaxcala,1,1,2
2024-09-13,Veracruz de Ignacio de la Llave,2,32,34
2024-09-13,Yucatán,2,28,30
2024-09-13,Zacatecas,1,12,13
2024-09-14,Aguascalientes,2,14,16
2024-09-14,Baja California,1,44,45
2024-09-14,Campeche,1,10,11
2024-09-14,Chiapas,2,10,12
2024-09-14,Chihuahua,2,90,92
2024-09-14,Coahuila de Zaragoza,1,34,35
2024-09-14,Colima,1,26,27
2024-09-14,Durango,1,36,37
2024-09-14,Guanajuato,1,71,72
2024-09-14,Guerrero,2,25,27
2024-09-14,Hidalgo,1,11,12
2024-09-14,Jalisco,1,42,43
2024-09-14,Michoacán de Ocampo,2,54,56
2024-09-14,México,3,59,62
2024-09-14,Nayarit,2,4,6
2024-09-14,Nuevo León,2,191,193
2024-09-14,Oaxaca,5,10,15
2024-09-14,Puebla,1,40,41
2024-09-14,Querétaro,3,25,28
2024-09-14,Quintana Roo,1,19,20
2024-09-14,Sinaloa,2,8,10
2024-09-14,Sonora,2,58,60
2024-09-14,Tamaulipas,1,33,34
2024-09-14,Tlaxcala,2,5,7
2024-09-14,Veracruz de Ignacio de la Llave,1,40,41
2024-09-14,Yucatán,1,30,31
2024-09-14,Zacatecas,2,8,10
2024-09-15,Aguascalientes,1,23,24
2024-09-15,Baja California,2,23,25
2024-09-15,Baja California Sur,2,17,19
2024-09-15,Campeche,1,6,7
2024-09-15,Chihuahua,2,77,79
2024-09-15,Coahuila de Zaragoza,2,34,36
2024-09-15,Colima,1,21,22
2024-09-15,Durango,1,28,29
2024-09-15,Guanajuato,1,73,74
2024-09-15,Guerrero,1,37,38
2024-09-15,Hidalgo,2,17,19
2024-09-15,México,1,60,61
2024-09-15,Nayarit,3,7,10
2024-09-15,Nuevo León,2,162,164
2024-09-15,Oaxaca,1,22,23
2024-09-15,Puebla,1,26,27
2024-09-15,Querétaro,2,28,30
2024-09-15,Quintana Roo,3,25,28
2024-09-15,San Luis Potosí,1,15,16
2024-09-15,Sinaloa,2,12,14
2024-09-15,Sonora,4,63,67
2024-09-15,Tabasco,2,4,6
2024-09-15,Tamaulipas,3,37,40
2024-09-15,Tlaxcala,1,3,4
2024-09-15,Veracruz de Ignacio de la Llave,2,26,28
2024-09-15,Yucatán,1,36,37
2024-09-15,Zacatecas,1,8,9
2024-09-16,Baja California,4,24,28
2024-09-16,Baja California Sur,3,13,16
2024-09-16,Campeche,2,9,11
2024-09-16,Chiapas,1,9,10
2024-09-16,Chihuahua,2,66,68
2024-09-16,Coahuila de Zaragoza,1,22,23
2024-09-16,Colima,1,13,14
2024-09-16,Durango,1,29,30
2024-09-16,Guanajuato,4,54,58
2024-09-16,Jalisco,1,42,43
2024-09-16,Michoacán de Ocampo,4,23,27
2024-09-16,Morelos,2,22,24
2024-09-16,Nuevo León,1,130,131
2024-09-16,Oaxaca,1,5,6
2024-09-16,Puebla,2,40,42
2024-09-16,Quintana Roo,1,20,21
2024-09-16,Sonora,1,44,45
2024-09-16,Tabasco,5,8,13
2024-09-16,Tamaulipas,3,20,23
2024-09-16,Tlaxcala,1,6,7
2024-09-16,Veracruz de Ignacio de la Llave,1,28,29
2024-09-16,Yucatán,2,29,31
2024-09-16,Zacatecas,5,7,12
2024-09-17,Aguascalientes,2,7,9
2024-09-17,Baja California,2,18,20
2024-09-17,Baja California Sur,2,13,15
2024-09-17,Campeche,2,7,9
2024-09-17,Chiapas,1,4,5
2024-09-17,Chihuahua,1,69,70
2024-09-17,Coahuila de Zaragoza,2,21,23
2024-09-17,Colima,1,14,15
2024-09-17,Durango,1,27,28
2024-09-17,Guanajuato,1,41,42
2024-09-17,Guerrero,4,14,18
2024-09-17,Jalisco,1,60,61
2024-09-17,Michoacán de Ocampo,2,40,42
2024-09-17,Morelos,1,17,18
2024-09-17,México,1,62,63
2024-09-17,Oaxaca,1,12,13
2024-09-17,Querétaro,2,21,23
2024-09-17,Quintana Roo,2,22,24
2024-09-17,San Luis Potosí,1,19,20
2024-09-17,Tabasco,2,5,7
2024-09-17,Tamaulipas,1,32,33
2024-09-17,Tlaxcala,3,6,9
2024-09-17,Yucatán,3,23,26
2024-09-17,Zacatecas,3,2,5
2024-09-18,Baja California,1,21,22
2024-09-18,Baja California Sur,1,11,12
2024-09-18,Coahuila de Zaragoza,1,39,40
2024-09-18,Colima,4,16,20
2024-09-18,Guanajuato,1,43,44
2024-09-18,Guerrero,1,17,18
2024-09-18,Jalisco,2,60,62
2024-09-18,Michoacán de Ocampo,1,34,35
2024-09-18,Morelos,1,19,20
2024-09-18,México,1,64,65
2024-09-18,Nuevo León,1,211,212
2024-09-18,Oaxaca,4,14,18
2024-09-18,Puebla,1,33,34
2024-09-18,Querétaro,1,24,25
2024-09-18,San Luis Potosí,4,14,18
2024-09-18,Sinaloa,1,9,10
2024-09-18,Sonora,1,82,83
2024-09-18,Tamaulipas,1,33,34
2024-09-18,Tlaxcala,1,2,3
2024-09-18,Veracruz de Ignacio de la Llave,2,47,49
2024-09-18,Yucatán,3,28,31
2024-09-18,Zacatecas,1,2,3
2024-09-19,Aguascalientes,3,7,10
2024-09-19,Baja California,1,31,32
2024-09-19,Baja California Sur,2,14,16
2024-09-19,Campeche,2,6,8
2024-09-19,Chiapas,1,10,11
2024-09-19,Chihuahua,1,77,78
2024-09-19,Coahuila de Zaragoza,1,28,29
2024-09-19,Durango,3,30,33
2024-09-19,Guanajuato,2,45,47
2024-09-19,Guerrero,1,27,28
2024-09-19,Michoacán de Ocampo,1,47,48
2024-09-19,Morelos,3,20,23
2024-09-19,Nayarit,1,5,6
2024-09-19,Oaxaca,1,18,19
2024-09-19,Puebla,1,42,43
2024-09-19,Querétaro,1,17,18
2024-09-19,Quintana Roo,1,10,11
2024-09-19,Sinaloa,1,10,11
2024-09-19,Tabasco,3,9,12
2024-09-19,Veracruz de Ignacio de la Llave,4,32,36
2024-09-19,Yucatán,1,26,27
2024-09-20,Aguascalientes,1,6,7
2024-09-20,Baja California,2,34,36
2024-09-20,Baja California Sur,1,13,14
2024-09-20,Campeche,2,6,8
2024-09-20,Chiapas,5,7,12
2024-09-20,Colima,2,14,16
2024-09-20,Guanajuato,3,36,39
2024-09-20,Guerrero,2,16,18
2024-09-20,Hidalgo,1,11,12
2024-09-20,Jalisco,2,41,43
2024-09-20,México,3,58,61
2024-09-20,Nayarit,1,5,6
2024-09-20,Nuevo León,3,254,257
2024-09-20,Oaxaca,4,13,17
2024-09-20,Puebla,1,29,30
2024-09-20,Querétaro,2,24,26
2024-09-20,Quintana Roo,1,19,20
2024-09-20,Sinaloa,1,9,10
2024-09-20,Sonora,1,71,72
2024-09-20,Tabasco,4,5,9
2024-09-20,Tamaulipas,4,33,37
2024-09-20,Yucatán,1,31,32
2024-09-20,Zacatecas,1,11,12
2024-09-21,Baja California,2,45,47
2024-09-21,Baja California Sur,1,20,21
2024-09-21,Campeche,2,9,11
2024-09-21,Chiapas,1,4,5
2024-09-21,Chihuahua,1,85,86
2024-09-21,Coahuila de Zaragoza,1,30,31
2024-09-21,Colima,1,17,18
2024-09-21,Guanajuato,2,65,67
2024-09-21,Guerrero,2,21,23
2024-09-21,Jalisco,2,48,50
2024-09-21,Morelos,5,25,30
2024-09-21,México,1,58,59
2024-09-21,Nuevo León,3,169,172
2024-09-21,Oaxaca,1,25,26
2024-09-21,Puebla,1,29,30
2024-09-21,Querétaro,2,26,28
2024-09-21,Quintana Roo,3,19,22
2024-09-21,San Luis Potosí,2,27,29
2024-09-21,Sinaloa,1,5,6
2024-09-21,Sonora,1,80,81
2024-09-21,Tabasco,2,10,12
2024-09-21,Tamaulipas,1,31,32
2024-09-21,Tlaxcala,1,2,3
2024-09-21,Veracruz de Ignacio de la Llave,1,32,33
2024-09-21,Yucatán,1,27,28
2024-09-21,Zacatecas,2,7,9
2024-09-22,Baja California,4,36,40
2024-09-22,Baja California Sur,3,16,19
2024-09-22,Campeche,2,8,10
2024-09-22,Chihuahua,3,85,88
2024-09-22,Coahuila de Zaragoza,1,47,48
2024-09-22,Colima,1,18,19
2024-09-22,Guanajuato,3,49,52
2024-09-22,Guerrero,3,17,20
2024-09-22,Hidalgo,1,12,13
2024-09-22,Michoacán de Ocampo,1,46,47
2024-09-22,Morelos,2,19,21
2024-09-22,Nuevo León,1,134,135
2024-09-22,Oaxaca,1,7,8
2024-09-22,Puebla,2,36,38
2024-09-22,Querétaro,4,21,25
2024-09-22,Quintana Roo,3,17,20
2024-09-22,San Luis Potosí,2,19,21
2024-09-22,Sinaloa,1,11,12
2024-09-22,Sonora,2,56,58
2024-09-22,Tabasco,2,8,10
2024-09-22,Tamaulipas,1,42,43
2024-09-22,Tlaxcala,2,1,3
2024-09-22,Zacatecas,3,6,9
2024-09-23,Aguascalientes,4,19,23
2024-09-23,Baja California,1,32,33
2024-09-23,Baja California Sur,2,16,18
2024-09-23,Campeche,1,8,9
2024-09-23,Coahuila de Zaragoza,2,23,25
2024-09-23,Durango,1,30,31
2024-09-23,Guanajuato,2,56,58
2024-09-23,Hidalgo,2,14,16
2024-09-23,Michoacán de Ocampo,1,49,50
2024-09-23,Morelos,1,29,30
2024-09-23,México,1,62,63
2024-09-23,Nayarit,3,3,6
2024-09-23,Nuevo León,3,219,222
2024-09-23,Oaxaca,1,8,9
2024-09-23,Puebla,1,36,37
2024-09-23,Querétaro,4,24,28
2024-09-23,Quintana Roo,1,17,18
2024-09-23,San Luis Potosí,2,13,15
2024-09-23,Sinaloa,3,16,19
2024-09-23,Sonora,2,66,68
2024-09-23,Tabasco,1,6,7
2024-09-23,Tamaulipas,1,25,26
2024-09-23,Tlaxcala,3,3,6
2024-09-23,Zacatecas,2,5,7
2024-09-24,Baja California,1,23,24
2024-09-24,Baja California Sur,1,17,18
2024-09-24,Campeche,1,9,10
2024-09-24,Chiapas,1,11,12
2024-09-24,Chihuahua,2,72,74
2024-09-24,Coahuila de Zaragoza,3,26,29
2024-09-24,Colima,1,15,16
2024-09-24,Durango,1,29,30
2024-09-24,Guanajuato,1,59,60
2024-09-24,Hidalgo,2,14,16
2024-09-24,Jalisco,1,55,56
2024-09-24,Michoacán de Ocampo,2,37,39
2024-09-24,Morelos,1,19,20
2024-09-24,México,2,36,38
2024-09-24,Nuevo León,3,228,231
2024-09-24,Puebla,1,27,28
2024-09-24,Querétaro,3,12,15
2024-09-24,Quintana Roo,1,21,22
2024-09-24,San Luis Potosí,1,24,25
2024-09-24,Sinaloa,2,19,21
2024-09-24,Sonora,2,52,54
2024-09-24,Tamaulipas,1,31,32
2024-09-24,Tlaxcala,2,4,6
2024-09-24,Veracruz de Ignacio de la Llave,2,36,38
2024-09-25,Aguascalientes,1,15,16
2024-09-25,Baja California,2,20,22
2024-09-25,Baja California Sur,2,9,11
2024-09-25,Campeche,3,9,12
2024-09-25,Chihuahua,1,66,67
2024-09-25,Coahuila de Zaragoza,1,27,28
2024-09-25,Durango,2,27,29
2024-09-25,Guanajuato,2,49,51
2024-09-25,Guerrero,1,8,9
2024-09-25,Hidalgo,1,11,12
2024-09-25,Jalisco,1,43,44
2024-09-25,Michoacán de Ocampo,2,33,35
2024-09-25,Morelos,2,22,24
2024-09-25,México,2,46,48
2024-09-25,Nuevo León,1,200,201
2024-09-25,Puebla,1,32,33
2024-09-25,San Luis Potosí,2,19,21
2024-09-25,Sinaloa,2,12,14
2024-09-25,Tamaulipas,2,33,35
2024-09-25,Tlaxcala,2,4,6
2024-09-25,Yucatán,3,13,16
2024-09-25,Zacatecas,2,8,10
2024-09-26,Aguascalientes,5,6,11
2024-09-26,Baja California,2,41,43
2024-09-26,Baja California Sur,1,16,17
2024-09-26,Campeche,1,11,12
2024-09-26,Chihuahua,3,51,54
2024-09-26,Coahuila de Zaragoza,2,31,33
2024-09-26,Colima,2,12,14
2024-09-26,Durango,1,33,34
2024-09-26,Guerrero,2,4,6
2024-09-26,Jalisco,2,37,39
2024-09-26,Michoacán de Ocampo,1,37,38
2024-09-26,Morelos,1,22,23
2024-09-26,México,3,82,85
2024-09-26,Nayarit,3,8,11
2024-09-26,Puebla,3,42,45
2024-09-26,Querétaro,3,29,32
2024-09-26,Quintana Roo,1,12,13
2024-09-26,Sinaloa,2,6,8
2024-09-26,Sonora,2,70,72
2024-09-26,Tabasco,1,3,4
2024-09-26,Tamaulipas,1,45,46
2024-09-26,Veracruz de Ignacio de la Llave,1,31,32
2024-09-26,Yucatán,1,26,27
2024-09-27,Baja California Sur,1,13,14
2024-09-27,Campeche,1,8,9
2024-09-27,Chiapas,2,9,11
2024-09-27,Coahuila de Zaragoza,2,31,33
2024-09-27,Colima,1,8,9
2024-09-27,Guanajuato,2,58,60
2024-09-27,Guerrero,4,3,7
2024-09-27,Hidalgo,2,17,19
2024-09-27,Jalisco,3,47,50
2024-09-27,Michoacán de Ocampo,1,36,37
2024-09-27,México,2,70,72
2024-09-27,Nayarit,1,7,8
2024-09-27,Nuevo León,1,219,220
2024-09-27,Oaxaca,1,13,14
2024-09-27,Puebla,1,35,36
2024-09-27,Querétaro,1,23,24
2024-09-27,Quintana Roo,2,21,23
2024-09-27,Sinaloa,2,6,8
2024-09-27,Sonora,2,69,71
2024-09-27,Tabasco,1,3,4
2024-09-27,Tlaxcala,4,8,12
2024-09-27,Veracruz de Ignacio de la Llave,6,42,48
2024-09-27,Yucatán,1,31,32
2024-09-27,Zacatecas,2,8,10
2024-09-28,Baja California,1,33,34
2024-09-28,Baja California Sur,3,13,16
2024-09-28,Campeche,2,8,10
2024-09-28,Chiapas,1,104,105
2024-09-28,Chihuahua,1,102,103
2024-09-28,Coahuila de Zaragoza,2,40,42
2024-09-28,Colima,2,15,17
2024-09-28,Durango,1,33,34
2024-09-28,Guanajuato,3,72,75
2024-09-28,Hidalgo,2,76,78
2024-09-28,Michoacán de Ocampo,1,92,93
2024-09-28,Morelos,5,23,28
2024-09-28,Nuevo León,2,223,225
2024-09-28,Oaxaca,1,527,528
2024-09-28,Querétaro,2,30,32
2024-09-28,Sinaloa,1,8,9
2024-09-28,Sonora,2,104,106
2024-09-28,Tabasco,4,11,15
2024-09-28,Tamaulipas,2,57,59
2024-09-28,Yucatán,5,52,57
2024-09-28,Zacatecas,3,23,26
2024-09-29,Aguascalientes,6,23,29
2024-09-29,Baja California,1,29,30
2024-09-29,Baja California Sur,2,17,19
2024-09-29,Campeche,2,8,10
2024-09-29,Chihuahua,2,81,83
2024-09-29,Colima,2,16,18
2024-09-29,Durango,4,19,23
2024-09-29,Guerrero,2,9,11
2024-09-29,Hidalgo,1,10,11
2024-09-29,Jalisco,1,48,49
2024-09-29,Michoacán de Ocampo,2,35,37
2024-09-29,Morelos,2,24,26
2024-09-29,México,2,43,45
2024-09-29,Nayarit,1,12,13
2024-09-29,Nuevo León,3,145,148
2024-09-29,Oaxaca,1,11,12
2024-09-29,Quintana Roo,2,18,20
2024-09-29,San Luis Potosí,2,19,21
2024-09-29,Sonora,3,66,69
2024-09-29,Tabasco,2,3,5
2024-09-29,Tamaulipas,2,30,32
2024-09-29,Tlaxcala,1,3,4
2024-09-29,Yucatán,1,30,31
2024-09-30,Aguascalientes,1,14,15
2024-09-30,Baja California,3,37,40
2024-09-30,Baja California Sur,2,20,22
2024-09-30,Campeche,1,9,10
2024-09-30,Chiapas,1,12,13
2024-09-30,Chihuahua,1,92,93
2024-09-30,Durango,2,27,29
2024-09-30,Guanajuato,3,40,43
2024-09-30,Guerrero,1,5,6
2024-09-30,Jalisco,3,51,54
2024-09-30,Morelos,1,19,20
2024-09-30,Nayarit,1,10,11
2024-09-30,Nuevo León,2,237,239
2024-09-30,Oaxaca,2,19,21
2024-09-30,Puebla,1,35,36
2024-09-30,Querétaro,2,22,24
2024-09-30,Quintana Roo,3,18,21
2024-09-30,Sonora,1,69,70
2024-09-30,Tabasco,1,2,3
2024-09-30,Tlaxcala,4,4,8
2024-09-30,Veracruz de Ignacio de la Llave,1,35,36
2024-09-30,Yucatán,2,24,26
2024-09-30,Zacatecas,1,6,7
2024-10-01,Aguascalientes,2,7,9
2024-10-01,Baja California Sur,1,11,12
2024-10-01,Campeche,2,10,12
2024-10-01,Chiapas,1,4,5
2024-10-01,Chihuahua,2,50,52
2024-10-01,Coahuila de Zaragoza,2,19,21
2024-10-01,Colima,1,18,19
2024-10-01,Durango,2,15,17
2024-10-01,Guerrero,4,7,11
2024-10-01,Jalisco,2,24,26
2024-10-01,Michoacán de Ocampo,2,34,36
2024-10-01,Morelos,1,21,22
2024-10-01,México,1,41,42
2024-10-01,Nayarit,5,11,16
2024-10-01,Nuevo León,1,116,117
2024-10-01,Puebla,1,21,22
2024-10-01,Querétaro,2,11,13
2024-10-01,San Luis Potosí,3,20,23
2024-10-01,Sonora,1,45,46
2024-10-01,Tabasco,2,5,7
2024-10-01,Tamaulipas,1,26,27
2024-10-01,Tlaxcala,1,7,8
2024-10-01,Veracruz de Ignacio de la Llave,1,19,20
2024-10-01,Yucatán,1,13,14
2024-10-02,Aguascalientes,3,15,18
2024-10-02,Baja California,3,36,39
2024-10-02,Baja California Sur,2,17,19
2024-10-02,Chiapas,2,8,10
2024-10-02,Chihuahua,1,71,72
2024-10-02,Colima,3,20,23
2024-10-02,Durango,1,15,16
2024-10-02,Guerrero,2,7,9
2024-10-02,Hidalgo,1,18,19
2024-10-02,Jalisco,3,55,58
2024-10-02,Morelos,1,19,20
2024-10-02,México,1,60,61
2024-10-02,Nayarit,3,8,11
2024-10-02,Oaxaca,3,12,15
2024-10-02,Puebla,2,27,29
2024-10-02,Querétaro,4,15,19
2024-10-02,Quintana Roo,1,12,13
2024-10-02,Sinaloa,2,6,8
2024-10-02,Sonora,1,57,58
2024-10-02,Tabasco,3,5,8
2024-10-02,Tamaulipas,3,41,44
2024-10-02,Veracruz de Ignacio de la Llave,1,41,42
2024-10-02,Yucatán,3,29,32
2024-10-02,Zacatecas,1,9,10
2024-10-03,Aguascalientes,2,11,13
2024-10-03,Baja California,1,34,35
2024-10-03,Chihuahua,2,68,70
2024-10-03,Coahuila de Zaragoza,3,31,34
2024-10-03,Colima,1,24,25
2024-10-03,Durango,1,38,39
2024-10-03,Guerrero,1,15,16
2024-10-03,Hidalgo,1,14,15
2024-10-03,Jalisco,2,45,47
2024-10-03,Michoacán de Ocampo,3,37,40
2024-10-03,Morelos,1,16,17
2024-10-03,México,1,69,70
2024-10-03,Nayarit,1,6,7
2024-10-03,Oaxaca,1,19,20
2024-10-03,Puebla,2,24,26
2024-10-03,Querétaro,3,28,31
2024-10-03,Quintana Roo,1,16,17
2024-10-03,San Luis Potosí,1,21,22
2024-10-03,Tabasco,1,3,4
2024-10-03,Tamaulipas,1,31,32
2024-10-03,Tlaxcala,2,7,9
2024-10-03,Yucatán,1,33,34
2024-10-03,Zacatecas,1,5,6
2024-10-04,Aguascalientes,1,11,12
2024-10-04,Baja California,3,36,39
2024-10-04,Baja California Sur,2,17,19
2024-10-04,Coahuila de Zaragoza,1,33,34
2024-10-04,Colima,1,23,24
2024-10-04,Guanajuato,2,61,63
2024-10-04,Jalisco,1,39,40
2024-10-04,Michoacán de Ocampo,2,57,59
2024-10-04,Morelos,2,28,30
2024-10-04,México,1,51,52
2024-10-04,Oaxaca,5,15,20
2024-10-04,Puebla,2,28,30
2024-10-04,Querétaro,2,26,28
2024-10-04,Quintana Roo,5,23,28
2024-10-04,San Luis Potosí,1,35,36
2024-10-04,Sinaloa,1,6,7
2024-10-04,Sonora,1,93,94
2024-10-04,Tabasco,2,3,5
2024-10-04,Tamaulipas,1,27,28
2024-10-04,Tlaxcala,1,4,5
2024-10-04,Veracruz de Ignacio de la Llave,1,39,40
2024-10-04,Yucatán,1,29,30
2024-10-05,Aguascalientes,3,14,17
2024-10-05,Baja California,1,31,32
2024-10-05,Baja California Sur,2,24,26
2024-10-05,Chiapas,3,15,18
2024-10-05,Chihuahua,3,68,71
2024-10-05,Coahuila de Zaragoza,2,37,39
2024-10-05,Colima,1,12,13
2024-10-05,Durango,1,28,29
2024-10-05,Guanajuato,1,57,58
2024-10-05,Guerrero,3,12,15
2024-10-05,Hidalgo,1,14,15
2024-10-05,Michoacán de Ocampo,3,53,56
2024-10-05,Morelos,2,21,23
2024-10-05,Nayarit,5,12,17
2024-10-05,Nuevo León,1,257,258
2024-10-05,Oaxaca,2,14,16
2024-10-05,Querétaro,2,27,29
2024-10-05,San Luis Potosí,1,24,25
2024-10-05,Sonora,1,71,72
2024-10-05,Tabasco,1,7,8
2024-10-05,Tamaulipas,3,20,23
2024-10-05,Tlaxcala,2,9,11
2024-10-05,Veracruz de Ignacio de la Llave,2,30,32
2024-10-05,Yucatán,3,29,32
2024-10-05,Zacatecas,3,7,10
2024-10-06,Aguascalientes,2,12,14
2024-10-06,Baja California,1,40,41
2024-10-06,Campeche,1,11,12
2024-10-06,Chiapas,4,5,9
2024-10-06,Chihuahua,3,73,76
2024-10-06,Coahuila de Zaragoza,1,28,29
2024-10-06,Colima,1,19,20
2024-10-06,Durango,1,29,30
2024-10-06,Guanajuato,1,54,55
2024-10-06,Jalisco,3,39,42
2024-10-06,Michoacán de Ocampo,1,45,46
2024-10-06,Morelos,3,23,26
2024-10-06,México,2,66,68
2024-10-06,Puebla,4,29,33
2024-10-06,Querétaro,2,34,36
2024-10-06,Quintana Roo,2,28,30
2024-10-06,Sinaloa,1,8,9
2024-10-06,Tabasco,3,13,16
2024-10-06,Tlaxcala,4,7,11
2024-10-06,Yucatán,2,31,33
2024-10-07,Baja California,4,30,34
2024-10-07,Baja California Sur,2,13,15
2024-10-07,Campeche,1,7,8
2024-10-07,Chiapas,1,6,7
2024-10-07,Coahuila de Zaragoza,2,24,26
2024-10-07,Colima,1,19,20
2024-10-07,Durango,1,24,25
2024-10-07,Guanajuato,1,56,57
2024-10-07,Hidalgo,3,20,23
2024-10-07,Michoacán de Ocampo,1,54,55
2024-10-07,Morelos,2,16,18
2024-10-07,México,3,70,73
2024-10-07,Nayarit,2,5,7
2024-10-07,Oaxaca,2,21,23
2024-10-07,Puebla,1,31,32
2024-10-07,Querétaro,1,27,28
2024-10-07,Quintana Roo,2,16,18
2024-10-07,Sinaloa,2,9,11
2024-10-07,Sonora,3,77,80
2024-10-07,Tabasco,1,7,8
2024-10-07,Tamaulipas,3,27,30
2024-10-07,Tlaxcala,4,6,10
2024-10-07,Veracruz de Ignacio de la Llave,2,32,34
2024-10-07,Yucatán,1,29,30
2024-10-07,Zacatecas,1,5,6
2024-10-08,Aguascalientes,2,8,10
2024-10-08,Baja California,2,28,30
2024-10-08,Baja California Sur,2,14,16
2024-10-08,Campeche,1,8,9
2024-10-08,Chiapas,4,3,7
2024-10-08,Chihuahua,1,65,66
2024-10-08,Coahuila de Zaragoza,1,24,25
2024-10-08,Colima,2,12,14
2024-10-08,Guanajuato,1,41,42
2024-10-08,Guerrero,2,18,20
2024-10-08,Hidalgo,3,15,18
2024-10-08,Jalisco,3,31,34
2024-10-08,Michoacán de Ocampo,2,38,40
2024-10-08,Morelos,1,20,21
2024-10-08,México,1,63,64
2024-10-08,Nayarit,1,7,8
2024-10-08,Nuevo León,1,251,252
2024-10-08,Puebla,2,31,33
2024-10-08,Querétaro,3,15,18
2024-10-08,Quintana Roo,2,15,17
2024-10-08,Sinaloa,1,7,8
2024-10-08,Sonora,1,60,61
2024-10-08,Tabasco,4,8,12
2024-10-08,Tamaulipas,2,38,40
2024-10-08,Tlaxcala,1,4,5
2024-10-08,Yucatán,2,9,11
2024-10-08,Zacatecas,1,6,7
2024-10-09,Aguascalientes,1,4,5
2024-10-09,Campeche,2,12,14
2024-10-09,Chiapas,1,7,8
2024-10-09,Chihuahua,3,75,78
2024-10-09,Coahuila de Zaragoza,1,27,28
2024-10-09,Durango,1,31,32
2024-10-09,Guanajuato,3,43,46
2024-10-09,Guerrero,2,20,22
2024-10-09,Hidalgo,2,14,16
2024-10-09,Jalisco,4,44,48
2024-10-09,Morelos,1,17,18
2024-10-09,México,1,65,66
2024-10-09,Nayarit,1,5,6
2024-10-09,Nuevo León,1,248,249
2024-10-09,Oaxaca,2,10,12
2024-10-09,Puebla,1,34,35
2024-10-09,Querétaro,1,17,18
2024-10-09,Sinaloa,1,7,8
2024-10-09,Tabasco,2,16,18
2024-10-09,Tamaulipas,2,35,37
2024-10-09,Tlaxcala,1,2,3
2024-10-09,Veracruz de Ignacio de la Llave,1,36,37
2024-10-09,Zacatecas,3,7,10
2024-10-10,Aguascalientes,1,10,11
2024-10-10,Baja California,2,22,24
2024-10-10,Baja California Sur,1,17,18
2024-10-10,Campeche,3,13,16
2024-10-10,Chiapas,2,9,11
2024-10-10,Chihuahua,1,59,60
2024-10-10,Colima,6,19,25
2024-10-10,Durango,2,24,26
2024-10-10,Guanajuato,1,39,40
2024-10-10,Guerrero,3,11,14
2024-10-10,Hidalgo,2,22,24
2024-10-10,Jalisco,1,33,34
2024-10-10,Michoacán de Ocampo,1,38,39
2024-10-10,Morelos,3,22,25
2024-10-10,Nayarit,1,7,8
2024-10-10,Nuevo León,2,279,281
2024-10-10,Oaxaca,1,16,17
2024-10-10,Puebla,1,27,28
2024-10-10,Querétaro,2,27,29
2024-10-10,Quintana Roo,5,17,22
2024-10-10,San Luis Potosí,2,25,27
2024-10-10,Sinaloa,4,10,14
2024-10-10,Sonora,5,74,79
2024-10-10,Tabasco,1,7,8
2024-10-10,Tlaxcala,1,5,6
2024-10-10,Veracruz de Ignacio de la Llave,2,29,31
2024-10-10,Yucatán,1,22,23
2024-10-10,Zacatecas,3,6,9
2024-10-11,Aguascalientes,3,7,10
2024-10-11,Baja California,2,35,37
2024-10-11,Baja California Sur,3,14,17
2024-10-11,Chihuahua,1,72,73
2024-10-11,Coahuila de Zaragoza,1,44,45
2024-10-11,Colima,1,24,25
2024-10-11,Guanajuato,1,62,63
2024-10-11,Guerrero,1,19,20
2024-10-11,Hidalgo,2,23,25
2024-10-11,Jalisco,1,37,38
2024-10-11,Michoacán de Ocampo,3,52,55
2024-10-11,Morelos,2,15,17
2024-10-11,Nayarit,1,8,9
2024-10-11,Oaxaca,1,15,16
2024-10-11,Puebla,2,32,34
2024-10-11,Querétaro,2,37,39
2024-10-11,Quintana Roo,3,17,20
2024-10-11,San Luis Potosí,2,28,30
2024-10-11,Sinaloa,1,10,11
2024-10-11,Tabasco,1,8,9
2024-10-11,Tamaulipas,2,44,46
2024-10-11,Tlaxcala,2,5,7
2024-10-11,Yucatán,2,20,22
2024-10-12,Aguascalientes,1,10,11
2024-10-12,Baja California,1,34,35
2024-10-12,Baja California Sur,2,18,20
2024-10-12,Chiapas,1,8,9
2024-10-12,Colima,2,20,22
2024-10-12,Durango,1,29,30
2024-10-12,Guanajuato,1,64,65
2024-10-12,Guerrero,3,21,24
2024-10-12,Hidalgo,1,23,24
2024-10-12,Michoacán de Ocampo,2,52,54
2024-10-12,Morelos,2,24,26
2024-10-12,México,5,66,71
2024-10-12,Nuevo León,2,224,226
2024-10-12,Oaxaca,1,14,15
2024-10-12,Puebla,2,37,39
2024-10-12,Querétaro,1,33,34
2024-10-12,Quintana Roo,2,14,16
2024-10-12,Sonora,2,73,75
2024-10-12,Tabasco,2,10,12
2024-10-12,Tamaulipas,3,53,56
2024-10-12,Tlaxcala,2,6,8
2024-10-12,Veracruz de Ignacio de la Llave,2,29,31
2024-10-12,Yucatán,2,38,40
2024-10-12,Zacatecas,1,7,8
2024-10-13,Aguascalientes,1,20,21
2024-10-13,Baja California,3,34,37
2024-10-13,Baja California Sur,2,24,26
2024-10-13,Campeche,4,9,13
2024-10-13,Chihuahua,1,92,93
2024-10-13,Colima,2,19,21
2024-10-13,Durango,2,23,25
2024-10-13,Guanajuato,1,78,79
2024-10-13,Guerrero,3,29,32
2024-10-13,Hidalgo,1,12,13
2024-10-13,Jalisco,2,48,50
2024-10-13,Michoacán de Ocampo,2,39,41
2024-10-13,Morelos,1,27,28
2024-10-13,México,5,59,64
2024-10-13,Nayarit,1,7,8
2024-10-13,Oaxaca,1,11,12
2024-10-13,Puebla,1,22,23
2024-10-13,Querétaro,1,26,27
2024-10-13,Quintana Roo,1,19,20
2024-10-13,San Luis Potosí,2,8,10
2024-10-13,Sinaloa,3,14,17
2024-10-13,Sonora,3,85,88
2024-10-13,Tabasco,1,9,10
2024-10-13,Tamaulipas,2,48,50
2024-10-13,Tlaxcala,3,4,7
2024-10-13,Veracruz de Ignacio de la Llave,1,20,21
2024-10-13,Yucatán,1,28,29
2024-10-13,Zacatecas,1,9,10
2024-10-14,Aguascalientes,1,9,10
2024-10-14,Baja California,6,43,49
2024-10-14,Campeche,1,10,11
2024-10-14,Chiapas,2,4,6
2024-10-14,Chihuahua,1,89,90
2024-10-14,Coahuila de Zaragoza,2,30,32
2024-10-14,Guerrero,2,27,29
2024-10-14,Hidalgo,1,15,16
2024-10-14,Jalisco,1,46,47
2024-10-14,Michoacán de Ocampo,1,50,51
2024-10-14,Morelos,3,19,22
2024-10-14,México,2,61,63
2024-10-14,Nayarit,1,11,12
2024-10-14,Puebla,1,30,31
2024-10-14,San Luis Potosí,4,29,33
2024-10-14,Sinaloa,1,5,6
2024-10-14,Sonora,1,74,75
2024-10-14,Tabasco,4,4,8
2024-10-14,Tamaulipas,1,49,50
2024-10-14,Tlaxcala,1,4,5
2024-10-14,Yucatán,4,27,31
2024-10-14,Zacatecas,3,6,9
2024-10-15,Aguascalientes,1,7,8
2024-10-15,Baja California,1,34,35
2024-10-15,Baja California Sur,2,19,21
2024-10-15,Campeche,2,8,10
2024-10-15,Chiapas,2,9,11
2024-10-15,Coahuila de Zaragoza,3,26,29
2024-10-15,Colima,2,13,15
2024-10-15,Durango,2,25,27
2024-10-15,Guanajuato,2,42,44
2024-10-15,Guerrero,4,17,21
2024-10-15,Hidalgo,1,14,15
2024-10-15,Michoacán de Ocampo,1,40,41
2024-10-15,Morelos,4,12,16
2024-10-15,Nayarit,1,4,5
2024-10-15,Oaxaca,4,15,19
2024-10-15,Querétaro,1,14,15
2024-10-15,Quintana Roo,2,21,23
2024-10-15,San Luis Potosí,3,21,24
2024-10-15,Sinaloa,3,7,10
2024-10-15,Tabasco,3,3,6
2024-10-15,Tamaulipas,1,39,40
2024-10-15,Tlaxcala,1,6,7
2024-10-15,Veracruz de Ignacio de la Llave,3,29,32
2024-10-15,Zacatecas,4,9,13
2024-10-16,Aguascalientes,3,7,10
2024-10-16,Baja California,4,30,34
2024-10-16,Baja California Sur,8,19,27
2024-10-16,Chihuahua,1,70,71
2024-10-16,Coahuila de Zaragoza,1,31,32
2024-10-16,Colima,1,7,8
2024-10-16,Durango,3,26,29
2024-10-16,Guanajuato,4,43,47
2024-10-16,Guerrero,4,22,26
2024-10-16,Jalisco,1,41,42
2024-10-16,Michoacán de Ocampo,1,55,56
2024-10-16,Morelos,2,29,31
2024-10-16,Nayarit,4,9,13
2024-10-16,Puebla,1,24,25
2024-10-16,Querétaro,3,19,22
2024-10-16,Quintana Roo,4,10,14
2024-10-16,San Luis Potosí,2,16,18
2024-10-16,Sonora,2,72,74
2024-10-16,Tabasco,1,9,10
2024-10-16,Veracruz de Ignacio de la Llave,2,41,43
2024-10-16,Zacatecas,2,9,11
2024-10-17,Aguascalientes,1,13,14
2024-10-17,Baja California,2,36,38
2024-10-17,Baja California Sur,1,8,9
2024-10-17,Campeche,2,3,5
2024-10-17,Chihuahua,2,62,64
2024-10-17,Colima,2,18,20
2024-10-17,Guanajuato,2,74,76
2024-10-17,Guerrero,2,23,25
2024-10-17,Morelos,2,17,19
2024-10-17,Nuevo León,3,218,221
2024-10-17,Oaxaca,2,8,10
2024-10-17,Puebla,5,26,31
2024-10-17,Quintana Roo,1,15,16
2024-10-17,San Luis Potosí,3,19,22
2024-10-17,Sinaloa,1,7,8
2024-10-17,Sonora,1,86,87
2024-10-17,Tlaxcala,1,3,4
2024-10-17,Veracruz de Ignacio de la Llave,1,30,31
2024-10-17,Zacatecas,3,5,8
2024-10-18,Aguascalientes,3,12,15
2024-10-18,Baja California,4,38,42
2024-10-18,Baja California Sur,1,18,19
2024-10-18,Campeche,3,12,15
2024-10-18,Chiapas,3,7,10
2024-10-18,Chihuahua,3,71,74
2024-10-18,Coahuila de Zaragoza,3,32,35
2024-10-18,Colima,2,17,19
2024-10-18,Durango,1,27,28
2024-10-18,Guanajuato,2,54,56
2024-10-18,Guerrero,5,16,21
2024-10-18,Jalisco,2,51,53
2024-10-18,Michoacán de Ocampo,1,50,51
2024-10-18,Nuevo León,2,214,216
2024-10-18,Puebla,2,44,46
2024-10-18,Querétaro,1,21,22
2024-10-18,Quintana Roo,1,16,17
2024-10-18,San Luis Potosí,4,18,22
2024-10-18,Sinaloa,1,6,7
2024-10-18,Tamaulipas,1,37,38
2024-10-18,Tlaxcala,2,1,3
2024-10-18,Veracruz de Ignacio de la Llave,1,36,37
2024-10-18,Yucatán,1,19,20
2024-10-18,Zacatecas,3,10,13
2024-10-19,Aguascalientes,2,19,21
2024-10-19,Baja California,3,28,31
2024-10-19,Baja California Sur,2,23,25
2024-10-19,Chiapas,2,13,15
2024-10-19,Coahuila de Zaragoza,2,24,26
2024-10-19,Colima,1,22,23
2024-10-19,Durango,1,35,36
2024-10-19,Guanajuato,3,64,67
2024-10-19,Guerrero,5,27,32
2024-10-19,Hidalgo,1,20,21
2024-10-19,Jalisco,1,45,46
2024-10-19,Morelos,5,31,36
2024-10-19,México,2,77,79
2024-10-19,Nuevo León,3,184,187
2024-10-19,Oaxaca,1,17,18
2024-10-19,Querétaro,1,30,31
2024-10-19,Quintana Roo,3,15,18
2024-10-19,San Luis Potosí,1,19,20
2024-10-19,Sonora,2,65,67
2024-10-19,Tabasco,3,7,10
2024-10-19,Tamaulipas,1,36,37
2024-10-19,Tlaxcala,2,9,11
2024-10-19,Veracruz de Ignacio de la Llave,1,33,34
2024-10-19,Yucatán,3,24,27
2024-10-20,Aguascalientes,1,13,14
2024-10-20,Baja California,1,38,39
2024-10-20,Campeche,1,6,7
2024-10-20,Chiapas,4,4,8
2024-10-20,Chihuahua,1,70,71
2024-10-20,Coahuila de Zaragoza,4,34,38
2024-10-20,Colima,1,24,25
2024-10-20,Durango,4,26,30
2024-10-20,Guanajuato,3,56,59
2024-10-20,Guerrero,3,26,29
2024-10-20,Michoacán de Ocampo,4,61,65
2024-10-20,Morelos,2,27,29
2024-10-20,Nayarit,1,10,11
2024-10-20,Nuevo León,1,151,152
2024-10-20,Oaxaca,1,17,18
2024-10-20,Querétaro,1,31,32
2024-10-20,Quintana Roo,1,14,15
2024-10-20,San Luis Potosí,5,26,31
2024-10-20,Sinaloa,3,6,9
2024-10-20,Tabasco,3,6,9
2024-10-20,Tamaulipas,1,45,46
2024-10-20,Tlaxcala,1,3,4
2024-10-20,Veracruz de Ignacio de la Llave,1,27,28
2024-10-20,Zacatecas,1,8,9
2024-10-21,Aguascalientes,2,11,13
2024-10-21,Baja California,1,33,34
2024-10-21,Baja California Sur,3,23,26
2024-10-21,Campeche,3,6,9
2024-10-21,Chiapas,1,7,8
2024-10-21,Chihuahua,1,80,81
2024-10-21,Coahuila de Zaragoza,4,21,25
2024-10-21,Guerrero,2,21,23
2024-10-21,Hidalgo,2,19,21
2024-10-21,Morelos,1,40,41
2024-10-21,México,2,60,62
2024-10-21,Nayarit,2,9,11
2024-10-21,Nuevo León,3,225,228
2024-10-21,Querétaro,2,16,18
2024-10-21,Quintana Roo,1,18,19
2024-10-21,San Luis Potosí,2,19,21
2024-10-21,Sinaloa,2,7,9
2024-10-21,Tabasco,2,8,10
2024-10-21,Tamaulipas,1,33,34
2024-10-21,Tlaxcala,1,8,9
2024-10-21,Veracruz de Ignacio de la Llave,1,35,36
2024-10-21,Yucatán,1,28,29
2024-10-21,Zacatecas,5,8,13
2024-10-22,Aguascalientes,2,6,8
2024-10-22,Baja California Sur,1,15,16
2024-10-22,Campeche,1,11,12
2024-10-22,Chiapas,1,10,11
2024-10-22,Chihuahua,1,77,78
2024-10-22,Colima,1,17,18
2024-10-22,Durango,1,30,31
2024-10-22,Guanajuato,1,45,46
2024-10-22,Hidalgo,1,13,14
2024-10-22,Jalisco,1,40,41
2024-10-22,Michoacán de Ocampo,2,39,41
2024-10-22,Morelos,1,29,30
2024-10-22,México,1,76,77
2024-10-22,Nayarit,1,4,5
2024-10-22,Nuevo León,2,234,236
2024-10-22,Oaxaca,1,18,19
2024-10-22,Querétaro,1,24,25
2024-10-22,Quintana Roo,1,20,21
2024-10-22,Sinaloa,2,6,8
2024-10-22,Sonora,2,62,64
2024-10-22,Tamaulipas,1,40,41
2024-10-22,Yucatán,2,23,25
2024-10-22,Zacatecas,3,2,5
2024-10-23,Aguascalientes,2,14,16
2024-10-23,Baja California,1,36,37
2024-10-23,Campeche,1,12,13
2024-10-23,Chiapas,1,6,7
2024-10-23,Chihuahua,2,72,74
2024-10-23,Coahuila de Zaragoza,1,27,28
2024-10-23,Colima,3,28,31
2024-10-23,Guanajuato,1,45,46
2024-10-23,Guerrero,1,22,23
2024-10-23,Jalisco,1,45,46
2024-10-23,Michoacán de Ocampo,2,37,39
2024-10-23,Morelos,1,19,20
2024-10-23,México,2,62,64
2024-10-23,Nayarit,1,10,11
2024-10-23,Nuevo León,2,241,243
2024-10-23,Oaxaca,1,12,13
2024-10-23,Puebla,1,24,25
2024-10-23,Querétaro,1,20,21
2024-10-23,Quintana Roo,1,12,13
2024-10-23,San Luis Potosí,1,23,24
2024-10-23,Sinaloa,2,6,8
2024-10-23,Sonora,2,62,64
2024-10-23,Tamaulipas,2,36,38
2024-10-23,Tlaxcala,2,4,6
2024-10-23,Veracruz de Ignacio de la Llave,2,40,42
2024-10-23,Yucatán,3,29,32
2024-10-24,Aguascalientes,1,9,10
2024-10-24,Campeche,2,13,15
2024-10-24,Chiapas,1,4,5
2024-10-24,Durango,2,24,26
2024-10-24,Guanajuato,1,50,51
2024-10-24,Guerrero,2,14,16
2024-10-24,Nayarit,1,6,7
2024-10-24,Nuevo León,3,249,252
2024-10-24,Oaxaca,2,18,20
2024-10-24,Puebla,7,39,46
2024-10-24,Quintana Roo,1,12,13
2024-10-24,Sinaloa,4,8,12
2024-10-24,Tamaulipas,2,38,40
2024-10-24,Tlaxcala,1,5,6
2024-10-24,Veracruz de Ignacio de la Llave,1,44,45
2024-10-24,Zacatecas,2,6,8
2024-10-25,Aguascalientes,2,6,8
2024-10-25,Baja California,2,35,37
2024-10-25,Baja California Sur,2,23,25
2024-10-25,Chihuahua,2,68,70
2024-10-25,Coahuila de Zaragoza,2,25,27
2024-10-25,Colima,2,22,24
2024-10-25,Durango,2,28,30
2024-10-25,Guanajuato,2,62,64
2024-10-25,Guerrero,5,17,22
2024-10-25,Hidalgo,2,24,26
2024-10-25,Jalisco,2,61,63
2024-10-25,Morelos,1,20,21
2024-10-25,México,1,71,72
2024-10-25,Nayarit,3,11,14
2024-10-25,Oaxaca,2,12,14
2024-10-25,Puebla,1,36,37
2024-10-25,Quintana Roo,2,17,19
2024-10-25,San Luis Potosí,1,18,19
2024-10-25,Sonora,3,67,70
2024-10-25,Tabasco,1,6,7
2024-10-25,Tamaulipas,1,46,47
2024-10-25,Tlaxcala,1,4,5
2024-10-25,Yucatán,4,22,26
2024-10-25,Zacatecas,1,4,5
2024-10-26,Aguascalientes,1,15,16
2024-10-26,Baja California,1,48,49
2024-10-26,Baja California Sur,1,20,21
2024-10-26,Campeche,4,9,13
2024-10-26,Chiapas,1,6,7
2024-10-26,Colima,1,33,34
2024-10-26,Durango,1,36,37
2024-10-26,Guanajuato,2,63,65
2024-10-26,Guerrero,1,16,17
2024-10-26,Hidalgo,4,15,19
2024-10-26,Jalisco,2,52,54
2024-10-26,Michoacán de Ocampo,1,49,50
2024-10-26,Morelos,1,38,39
2024-10-26,México,1,79,80
2024-10-26,Nayarit,1,7,8
2024-10-26,Nuevo León,1,214,215
2024-10-26,Quintana Roo,1,16,17
2024-10-26,San Luis Potosí,1,14,15
2024-10-26,Sonora,2,68,70
2024-10-26,Tabasco,3,4,7
2024-10-26,Tamaulipas,1,42,43
2024-10-26,Veracruz de Ignacio de la Llave,3,28,31
2024-10-26,Yucatán,1,33,34
2024-10-26,Zacatecas,2,6,8
2024-10-27,Campeche,1,10,11
2024-10-27,Chiapas,2,6,8
2024-10-27,Chihuahua,1,84,85
2024-10-27,Coahuila de Zaragoza,2,27,29
2024-10-27,Colima,1,17,18
2024-10-27,Guanajuato,1,63,64
2024-10-27,Guerrero,1,20,21
2024-10-27,Hidalgo,2,10,12
2024-10-27,Jalisco,2,49,51
2024-10-27,Michoacán de Ocampo,1,40,41
2024-10-27,Morelos,2,22,24
2024-10-27,México,2,54,56
2024-10-27,Nayarit,2,6,8
2024-10-27,Oaxaca,2,9,11
2024-10-27,Puebla,1,31,32
2024-10-27,Querétaro,1,31,32
2024-10-27,Quintana Roo,2,31,33
2024-10-27,San Luis Potosí,1,13,14
2024-10-27,Sinaloa,2,13,15
2024-10-27,Sonora,1,64,65
2024-10-27,Tabasco,4,7,11
2024-10-27,Tamaulipas,2,40,42
2024-10-27,Veracruz de Ignacio de la Llave,1,32,33
2024-10-27,Zacatecas,1,5,6
2024-10-28,Aguascalientes,2,16,18
2024-10-28,Baja California,1,31,32
2024-10-28,Baja California Sur,1,10,11
2024-10-28,Coahuila de Zaragoza,2,47,49
2024-10-28,Colima,3,22,25
2024-10-28,Durango,2,26,28
2024-10-28,Guanajuato,2,61,63
2024-10-28,Guerrero,3,69,72
2024-10-28,Hidalgo,2,83,85
2024-10-28,Jalisco,2,100,102
2024-10-28,Michoacán de Ocampo,1,76,77
2024-10-28,Nayarit,2,17,19
2024-10-28,Nuevo León,2,276,278
2024-10-28,Puebla,1,194,195
2024-10-28,Querétaro,1,23,24
2024-10-28,Quintana Roo,3,19,22
2024-10-28,San Luis Potosí,1,46,47
2024-10-28,Sinaloa,2,11,13
2024-10-28,Sonora,1,105,106
2024-10-28,Tamaulipas,4,64,68
2024-10-28,Tlaxcala,2,41,43
2024-10-28,Veracruz de Ignacio de la Llave,1,179,180
2024-10-28,Yucatán,2,41,43
2024-10-28,Zacatecas,2,19,21
2024-10-29,Aguascalientes,1,11,12
2024-10-29,Baja California Sur,4,18,22
2024-10-29,Campeche,1,9,10
2024-10-29,Chiapas,1,5,6
2024-10-29,Chihuahua,2,67,69
2024-10-29,Coahuila de Zaragoza,1,26,27
2024-10-29,Colima,3,19,22
2024-10-29,Guanajuato,2,51,53
2024-10-29,Hidalgo,4,19,23
2024-10-29,Jalisco,2,65,67
2024-10-29,Michoacán de Ocampo,1,40,41
2024-10-29,Morelos,2,25,27
2024-10-29,México,1,57,58
2024-10-29,Nayarit,2,4,6
2024-10-29,Oaxaca,2,15,17
2024-10-29,Puebla,2,46,48
2024-10-29,San Luis Potosí,1,20,21
2024-10-29,Sinaloa,1,7,8
2024-10-29,Sonora,3,73,76
2024-10-29,Tabasco,1,4,5
2024-10-29,Tamaulipas,2,27,29
2024-10-29,Veracruz de Ignacio de la Llave,2,31,33
2024-10-29,Yucatán,2,20,22
2024-10-29,Zacatecas,1,5,6
2024-10-30,Aguascalientes,4,15,19
2024-10-30,Baja California,2,41,43
2024-10-30,Chihuahua,5,78,83
2024-10-30,Coahuila de Zaragoza,2,31,33
2024-10-30,Colima,2,20,22
2024-10-30,Durango,5,25,30
2024-10-30,Guanajuato,2,59,61
2024-10-30,Guerrero,2,18,20
2024-10-30,Hidalgo,1,22,23
2024-10-30,Michoacán de Ocampo,1,45,46
2024-10-30,Morelos,2,22,24
2024-10-30,México,2,56,58
2024-10-30,Nayarit,1,5,6
2024-10-30,Nuevo León,2,243,245
2024-10-30,Oaxaca,1,14,15
2024-10-30,Puebla,3,40,43
2024-10-30,Quintana Roo,1,12,13
2024-10-30,San Luis Potosí,1,18,19
2024-10-30,Sinaloa,1,10,11
2024-10-30,Sonora,1,78,79
2024-10-30,Tabasco,3,10,13
2024-10-30,Tamaulipas,2,45,47
2024-10-30,Tlaxcala,1,4,5
2024-10-30,Yucatán,1,21,22
2024-10-30,Zacatecas,1,4,5
2024-10-31,Aguascalientes,1,12,13
2024-10-31,Baja California,1,24,25
2024-10-31,Baja California Sur,1,28,29
2024-10-31,Campeche,2,15,17
2024-10-31,Chihuahua,1,90,91
2024-10-31,Coahuila de Zaragoza,2,31,33
2024-10-31,Colima,1,33,34
2024-10-31,Durango,3,30,33
2024-10-31,Guanajuato,1,56,57
2024-10-31,Guerrero,1,16,17
2024-10-31,Hidalgo,1,22,23
2024-10-31,Jalisco,1,49,50
2024-10-31,Morelos,2,24,26
2024-10-31,México,3,41,44
2024-10-31,Nayarit,1,6,7
2024-10-31,Nuevo León,3,236,239
2024-10-31,Oaxaca,2,16,18
2024-10-31,Puebla,5,42,47
2024-10-31,Querétaro,2,31,33
2024-10-31,Quintana Roo,4,16,20
2024-10-31,Sinaloa,1,10,11
2024-10-31,Sonora,4,68,72
2024-10-31,Tabasco,1,10,11
2024-10-31,Tamaulipas,1,42,43
2024-10-31,Veracruz de Ignacio de la Llave,2,30,32
2024-11-01,Aguascalientes,1,15,16
2024-11-01,Baja California,1,33,34
2024-11-01,Baja California Sur,3,25,28
2024-11-01,Campeche,1,9,10
2024-11-01,Chiapas,1,11,12
2024-11-01,Chihuahua,1,91,92
2024-11-01,Coahuila de Zaragoza,4,33,37
2024-11-01,Colima,2,27,29
2024-11-01,Durango,2,27,29
2024-11-01,Guanajuato,1,69,70
2024-11-01,Hidalgo,3,15,18
2024-11-01,Jalisco,2,61,63
2024-11-01,Michoacán de Ocampo,3,59,62
2024-11-01,México,4,70,74
2024-11-01,Oaxaca,1,20,21
2024-11-01,Puebla,3,40,43
2024-11-01,Querétaro,1,25,26
2024-11-01,Quintana Roo,4,19,23
2024-11-01,San Luis Potosí,1,26,27
2024-11-01,Sinaloa,1,11,12
2024-11-01,Sonora,1,83,84
2024-11-01,Tabasco,3,6,9
2024-11-01,Tamaulipas,3,56,59
2024-11-01,Tlaxcala,1,5,6
2024-11-01,Yucatán,3,28,31
2024-11-01,Zacatecas,1,8,9
2024-11-02,Aguascalientes,1,18,19
2024-11-02,Baja California Sur,2,18,20
2024-11-02,Chiapas,2,5,7
2024-11-02,Chihuahua,2,87,89
2024-11-02,Coahuila de Zaragoza,1,31,32
2024-11-02,Colima,3,25,28
2024-11-02,Durango,4,23,27
2024-11-02,Guanajuato,2,74,76
2024-11-02,Guerrero,4,19,23
2024-11-02,Michoacán de Ocampo,2,40,42
2024-11-02,México,1,56,57
2024-11-02,Nayarit,1,8,9
2024-11-02,Nuevo León,1,204,205
2024-11-02,Oaxaca,2,15,17
2024-11-02,Puebla,1,45,46
2024-11-02,Querétaro,1,28,29
2024-11-02,Quintana Roo,2,17,19
2024-11-02,Sinaloa,3,9,12
2024-11-02,Tabasco,3,8,11
2024-11-02,Tamaulipas,1,45,46
2024-11-02,Yucatán,4,31,35
2024-11-02,Zacatecas,1,9,10
2024-11-03,Aguascalientes,1,17,18
2024-11-03,Baja California,3,30,33
2024-11-03,Baja California Sur,1,16,17
2024-11-03,Campeche,2,7,9
2024-11-03,Chiapas,1,5,6
2024-11-03,Coahuila de Zaragoza,1,31,32
2024-11-03,Colima,1,22,23
2024-11-03,Durango,2,23,25
2024-11-03,Guanajuato,1,50,51
2024-11-03,Jalisco,2,59,61
2024-11-03,Michoacán de Ocampo,1,45,46
2024-11-03,Morelos,1,23,24
2024-11-03,México,3,64,67
2024-11-03,Nuevo León,3,160,163
2024-11-03,Oaxaca,1,12,13
2024-11-03,Puebla,1,37,38
2024-11-03,Querétaro,1,21,22
2024-11-03,Quintana Roo,2,13,15
2024-11-03,San Luis Potosí,1,19,20
2024-11-03,Sinaloa,1,12,13
2024-11-03,Sonora,1,75,76
2024-11-03,Tabasco,1,12,13
2024-11-03,Veracruz de Ignacio de la Llave,1,29,30
2024-11-03,Yucatán,3,34,37
2024-11-03,Zacatecas,1,11,12
2024-11-04,Baja California Sur,1,17,18
2024-11-04,Campeche,2,11,13
2024-11-04,Chiapas,1,7,8
2024-11-04,Chihuahua,2,67,69
2024-11-04,Colima,3,23,26
2024-11-04,Durango,3,24,27
2024-11-04,Guanajuato,1,58,59
2024-11-04,Hidalgo,1,20,21
2024-11-04,Michoacán de Ocampo,2,52,54
2024-11-04,Nayarit,4,13,17
2024-11-04,Oaxaca,1,16,17
2024-11-04,Querétaro,1,27,28
2024-11-04,Quintana Roo,1,10,11
2024-11-04,San Luis Potosí,1,22,23
2024-11-04,Sinaloa,2,8,10
2024-11-04,Sonora,1,69,70
2024-11-04,Tamaulipas,3,34,37
2024-11-04,Tlaxcala,1,4,5
2024-11-04,Veracruz de Ignacio de la Llave,1,39,40
2024-11-04,Yucatán,1,27,28
2024-11-04,Zacatecas,1,9,10
2024-11-05,Aguascalientes,3,4,7
2024-11-05,Baja California,3,25,28
2024-11-05,Baja California Sur,3,12,15
2024-11-05,Chiapas,3,9,12
2024-11-05,Coahuila de Zaragoza,4,28,32
2024-11-05,Colima,5,16,21
2024-11-05,Durango,2,35,37
2024-11-05,Guanajuato,2,44,46
2024-11-05,Guerrero,2,8,10
2024-11-05,Jalisco,3,63,66
2024-11-05,México,2,61,63
2024-11-05,Nayarit,2,4,6
2024-11-05,Nuevo León,2,267,269
2024-11-05,Oaxaca,3,17,20
2024-11-05,Puebla,3,34,37
2024-11-05,Quintana Roo,1,15,16
2024-11-05,San Luis Potosí,1,17,18
2024-11-05,Tabasco,2,7,9
2024-11-05,Tamaulipas,1,41,42
2024-11-05,Tlaxcala,4,7,11
2024-11-05,Veracruz de Ignacio de la Llave,2,40,42
2024-11-05,Yucatán,1,35,36
2024-11-06,Aguascalientes,1,7,8
2024-11-06,Baja California,1,39,40
2024-11-06,Baja California Sur,3,18,21
2024-11-06,Chiapas,2,7,9
2024-11-06,Coahuila de Zaragoza,4,34,38
2024-11-06,Colima,4,22,26
2024-11-06,Durango,1,33,34
2024-11-06,Guerrero,1,23,24
2024-11-06,Hidalgo,3,21,24
2024-11-06,Jalisco,3,37,40
2024-11-06,Michoacán de Ocampo,1,44,45
2024-11-06,Morelos,1,23,24
2024-11-06,México,5,51,56
2024-11-06,Nayarit,2,6,8
2024-11-06,Nuevo León,1,220,221
2024-11-06,Oaxaca,2,13,15
2024-11-06,Quintana Roo,3,17,20
2024-11-06,San Luis Potosí,1,13,14
2024-11-06,Sinaloa,3,11,14
2024-11-06,Sonora,1,67,68
2024-11-06,Tabasco,1,5,6
2024-11-06,Tamaulipas,1,40,41
2024-11-06,Veracruz de Ignacio de la Llave,2,35,37
2024-11-06,Yucatán,3,27,30
2024-11-06,Zacatecas,2,3,5
2024-11-07,Aguascalientes,2,15,17
2024-11-07,Baja California,1,29,30
2024-11-07,Campeche,3,10,13
2024-11-07,Chiapas,1,9,10
2024-11-07,Chihuahua,1,79,80
2024-11-07,Coahuila de Zaragoza,2,38,40
2024-11-07,Colima,3,18,21
2024-11-07,Durango,1,25,26
2024-11-07,Guerrero,2,17,19
2024-11-07,Hidalgo,1,13,14
2024-11-07,Jalisco,1,46,47
2024-11-07,Michoacán de Ocampo,2,48,50
2024-11-07,Morelos,1,20,21
2024-11-07,México,1,63,64
2024-11-07,Nayarit,2,13,15
2024-11-07,Nuevo León,2,210,212
2024-11-07,Oaxaca,1,8,9
2024-11-07,Puebla,1,37,38
2024-11-07,Querétaro,2,22,24
2024-11-07,San Luis Potosí,1,19,20
2024-11-07,Sonora,2,70,72
2024-11-07,Tabasco,3,8,11
2024-11-07,Tamaulipas,1,46,47
2024-11-07,Tlaxcala,3,5,8
2024-11-07,Veracruz de Ignacio de la Llave,1,40,41
2024-11-07,Yucatán,1,27,28
2024-11-08,Aguascalientes,3,12,15
2024-11-08,Baja California,2,42,44
2024-11-08,Baja California Sur,1,13,14
2024-11-08,Chiapas,1,11,12
2024-11-08,Chihuahua,2,71,73
2024-11-08,Colima,4,18,22
2024-11-08,Guanajuato,3,59,62
2024-11-08,Jalisco,3,53,56
2024-11-08,Morelos,2,24,26
2024-11-08,México,3,48,51
2024-11-08,Nuevo León,1,253,254
2024-11-08,Oaxaca,2,22,24
2024-11-08,Puebla,2,48,50
2024-11-08,Querétaro,2,22,24
2024-11-08,Quintana Roo,4,21,25
2024-11-08,San Luis Potosí,1,12,13
2024-11-08,Sinaloa,3,18,21
2024-11-08,Sonora,2,79,81
2024-11-08,Tabasco,2,2,4
2024-11-08,Tamaulipas,2,48,50
2024-11-08,Tlaxcala,2,7,9
2024-11-08,Veracruz de Ignacio de la Llave,2,35,37
2024-11-08,Yucatán,4,24,28
2024-11-08,Zacatecas,1,7,8
2024-11-09,Aguascalientes,2,12,14
2024-11-09,Baja California,3,47,50
2024-11-09,Campeche,2,13,15
2024-11-09,Chihuahua,1,77,78
2024-11-09,Colima,1,19,20
2024-11-09,Guanajuato,3,73,76
2024-11-09,Jalisco,1,44,45
2024-11-09,Michoacán de Ocampo,2,40,42
2024-11-09,Morelos,4,38,42
2024-11-09,México,1,62,63
2024-11-09,Nayarit,1,9,10
2024-11-09,Oaxaca,1,12,13
2024-11-09,Puebla,3,55,58
2024-11-09,Querétaro,5,31,36
2024-11-09,Sinaloa,3,13,16
2024-11-09,Sonora,3,101,104
2024-11-09,Tabasco,2,8,10
2024-11-09,Tamaulipas,3,45,48
2024-11-09,Tlaxcala,1,8,9
2024-11-09,Veracruz de Ignacio de la Llave,1,34,35
2024-11-09,Yucatán,1,33,34
2024-11-10,Aguascalientes,4,19,23
2024-11-10,Baja California,1,38,39
2024-11-10,Campeche,1,9,10
2024-11-10,Chiapas,2,13,15
2024-11-10,Chihuahua,4,93,97
2024-11-10,Colima,2,17,19
2024-11-10,Durango,1,30,31
2024-11-10,Guerrero,2,27,29
2024-11-10,Hidalgo,2,16,18
2024-11-10,Jalisco,1,54,55
2024-11-10,Morelos,2,29,31
2024-11-10,México,1,55,56
2024-11-10,Nayarit,1,6,7
2024-11-10,Nuevo León,1,154,155
2024-11-10,Oaxaca,1,10,11
2024-11-10,Puebla,1,41,42
2024-11-10,San Luis Potosí,1,11,12
2024-11-10,Sinaloa,3,10,13
2024-11-10,Sonora,2,68,70
2024-11-10,Tabasco,2,10,12
2024-11-10,Tamaulipas,1,43,44
2024-11-10,Tlaxcala,1,4,5
2024-11-10,Veracruz de Ignacio de la Llave,3,25,28
2024-11-10,Yucatán,1,32,33
2024-11-10,Zacatecas,1,12,13
2024-11-11,Aguascalientes,1,8,9
2024-11-11,Baja California,1,73,74
2024-11-11,Campeche,2,13,15
2024-11-11,Chiapas,2,7,9
2024-11-11,Colima,1,28,29
2024-11-11,Durango,2,25,27
2024-11-11,Guanajuato,3,51,54
2024-11-11,Guerrero,3,14,17
2024-11-11,Hidalgo,1,18,19
2024-11-11,Morelos,1,37,38
2024-11-11,México,2,54,56
2024-11-11,Oaxaca,1,17,18
2024-11-11,Puebla,2,39,41
2024-11-11,Querétaro,3,21,24
2024-11-11,Quintana Roo,2,21,23
2024-11-11,San Luis Potosí,1,11,12
2024-11-11,Sinaloa,2,22,24
2024-11-11,Tabasco,3,7,10
2024-11-11,Tamaulipas,2,42,44
2024-11-11,Veracruz de Ignacio de la Llave,3,44,47
2024-11-11,Yucatán,3,21,24
2024-11-11,Zacatecas,1,7,8
2024-11-12,Aguascalientes,1,17,18
2024-11-12,Baja California,2,36,38
2024-11-12,Baja California Sur,1,17,18
2024-11-12,Campeche,1,9,10
2024-11-12,Chiapas,1,13,14
2024-11-12,Coahuila de Zaragoza,3,24,27
2024-11-12,Colima,4,19,23
2024-11-12,Durango,3,20,23
2024-11-12,Guanajuato,2,48,50
2024-11-12,Hidalgo,2,14,16
2024-11-12,Jalisco,5,58,63
2024-11-12,Michoacán de Ocampo,1,40,41
2024-11-12,México,1,47,48
2024-11-12,Nayarit,2,5,7
2024-11-12,Nuevo León,1,232,233
2024-11-12,Oaxaca,2,14,16
2024-11-12,Puebla,2,30,32
2024-11-12,Querétaro,1,22,23
2024-11-12,San Luis Potosí,1,9,10
2024-11-12,Sonora,1,76,77
2024-11-12,Tabasco,1,12,13
2024-11-12,Tamaulipas,2,25,27
2024-11-12,Tlaxcala,1,3,4
2024-11-12,Yucatán,2,24,26
2024-11-13,Aguascalientes,1,9,10
2024-11-13,Baja California,1,38,39
2024-11-13,Baja California Sur,1,12,13
2024-11-13,Chiapas,1,11,12
2024-11-13,Chihuahua,2,71,73
2024-11-13,Coahuila de Zaragoza,1,19,20
2024-11-13,Colima,2,16,18
2024-11-13,Guanajuato,2,46,48
2024-11-13,Guerrero,4,14,18
2024-11-13,Hidalgo,3,22,25
2024-11-13,Jalisco,5,47,52
2024-11-13,Michoacán de Ocampo,1,46,47
2024-11-13,Morelos,2,28,30
2024-11-13,México,2,48,50
2024-11-13,Nayarit,2,11,13
2024-11-13,Nuevo León,3,249,252
2024-11-13,Oaxaca,1,10,11
2024-11-13,Puebla,2,35,37
2024-11-13,Querétaro,4,19,23
2024-11-13,San Luis Potosí,1,9,10
2024-11-13,Sonora,3,69,72
2024-11-13,Tabasco,1,5,6
2024-11-13,Tamaulipas,5,41,46
2024-11-13,Tlaxcala,1,6,7
2024-11-13,Yucatán,1,29,30
2024-11-14,Aguascalientes,1,10,11
2024-11-14,Baja California,4,39,43
2024-11-14,Baja California Sur,1,10,11
2024-11-14,Campeche,1,9,10
2024-11-14,Chiapas,1,8,9
2024-11-14,Chihuahua,2,61,63
2024-11-14,Coahuila de Zaragoza,3,31,34
2024-11-14,Colima,2,15,17
2024-11-14,Durango,2,34,36
2024-11-14,Guerrero,1,22,23
2024-11-14,Hidalgo,2,16,18
2024-11-14,Jalisco,2,53,55
2024-11-14,Michoacán de Ocampo,1,35,36
2024-11-14,Morelos,1,22,23
2024-11-14,México,2,69,71
2024-11-14,Nayarit,1,11,12
2024-11-14,Nuevo León,1,268,269
2024-11-14,Oaxaca,1,16,17
2024-11-14,Puebla,3,31,34
2024-11-14,Querétaro,2,24,26
2024-11-14,Sinaloa,2,23,25
2024-11-14,Sonora,3,75,78
2024-11-14,Tamaulipas,1,39,40
2024-11-14,Tlaxcala,2,5,7
2024-11-14,Veracruz de Ignacio de la Llave,1,37,38
2024-11-14,Yucatán,1,16,17
2024-11-14,Zacatecas,1,3,4
2024-11-15,Aguascalientes,2,11,13
2024-11-15,Baja California,3,47,50
2024-11-15,Baja California Sur,2,18,20
2024-11-15,Chiapas,1,6,7
2024-11-15,Chihuahua,1,89,90
2024-11-15,Coahuila de Zaragoza,3,35,38
2024-11-15,Guerrero,1,15,16
2024-11-15,Hidalgo,1,22,23
2024-11-15,Jalisco,1,46,47
2024-11-15,Michoacán de Ocampo,1,41,42
2024-11-15,Morelos,1,37,38
2024-11-15,México,2,74,76
2024-11-15,Nayarit,1,7,8
2024-11-15,Nuevo León,3,251,254
2024-11-15,Puebla,3,35,38
2024-11-15,Querétaro,3,31,34
2024-11-15,Quintana Roo,1,17,18
2024-11-15,San Luis Potosí,1,19,20
2024-11-15,Sinaloa,1,13,14
2024-11-15,Sonora,2,84,86
2024-11-15,Tabasco,3,8,11
2024-11-15,Tamaulipas,3,35,38
2024-11-15,Zacatecas,3,11,14
2024-11-16,Aguascalientes,2,18,20
2024-11-16,Baja California,2,43,45
2024-11-16,Baja California Sur,1,26,27
2024-11-16,Campeche,2,6,8
2024-11-16,Chiapas,2,9,11
2024-11-16,Chihuahua,3,103,106
2024-11-16,Coahuila de Zaragoza,1,31,32
2024-11-16,Durango,1,31,32
2024-11-16,Guanajuato,4,66,70
2024-11-16,Guerrero,2,31,33
2024-11-16,Hidalgo,1,24,25
2024-11-16,Jalisco,2,78,80
2024-11-16,Michoacán de Ocampo,3,53,56
2024-11-16,México,1,59,60
2024-11-16,Nuevo León,1,217,218
2024-11-16,Oaxaca,1,12,13
2024-11-16,Puebla,2,45,47
2024-11-16,Querétaro,2,45,47
2024-11-16,Quintana Roo,2,30,32
2024-11-16,San Luis Potosí,2,15,17
2024-11-16,Sinaloa,2,13,15
2024-11-16,Sonora,2,78,80
2024-11-16,Tamaulipas,2,50,52
2024-11-16,Veracruz de Ignacio de la Llave,4,29,33
2024-11-16,Yucatán,3,27,30
2024-11-16,Zacatecas,1,10,11
2024-11-17,Aguascalientes,2,15,17
2024-11-17,Baja California,3,32,35
2024-11-17,Campeche,2,9,11
2024-11-17,Chiapas,1,11,12
2024-11-17,Chihuahua,2,89,91
2024-11-17,Coahuila de Zaragoza,2,25,27
2024-11-17,Guanajuato,3,79,82
2024-11-17,Hidalgo,1,15,16
2024-11-17,Jalisco,1,49,50
2024-11-17,Michoacán de Ocampo,3,38,41
2024-11-17,Morelos,1,25,26
2024-11-17,México,3,80,83
2024-11-17,Nayarit,3,6,9
2024-11-17,Nuevo León,1,154,155
2024-11-17,Puebla,2,35,37
2024-11-17,Querétaro,3,29,32
2024-11-17,Quintana Roo,1,18,19
2024-11-17,San Luis Potosí,2,13,15
2024-11-17,Sinaloa,1,10,11
2024-11-17,Sonora,1,63,64
2024-11-17,Tamaulipas,1,46,47
2024-11-17,Tlaxcala,1,7,8
2024-11-17,Veracruz de Ignacio de la Llave,1,21,22
2024-11-17,Zacatecas,2,11,13
2024-11-18,Aguascalientes,2,12,14
2024-11-18,Baja California,2,18,20
2024-11-18,Baja California Sur,4,5,9
2024-11-18,Campeche,2,10,12
2024-11-18,Chiapas,2,11,13
2024-11-18,Chihuahua,1,65,66
2024-11-18,Coahuila de Zaragoza,4,19,23
2024-11-18,Colima,2,18,20
2024-11-18,Guanajuato,1,56,57
2024-11-18,Guerrero,2,13,15
2024-11-18,Hidalgo,3,11,14
2024-11-18,Jalisco,3,46,49
2024-11-18,Michoacán de Ocampo,3,39,42
2024-11-18,Morelos,2,18,20
2024-11-18,Nayarit,3,5,8
2024-11-18,Nuevo León,2,133,135
2024-11-18,Puebla,1,29,30
2024-11-18,Querétaro,2,27,29
2024-11-18,Quintana Roo,3,15,18
2024-11-18,San Luis Potosí,1,21,22
2024-11-18,Sinaloa,2,14,16
2024-11-18,Tabasco,2,8,10
2024-11-18,Tlaxcala,1,9,10
2024-11-18,Yucatán,2,17,19
2024-11-18,Zacatecas,1,6,7
2024-11-19,Aguascalientes,1,14,15
2024-11-19,Baja California,2,34,36
2024-11-19,Chiapas,2,11,13
2024-11-19,Chihuahua,1,81,82
2024-11-19,Coahuila de Zaragoza,2,23,25
2024-11-19,Colima,1,22,23
2024-11-19,Durango,1,31,32
2024-11-19,Guanajuato,1,48,49
2024-11-19,Guerrero,2,14,16
2024-11-19,Hidalgo,3,29,32
2024-11-19,Jalisco,2,58,60
2024-11-19,Michoacán de Ocampo,1,40,41
2024-11-19,Morelos,4,32,36
2024-11-19,México,2,57,59
2024-11-19,Nayarit,2,7,9
2024-11-19,Nuevo León,1,260,261
2024-11-19,Oaxaca,1,10,11
2024-11-19,Puebla,1,34,35
2024-11-19,Querétaro,1,27,28
2024-11-19,Quintana Roo,1,21,22
2024-11-19,Sinaloa,1,14,15
2024-11-19,Sonora,4,60,64
2024-11-19,Tabasco,1,9,10
2024-11-19,Veracruz de Ignacio de la Llave,1,46,47
2024-11-19,Yucatán,1,27,28
2024-11-19,Zacatecas,2,3,5
2024-11-20,Aguascalientes,2,8,10
2024-11-20,Baja California,1,30,31
2024-11-20,Baja California Sur,2,15,17
2024-11-20,Campeche,2,9,11
2024-11-20,Chiapas,2,8,10
2024-11-20,Coahuila de Zaragoza,2,26,28
2024-11-20,Colima,2,19,21
2024-11-20,Durango,4,29,33
2024-11-20,Guanajuato,2,54,56
2024-11-20,Hidalgo,1,20,21
2024-11-20,Jalisco,3,44,47
2024-11-20,Michoacán de Ocampo,2,54,56
2024-11-20,Morelos,1,29,30
2024-11-20,México,2,68,70
2024-11-20,Nayarit,5,9,14
2024-11-20,Nuevo León,1,240,241
2024-11-20,Puebla,3,44,47
2024-11-20,Querétaro,3,24,27
2024-11-20,Quintana Roo,1,15,16
2024-11-20,Sinaloa,2,21,23
2024-11-20,Sonora,1,63,64
2024-11-20,Tabasco,1,5,6
2024-11-20,Veracruz de Ignacio de la Llave,4,38,42
2024-11-20,Yucatán,1,29,30
2024-11-21,Baja California,1,36,37
2024-11-21,Campeche,1,18,19
2024-11-21,Chiapas,2,7,9
2024-11-21,Chihuahua,2,74,76
2024-11-21,Coahuila de Zaragoza,1,28,29
2024-11-21,Colima,1,23,24
2024-11-21,Guanajuato,2,35,37
2024-11-21,Guerrero,2,23,25
2024-11-21,Hidalgo,2,13,15
2024-11-21,Jalisco,1,40,41
2024-11-21,México,2,58,60
2024-11-21,Nayarit,1,7,8
2024-11-21,Nuevo León,1,231,232
2024-11-21,Oaxaca,1,7,8
2024-11-21,Puebla,3,39,42
2024-11-21,Querétaro,3,28,31
2024-11-21,Quintana Roo,2,15,17
2024-11-21,Sinaloa,2,10,12
2024-11-21,Sonora,1,63,64
2024-11-21,Tabasco,2,6,8
2024-11-21,Tamaulipas,3,40,43
2024-11-21,Yucatán,2,27,29
2024-11-21,Zacatecas,1,8,9
2024-11-22,Aguascalientes,2,6,8
2024-11-22,Baja California,1,27,28
2024-11-22,Campeche,1,15,16
2024-11-22,Chiapas,1,10,11
2024-11-22,Chihuahua,2,80,82
2024-11-22,Coahuila de Zaragoza,1,36,37
2024-11-22,Colima,1,20,21
2024-11-22,Durango,1,31,32
2024-11-22,Guanajuato,1,74,75
2024-11-22,Guerrero,2,21,23
2024-11-22,Hidalgo,3,16,19
2024-11-22,Michoacán de Ocampo,1,51,52
2024-11-22,Morelos,2,16,18
2024-11-22,México,1,58,59
2024-11-22,Nayarit,2,9,11
2024-11-22,Nuevo León,1,260,261
2024-11-22,Oaxaca,1,11,12
2024-11-22,Quintana Roo,1,15,16
2024-11-22,Sinaloa,2,11,13
2024-11-22,Sonora,1,55,56
2024-11-22,Tlaxcala,1,11,12
2024-11-22,Yucatán,1,24,25
2024-11-22,Zacatecas,1,3,4
2024-11-23,Aguascalientes,2,12,14
2024-11-23,Baja California,1,52,53
2024-11-23,Baja California Sur,3,20,23
2024-11-23,Campeche,2,5,7
2024-11-23,Chiapas,1,8,9
2024-11-23,Chihuahua,3,79,82
2024-11-23,Colima,2,20,22
2024-11-23,Durango,6,32,38
2024-11-23,Guanajuato,2,72,74
2024-11-23,Guerrero,3,19,22
2024-11-23,Hidalgo,1,15,16
2024-11-23,Jalisco,3,53,56
2024-11-23,Michoacán de Ocampo,1,46,47
2024-11-23,Morelos,1,34,35
2024-11-23,México,2,70,72
2024-11-23,Nayarit,2,9,11
2024-11-23,Nuevo León,2,228,230
2024-11-23,Oaxaca,3,13,16
2024-11-23,Puebla,2,39,41
2024-11-23,Querétaro,4,38,42
2024-11-23,Quintana Roo,2,16,18
2024-11-23,Sinaloa,2,20,22
2024-11-23,Sonora,1,65,66
2024-11-23,Tabasco,1,9,10
2024-11-23,Tamaulipas,1,49,50
2024-11-23,Tlaxcala,1,10,11
2024-11-23,Zacatecas,3,10,13
2024-11-24,Aguascalientes,2,22,24
2024-11-24,Baja California,1,44,45
2024-11-24,Campeche,1,6,7
2024-11-24,Chihuahua,1,81,82
2024-11-24,Coahuila de Zaragoza,2,31,33
2024-11-24,Colima,3,17,20
2024-11-24,Durango,6,25,31
2024-11-24,Guanajuato,3,54,57
2024-11-24,Hidalgo,2,9,11
2024-11-24,Jalisco,1,58,59
2024-11-24,Michoacán de Ocampo,2,36,38
2024-11-24,Morelos,1,26,27
2024-11-24,México,1,47,48
2024-11-24,Nayarit,1,7,8
2024-11-24,Nuevo León,2,170,172
2024-11-24,Puebla,2,43,45
2024-11-24,Quintana Roo,2,15,17
2024-11-24,San Luis Potosí,4,21,25
2024-11-24,Sinaloa,1,13,14
2024-11-24,Sonora,1,59,60
2024-11-24,Tabasco,3,9,12
2024-11-24,Tamaulipas,1,33,34
2024-11-24,Tlaxcala,1,6,7
2024-11-24,Yucatán,3,33,36
2024-11-24,Zacatecas,4,9,13
2024-11-25,Aguascalientes,3,6,9
2024-11-25,Baja California,2,41,43
2024-11-25,Baja California Sur,1,11,12
2024-11-25,Campeche,5,6,11
2024-11-25,Coahuila de Zaragoza,1,36,37
2024-11-25,Colima,4,27,31
2024-11-25,Durango,3,34,37
2024-11-25,Guanajuato,1,62,63
2024-11-25,Hidalgo,2,18,20
2024-11-25,Jalisco,1,49,50
2024-11-25,Morelos,1,32,33
2024-11-25,México,2,61,63
2024-11-25,Nuevo León,2,256,258
2024-11-25,Oaxaca,1,7,8
2024-11-25,Puebla,1,38,39
2024-11-25,Querétaro,4,28,32
2024-11-25,Quintana Roo,3,9,12
2024-11-25,San Luis Potosí,3,14,17
2024-11-25,Sinaloa,1,5,6
2024-11-25,Tabasco,3,8,11
2024-11-25,Tamaulipas,1,40,41
2024-11-25,Veracruz de Ignacio de la Llave,2,39,41
2024-11-25,Yucatán,3,25,28
2024-11-25,Zacatecas,1,11,12
2024-11-26,Aguascalientes,1,9,10
2024-11-26,Baja California,3,37,40
2024-11-26,Baja California Sur,1,19,20
2024-11-26,Campeche,3,11,14
2024-11-26,Chiapas,1,10,11
2024-11-26,Chihuahua,2,57,59
2024-11-26,Coahuila de Zaragoza,4,25,29
2024-11-26,Colima,1,7,8
2024-11-26,Durango,1,24,25
2024-11-26,Guanajuato,3,51,54
2024-11-26,Guerrero,2,20,22
2024-11-26,Hidalgo,4,20,24
2024-11-26,Michoacán de Ocampo,1,31,32
2024-11-26,Morelos,1,26,27
2024-11-26,México,1,49,50
2024-11-26,Nayarit,3,4,7
2024-11-26,Nuevo León,1,243,244
2024-11-26,Oaxaca,3,10,13
2024-11-26,Puebla,6,42,48
2024-11-26,Querétaro,2,27,29
2024-11-26,Quintana Roo,1,18,19
2024-11-26,San Luis Potosí,1,13,14
2024-11-26,Sinaloa,2,9,11
2024-11-26,Sonora,1,55,56
2024-11-26,Tabasco,1,6,7
2024-11-26,Zacatecas,1,7,8
2024-11-27,Aguascalientes,1,7,8
2024-11-27,Baja California,2,37,39
2024-11-27,Campeche,4,12,16
2024-11-27,Chiapas,1,5,6
2024-11-27,Coahuila de Zaragoza,3,27,30
2024-11-27,Colima,1,24,25
2024-11-27,Durango,2,27,29
2024-11-27,Guerrero,2,14,16
2024-11-27,Hidalgo,4,21,25
2024-11-27,Jalisco,3,59,62
2024-11-27,Michoacán de Ocampo,2,36,38
2024-11-27,Morelos,2,21,23
2024-11-27,México,2,70,72
2024-11-27,Nayarit,2,7,9
2024-11-27,Nuevo León,3,295,298
2024-11-27,Oaxaca,1,9,10
2024-11-27,Puebla,2,86,88
2024-11-27,San Luis Potosí,2,17,19
2024-11-27,Sinaloa,1,7,8
2024-11-27,Sonora,1,55,56
2024-11-27,Tabasco,2,10,12
2024-11-27,Tamaulipas,1,33,34
2024-11-27,Tlaxcala,2,1,3
2024-11-27,Veracruz de Ignacio de la Llave,3,46,49
2024-11-27,Yucatán,1,25,26
2024-11-27,Zacatecas,2,3,5
2024-11-28,Aguascalientes,2,9,11
2024-11-28,Baja California Sur,1,12,13
2024-11-28,Campeche,3,15,18
2024-11-28,Chiapas,1,109,110
2024-11-28,Coahuila de Zaragoza,4,35,39
2024-11-28,Colima,2,14,16
2024-11-28,Durango,1,32,33
2024-11-28,Guanajuato,4,58,62
2024-11-28,Guerrero,1,67,68
2024-11-28,Jalisco,1,135,136
2024-11-28,Michoacán de Ocampo,1,83,84
2024-11-28,Morelos,1,22,23
2024-11-28,Nayarit,5,7,12
2024-11-28,Nuevo León,3,259,262
2024-11-28,Oaxaca,2,527,529
2024-11-28,Puebla,1,167,168
2024-11-28,San Luis Potosí,1,55,56
2024-11-28,Sinaloa,1,14,15
2024-11-28,Sonora,1,100,101
2024-11-28,Tabasco,3,10,13
2024-11-28,Tamaulipas,1,51,52
2024-11-28,Tlaxcala,1,49,50
2024-11-28,Veracruz de Ignacio de la Llave,1,171,172
2024-11-28,Yucatán,3,33,36
2024-11-28,Zacatecas,3,19,22
2024-11-29,Baja California,3,31,34
2024-11-29,Baja California Sur,1,17,18
2024-11-29,Chihuahua,2,75,77
2024-11-29,Coahuila de Zaragoza,1,30,31
2024-11-29,Colima,1,22,23
2024-11-29,Durango,2,26,28
2024-11-29,Guerrero,3,14,17
2024-11-29,Hidalgo,3,16,19
2024-11-29,Jalisco,2,58,60
2024-11-29,Michoacán de Ocampo,1,47,48
2024-11-29,Morelos,1,18,19
2024-11-29,México,4,72,76
2024-11-29,Nayarit,1,6,7
2024-11-29,Oaxaca,2,16,18
2024-11-29,Querétaro,2,34,36
2024-11-29,Quintana Roo,2,16,18
2024-11-29,San Luis Potosí,1,12,13
2024-11-29,Sinaloa,3,11,14
2024-11-29,Sonora,1,53,54
2024-11-29,Tabasco,1,12,13
2024-11-29,Tamaulipas,3,33,36
2024-11-29,Tlaxcala,2,5,7
2024-11-29,Veracruz de Ignacio de la Llave,2,34,36
2024-11-30,Aguascalientes,2,21,23
2024-11-30,Baja California,1,42,43
2024-11-30,Baja California Sur,2,20,22
2024-11-30,Campeche,2,10,12
2024-11-30,Chiapas,2,16,18
2024-11-30,Chihuahua,1,59,60
2024-11-30,Coahuila de Zaragoza,4,34,38
2024-11-30,Durango,1,25,26
2024-11-30,Guerrero,1,28,29
2024-11-30,Hidalgo,2,24,26
2024-11-30,Michoacán de Ocampo,1,48,49
2024-11-30,Morelos,1,23,24
2024-11-30,México,1,68,69
2024-11-30,Nayarit,3,7,10
2024-11-30,Oaxaca,2,8,10
2024-11-30,Puebla,1,27,28
2024-11-30,Quintana Roo,4,15,19
2024-11-30,Sinaloa,1,12,13
2024-11-30,Sonora,2,57,59
2024-11-30,Tabasco,1,4,5
2024-11-30,Tlaxcala,1,7,8
2024-11-30,Veracruz de Ignacio de la Llave,1,29,30
2024-11-30,Yucatán,3,33,36
2024-11-30,Zacatecas,1,11,12
2024-12-01,Aguascalientes,4,21,25
2024-12-01,Baja California,3,36,39
2024-12-01,Campeche,1,16,17
2024-12-01,Chiapas,2,10,12
2024-12-01,Chihuahua,1,93,94
2024-12-01,Durango,4,28,32
2024-12-01,Guerrero,3,20,23
2024-12-01,Hidalgo,1,17,18
2024-12-01,Jalisco,5,55,60
2024-12-01,Michoacán de Ocampo,2,43,45
2024-12-01,Morelos,2,28,30
2024-12-01,México,2,58,60
2024-12-01,Nayarit,1,4,5
2024-12-01,Oaxaca,1,14,15
2024-12-01,Puebla,1,40,41
2024-12-01,Querétaro,1,34,35
2024-12-01,Quintana Roo,1,20,21
2024-12-01,San Luis Potosí,3,16,19
2024-12-01,Sinaloa,2,11,13
2024-12-01,Sonora,1,65,66
2024-12-01,Tamaulipas,1,41,42
2024-12-01,Tlaxcala,2,5,7
2024-12-01,Veracruz de Ignacio de la Llave,4,18,22
2024-12-01,Yucatán,1,28,29
2024-12-01,Zacatecas,3,10,13
2024-12-02,Campeche,1,12,13
2024-12-02,Chiapas,2,11,13
2024-12-02,Chihuahua,1,77,78
2024-12-02,Durango,1,31,32
2024-12-02,Guanajuato,2,62,64
2024-12-02,Guerrero,1,20,21
2024-12-02,Hidalgo,1,21,22
2024-12-02,Jalisco,3,62,65
2024-12-02,Michoacán de Ocampo,2,45,47
2024-12-02,Nayarit,3,5,8
2024-12-02,Nuevo León,5,285,290
2024-12-02,Oaxaca,1,16,17
2024-12-02,Querétaro,1,31,32
2024-12-02,Quintana Roo,2,20,22
2024-12-02,San Luis Potosí,1,24,25
2024-12-02,Sinaloa,2,11,13
2024-12-02,Sonora,3,66,69
2024-12-02,Tamaulipas,1,42,43
2024-12-02,Tlaxcala,1,10,11
2024-12-02,Veracruz de Ignacio de la Llave,3,36,39
2024-12-02,Yucatán,2,33,35
2024-12-02,Zacatecas,1,9,10
2024-12-03,Baja California Sur,2,9,11
2024-12-03,Campeche,2,8,10
2024-12-03,Chihuahua,2,59,61
2024-12-03,Colima,2,18,20
2024-12-03,Durango,1,17,18
2024-12-03,Guerrero,3,20,23
2024-12-03,Hidalgo,1,22,23
2024-12-03,Jalisco,1,55,56
2024-12-03,Michoacán de Ocampo,1,33,34
2024-12-03,Morelos,3,21,24
2024-12-03,Nuevo León,2,324,326
2024-12-03,Querétaro,1,22,23
2024-12-03,Quintana Roo,2,23,25
2024-12-03,San Luis Potosí,2,25,27
2024-12-03,Sonora,2,61,63
2024-12-03,Tabasco,2,14,16
2024-12-03,Tlaxcala,1,3,4
2024-12-03,Yucatán,3,28,31
2024-12-03,Zacatecas,1,7,8
2024-12-04,Aguascalientes,3,9,12
2024-12-04,Baja California,3,38,41
2024-12-04,Baja California Sur,2,12,14
2024-12-04,Campeche,1,17,18
2024-12-04,Chiapas,2,7,9
2024-12-04,Coahuila de Zaragoza,2,21,23
2024-12-04,Colima,1,18,19
2024-12-04,Guanajuato,1,47,48
2024-12-04,Guerrero,4,23,27
2024-12-04,Hidalgo,1,13,14
2024-12-04,Jalisco,1,54,55
2024-12-04,Morelos,4,24,28
2024-12-04,Nayarit,2,5,7
2024-12-04,Nuevo León,1,209,210
2024-12-04,Oaxaca,1,11,12
2024-12-04,Puebla,3,43,46
2024-12-04,Querétaro,1,24,25
2024-12-04,Sinaloa,2,6,8
2024-12-04,Tabasco,2,11,13
2024-12-04,Tamaulipas,1,23,24
2024-12-04,Yucatán,3,14,17
2024-12-04,Zacatecas,4,7,11
2024-12-05,Aguascalientes,3,11,14
2024-12-05,Baja California,1,35,36
2024-12-05,Baja California Sur,2,19,21
2024-12-05,Campeche,1,13,14
2024-12-05,Chiapas,2,7,9
2024-12-05,Chihuahua,2,58,60
2024-12-05,Coahuila de Zaragoza,1,32,33
2024-12-05,Colima,1,9,10
2024-12-05,Durango,2,28,30
2024-12-05,Guanajuato,2,50,52
2024-12-05,Guerrero,1,19,20
2024-12-05,Hidalgo,4,16,20
2024-12-05,Jalisco,1,63,64
2024-12-05,Michoacán de Ocampo,2,48,50
2024-12-05,Morelos,3,31,34
2024-12-05,México,3,62,65
2024-12-05,Nayarit,2,10,12
2024-12-05,Nuevo León,3,186,189
2024-12-05,Oaxaca,3,11,14
2024-12-05,Puebla,1,51,52
2024-12-05,San Luis Potosí,2,19,21
2024-12-05,Sinaloa,3,12,15
2024-12-05,Sonora,2,73,75
2024-12-05,Tabasco,3,5,8
2024-12-05,Tamaulipas,2,31,33
2024-12-05,Tlaxcala,2,3,5
2024-12-05,Veracruz de Ignacio de la Llave,2,39,41
2024-12-05,Yucatán,3,22,25
2024-12-05,Zacatecas,1,8,9
2024-12-06,Aguascalientes,3,11,14
2024-12-06,Baja California Sur,1,16,17
2024-12-06,Campeche,1,11,12
2024-12-06,Chihuahua,2,78,80
2024-12-06,Durango,1,33,34
2024-12-06,Guanajuato,1,65,66
2024-12-06,Guerrero,1,20,21
2024-12-06,Jalisco,1,60,61
2024-12-06,Michoacán de Ocampo,1,34,35
2024-12-06,Morelos,3,21,24
2024-12-06,México,2,62,64
2024-12-06,Nayarit,3,9,12
2024-12-06,Nuevo León,2,228,230
2024-12-06,Querétaro,1,42,43
2024-12-06,Quintana Roo,3,24,27
2024-12-06,Sonora,1,66,67
2024-12-06,Tamaulipas,1,38,39
2024-12-06,Tlaxcala,1,2,3
2024-12-06,Yucatán,4,26,30
2024-12-06,Zacatecas,1,8,9
2024-12-07,Aguascalientes,1,16,17
2024-12-07,Baja California,1,34,35
2024-12-07,Baja California Sur,4,26,30
2024-12-07,Campeche,1,14,15
2024-12-07,Chiapas,2,14,16
2024-12-07,Chihuahua,1,67,68
2024-12-07,Coahuila de Zaragoza,2,36,38
2024-12-07,Guerrero,2,24,26
2024-12-07,Hidalgo,1,13,14
2024-12-07,Jalisco,2,69,71
2024-12-07,Michoacán de Ocampo,2,48,50
2024-12-07,Morelos,1,34,35
2024-12-07,México,1,76,77
2024-12-07,Oaxaca,3,7,10
2024-12-07,Puebla,3,46,49
2024-12-07,Querétaro,1,32,33
2024-12-07,San Luis Potosí,2,24,26
2024-12-07,Sinaloa,1,14,15
2024-12-07,Sonora,1,63,64
2024-12-07,Tabasco,1,9,10
2024-12-07,Tlaxcala,4,2,6
2024-12-07,Veracruz de Ignacio de la Llave,2,32,34
2024-12-08,Aguascalientes,1,14,15
2024-12-08,Baja California,3,37,40
2024-12-08,Campeche,1,13,14
2024-12-08,Chiapas,2,13,15
2024-12-08,Chihuahua,1,83,84
2024-12-08,Coahuila de Zaragoza,1,24,25
2024-12-08,Guanajuato,6,56,62
2024-12-08,Hidalgo,1,13,14
2024-12-08,Jalisco,1,54,55
2024-12-08,Michoacán de Ocampo,1,48,49
2024-12-08,Morelos,3,22,25
2024-12-08,Nayarit,2,8,10
2024-12-08,Nuevo León,1,166,167
2024-12-08,Oaxaca,2,12,14
2024-12-08,Puebla,3,48,51
2024-12-08,Querétaro,1,27,28
2024-12-08,Quintana Roo,4,20,24
2024-12-08,San Luis Potosí,1,22,23
2024-12-08,Sinaloa,2,8,10
2024-12-08,Sonora,1,59,60
2024-12-08,Tabasco,1,11,12
2024-12-08,Tamaulipas,1,27,28
2024-12-08,Tlaxcala,1,6,7
2024-12-08,Veracruz de Ignacio de la Llave,2,28,30
2024-12-08,Zacatecas,2,7,9
2024-12-09,Baja California,3,30,33
2024-12-09,Baja California Sur,2,27,29
2024-12-09,Campeche,2,16,18
2024-12-09,Chiapas,1,6,7
2024-12-09,Coahuila de Zaragoza,1,16,17
2024-12-09,Durango,3,32,35
2024-12-09,Guanajuato,2,57,59
2024-12-09,Guerrero,3,21,24
2024-12-09,Hidalgo,1,16,17
2024-12-09,Jalisco,2,52,54
2024-12-09,Michoacán de Ocampo,3,45,48
2024-12-09,Morelos,2,26,28
2024-12-09,México,2,77,79
2024-12-09,Nayarit,1,9,10
2024-12-09,Nuevo León,2,259,261
2024-12-09,Oaxaca,1,14,15
2024-12-09,Puebla,2,45,47
2024-12-09,Querétaro,1,22,23
2024-12-09,Quintana Roo,2,17,19
2024-12-09,San Luis Potosí,1,19,20
2024-12-09,Sonora,3,68,71
2024-12-09,Tabasco,1,13,14
2024-12-09,Tamaulipas,4,40,44
2024-12-09,Zacatecas,1,12,13
2024-12-10,Aguascalientes,3,10,13
2024-12-10,Baja California,3,32,35
2024-12-10,Baja California Sur,1,17,18
2024-12-10,Campeche,3,13,16
2024-12-10,Chiapas,3,6,9
2024-12-10,Chihuahua,4,71,75
2024-12-10,Coahuila de Zaragoza,1,29,30
2024-12-10,Colima,1,27,28
2024-12-10,Guanajuato,1,57,58
2024-12-10,Guerrero,1,20,21
2024-12-10,Hidalgo,2,17,19
2024-12-10,Jalisco,3,53,56
2024-12-10,Michoacán de Ocampo,2,41,43
2024-12-10,Morelos,1,23,24
2024-12-10,México,2,62,64
2024-12-10,Nuevo León,2,198,200
2024-12-10,Oaxaca,5,10,15
2024-12-10,Puebla,1,42,43
2024-12-10,Querétaro,1,19,20
2024-12-10,Quintana Roo,2,21,23
2024-12-10,San Luis Potosí,1,30,31
2024-12-10,Sinaloa,2,12,14
2024-12-10,Sonora,3,53,56
2024-12-10,Tabasco,3,6,9
2024-12-10,Tamaulipas,1,26,27
2024-12-10,Tlaxcala,3,7,10
2024-12-10,Veracruz de Ignacio de la Llave,1,47,48
2024-12-10,Zacatecas,1,3,4
2024-12-11,Aguascalientes,2,10,12
2024-12-11,Baja California,1,28,29
2024-12-11,Campeche,2,7,9
2024-12-11,Chihuahua,1,75,76
2024-12-11,Coahuila de Zaragoza,3,31,34
2024-12-11,Colima,1,26,27
2024-12-11,Durango,1,35,36
2024-12-11,Guanajuato,3,53,56
2024-12-11,Guerrero,3,17,20
2024-12-11,Jalisco,1,61,62
2024-12-11,Michoacán de Ocampo,3,44,47
2024-12-11,Morelos,1,26,27
2024-12-11,México,2,75,77
2024-12-11,Nayarit,4,13,17
2024-12-11,Nuevo León,1,256,257
2024-12-11,Oaxaca,1,14,15
2024-12-11,Puebla,1,33,34
2024-12-11,Querétaro,2,29,31
2024-12-11,Quintana Roo,2,24,26
2024-12-11,San Luis Potosí,1,14,15
2024-12-11,Sinaloa,1,20,21
2024-12-11,Sonora,1,63,64
2024-12-11,Tamaulipas,1,31,32
2024-12-11,Tlaxcala,4,6,10
2024-12-11,Veracruz de Ignacio de la Llave,2,30,32
2024-12-11,Zacatecas,2,4,6
2024-12-12,Aguascalientes,3,9,12
2024-12-12,Baja California,3,33,36
2024-12-12,Baja California Sur,1,13,14
2024-12-12,Campeche,1,15,16
2024-12-12,Chiapas,2,9,11
2024-12-12,Chihuahua,3,75,78
2024-12-12,Colima,1,19,20
2024-12-12,Durango,1,20,21
2024-12-12,Guanajuato,2,61,63
2024-12-12,Guerrero,2,28,30
2024-12-12,Hidalgo,1,12,13
2024-12-12,Jalisco,2,55,57
2024-12-12,Morelos,2,23,25
2024-12-12,Nayarit,1,5,6
2024-12-12,Nuevo León,2,216,218
2024-12-12,Oaxaca,2,7,9
2024-12-12,Quintana Roo,2,18,20
2024-12-12,San Luis Potosí,1,9,10
2024-12-12,Sinaloa,1,16,17
2024-12-12,Sonora,3,51,54
2024-12-12,Tabasco,2,5,7
2024-12-12,Tamaulipas,2,38,40
2024-12-12,Tlaxcala,1,5,6
2024-12-12,Veracruz de Ignacio de la Llave,3,42,45
2024-12-12,Yucatán,2,31,33
2024-12-12,Zacatecas,1,1,2
2024-12-13,Baja California,1,36,37
2024-12-13,Baja California Sur,1,20,21
2024-12-13,Campeche,1,13,14
2024-12-13,Chiapas,1,14,15
2024-12-13,Chihuahua,1,95,96
2024-12-13,Coahuila de Zaragoza,3,35,38
2024-12-13,Colima,1,24,25
2024-12-13,Durango,2,35,37
2024-12-13,Guanajuato,3,61,64
2024-12-13,Guerrero,2,33,35
2024-12-13,Hidalgo,2,14,16
2024-12-13,Jalisco,1,48,49
2024-12-13,Michoacán de Ocampo,2,53,55
2024-12-13,Morelos,1,41,42
2024-12-13,México,1,79,80
2024-12-13,Nayarit,2,6,8
2024-12-13,Oaxaca,1,9,10
2024-12-13,Puebla,6,45,51
2024-12-13,Querétaro,4,31,35
2024-12-13,San Luis Potosí,2,26,28
2024-12-13,Sinaloa,1,11,12
2024-12-13,Sonora,1,87,88
2024-12-13,Tabasco,3,7,10
2024-12-13,Tlaxcala,2,7,9
2024-12-13,Veracruz de Ignacio de la Llave,1,45,46
2024-12-13,Yucatán,1,32,33
2024-12-14,Baja California,1,45,46
2024-12-14,Baja California Sur,1,30,31
2024-12-14,Campeche,5,12,17
2024-12-14,Coahuila de Zaragoza,3,30,33
2024-12-14,Colima,2,27,29
2024-12-14,Guanajuato,1,68,69
2024-12-14,Guerrero,1,24,25
2024-12-14,Jalisco,4,66,70
2024-12-14,Michoacán de Ocampo,3,64,67
2024-12-14,Morelos,3,24,27
2024-12-14,Nayarit,1,9,10
2024-12-14,Nuevo León,1,220,221
2024-12-14,Oaxaca,2,9,11
2024-12-14,Puebla,1,47,48
2024-12-14,Quintana Roo,2,27,29
2024-12-14,Sinaloa,1,13,14
2024-12-14,Tabasco,2,12,14
2024-12-14,Tamaulipas,3,47,50
2024-12-14,Veracruz de Ignacio de la Llave,2,38,40
2024-12-14,Yucatán,3,23,26
2024-12-15,Aguascalientes,2,19,21
2024-12-15,Baja California,3,42,45
2024-12-15,Baja California Sur,1,25,26
2024-12-15,Chihuahua,1,86,87
2024-12-15,Coahuila de Zaragoza,1,31,32
2024-12-15,Durango,3,28,31
2024-12-15,Guanajuato,2,69,71
2024-12-15,Guerrero,2,22,24
2024-12-15,Hidalgo,4,9,13
2024-12-15,Jalisco,3,61,64
2024-12-15,Morelos,2,26,28
2024-12-15,México,3,70,73
2024-12-15,Nayarit,1,10,11
2024-12-15,Nuevo León,1,199,200
2024-12-15,Puebla,1,33,34
2024-12-15,Quintana Roo,4,16,20
2024-12-15,San Luis Potosí,3,17,20
2024-12-15,Tabasco,3,11,14
2024-12-15,Tamaulipas,1,44,45
2024-12-15,Veracruz de Ignacio de la Llave,1,29,30
2024-12-15,Yucatán,2,35,37
2024-12-15,Zacatecas,2,10,12
2024-12-16,Baja California,3,37,40
2024-12-16,Campeche,1,14,15
2024-12-16,Chiapas,1,8,9
2024-12-16,Chihuahua,3,82,85
2024-12-16,Coahuila de Zaragoza,2,27,29
2024-12-16,Colima,1,25,26
2024-12-16,Durango,2,17,19
2024-12-16,Guanajuato,1,46,47
2024-12-16,Guerrero,1,33,34
2024-12-16,Hidalgo,2,17,19
2024-12-16,Jalisco,1,44,45
2024-12-16,Michoacán de Ocampo,1,68,69
2024-12-16,Morelos,3,25,28
2024-12-16,Nuevo León,1,205,206
2024-12-16,Puebla,1,38,39
2024-12-16,Querétaro,1,22,23
2024-12-16,Quintana Roo,2,15,17
2024-12-16,Sonora,1,70,71
2024-12-16,Tlaxcala,1,8,9
2024-12-16,Veracruz de Ignacio de la Llave,2,33,35
2024-12-16,Zacatecas,2,6,8
2024-12-17,Aguascalientes,2,12,14
2024-12-17,Baja California,1,33,34
2024-12-17,Baja California Sur,1,18,19
2024-12-17,Campeche,1,9,10
2024-12-17,Chiapas,1,9,10
2024-12-17,Chihuahua,1,87,88
2024-12-17,Coahuila de Zaragoza,1,27,28
2024-12-17,Colima,1,14,15
2024-12-17,Guanajuato,2,38,40
2024-12-17,Hidalgo,1,17,18
2024-12-17,Jalisco,2,56,58
2024-12-17,Michoacán de Ocampo,2,26,28
2024-12-17,Morelos,1,26,27
2024-12-17,Nayarit,1,9,10
2024-12-17,Nuevo León,1,199,200
2024-12-17,Oaxaca,1,14,15
2024-12-17,Puebla,1,34,35
2024-12-17,Querétaro,1,17,18
2024-12-17,San Luis Potosí,2,10,12
2024-12-17,Sinaloa,3,6,9
2024-12-17,Sonora,1,61,62
2024-12-17,Tabasco,1,4,5
2024-12-17,Tamaulipas,2,37,39
2024-12-17,Tlaxcala,1,6,7
2024-12-17,Veracruz de Ignacio de la Llave,1,45,46
2024-12-17,Yucatán,3,20,23
2024-12-17,Zacatecas,1,2,3
2024-12-18,Aguascalientes,1,12,13
2024-12-18,Baja California Sur,4,19,23
2024-12-18,Campeche,1,16,17
2024-12-18,Chiapas,2,4,6
2024-12-18,Chihuahua,2,70,72
2024-12-18,Coahuila de Zaragoza,4,35,39
2024-12-18,Colima,1,12,13
2024-12-18,Guanajuato,1,47,48
2024-12-18,Guerrero,4,19,23
2024-12-18,Hidalgo,1,15,16
2024-12-18,Jalisco,2,58,60
2024-12-18,Michoacán de Ocampo,2,35,37
2024-12-18,Morelos,1,18,19
2024-12-18,México,2,66,68
2024-12-18,Nayarit,1,5,6
2024-12-18,Nuevo León,2,223,225
2024-12-18,Oaxaca,2,9,11
2024-12-18,Querétaro,1,30,31
2024-12-18,Quintana Roo,1,23,24
2024-12-18,San Luis Potosí,1,12,13
2024-12-18,Sinaloa,3,16,19
2024-12-18,Sonora,2,51,53
2024-12-18,Tamaulipas,1,50,51
2024-12-18,Tlaxcala,2,4,6
2024-12-18,Veracruz de Ignacio de la Llave,1,28,29
2024-12-18,Zacatecas,1,7,8
2024-12-19,Aguascalientes,1,11,12
2024-12-19,Baja California,1,34,35
2024-12-19,Chiapas,1,13,14
2024-12-19,Chihuahua,1,81,82
2024-12-19,Coahuila de Zaragoza,4,27,31
2024-12-19,Colima,1,19,20
2024-12-19,Durango,1,28,29
2024-12-19,Guerrero,3,30,33
2024-12-19,Jalisco,1,50,51
2024-12-19,Michoacán de Ocampo,1,34,35
2024-12-19,Morelos,1,25,26
2024-12-19,México,1,48,49
2024-12-19,Nayarit,1,5,6
2024-12-19,Oaxaca,1,13,14
2024-12-19,Puebla,2,36,38
2024-12-19,Querétaro,1,24,25
2024-12-19,San Luis Potosí,2,20,22
2024-12-19,Sinaloa,1,11,12
2024-12-19,Sonora,1,51,52
2024-12-19,Tabasco,2,8,10
2024-12-19,Tamaulipas,1,46,47
2024-12-19,Tlaxcala,1,5,6
2024-12-19,Veracruz de Ignacio de la Llave,2,34,36
2024-12-20,Aguascalientes,4,23,27
2024-12-20,Baja California,1,35,36
2024-12-20,Baja California Sur,1,17,18
2024-12-20,Chiapas,1,13,14
2024-12-20,Chihuahua,3,68,71
2024-12-20,Coahuila de Zaragoza,1,29,30
2024-12-20,Colima,3,22,25
2024-12-20,Durango,3,29,32
2024-12-20,Guanajuato,4,64,68
2024-12-20,Guerrero,1,19,20
2024-12-20,Hidalgo,2,16,18
2024-12-20,Jalisco,1,56,57
2024-12-20,Michoacán de Ocampo,2,53,55
2024-12-20,México,2,50,52
2024-12-20,Nayarit,2,11,13
2024-12-20,Nuevo León,1,216,217
2024-12-20,Oaxaca,1,8,9
2024-12-20,Querétaro,2,32,34
2024-12-20,Quintana Roo,1,26,27
2024-12-20,San Luis Potosí,3,11,14
2024-12-20,Tabasco,1,5,6
2024-12-20,Tlaxcala,2,9,11
2024-12-20,Veracruz de Ignacio de la Llave,1,30,31
2024-12-20,Yucatán,1,24,25
2024-12-20,Zacatecas,3,13,16
2024-12-21,Baja California,1,45,46
2024-12-21,Chiapas,2,12,14
2024-12-21,Chihuahua,1,107,108
2024-12-21,Colima,2,16,18
2024-12-21,Durango,2,29,31
2024-12-21,Guanajuato,1,86,87
2024-12-21,Michoacán de Ocampo,2,57,59
2024-12-21,Morelos,2,23,25
2024-12-21,Nuevo León,1,231,232
2024-12-21,Puebla,1,54,55
2024-12-21,Quintana Roo,1,18,19
2024-12-21,San Luis Potosí,2,21,23
2024-12-21,Sonora,3,75,78
2024-12-21,Tabasco,2,12,14
2024-12-21,Tamaulipas,2,56,58
2024-12-21,Tlaxcala,2,6,8
2024-12-21,Yucatán,1,39,40
2024-12-21,Zacatecas,4,16,20
2024-12-22,Aguascalientes,1,23,24
2024-12-22,Baja California,1,39,40
2024-12-22,Baja California Sur,4,16,20
2024-12-22,Campeche,1,9,10
2024-12-22,Chiapas,4,14,18
2024-12-22,Chihuahua,3,84,87
2024-12-22,Coahuila de Zaragoza,4,28,32
2024-12-22,Durango,1,35,36
2024-12-22,Guanajuato,1,70,71
2024-12-22,Guerrero,2,25,27
2024-12-22,Hidalgo,3,19,22
2024-12-22,Morelos,1,23,24
2024-12-22,México,1,53,54
2024-12-22,Nayarit,1,11,12
2024-12-22,Nuevo León,3,159,162
2024-12-22,Puebla,2,40,42
2024-12-22,Querétaro,3,38,41
2024-12-22,Quintana Roo,1,15,16
2024-12-22,San Luis Potosí,2,17,19
2024-12-22,Sonora,2,61,63
2024-12-22,Tabasco,1,8,9
2024-12-22,Tamaulipas,1,45,46
2024-12-22,Tlaxcala,1,11,12
2024-12-22,Yucatán,3,30,33
2024-12-23,Aguascalientes,2,13,15
2024-12-23,Baja California,1,38,39
2024-12-23,Baja California Sur,3,8,11
2024-12-23,Campeche,4,12,16
2024-12-23,Chiapas,3,17,20
2024-12-23,Chihuahua,2,95,97
2024-12-23,Coahuila de Zaragoza,2,28,30
2024-12-23,Guanajuato,1,52,53
2024-12-23,Guerrero,3,17,20
2024-12-23,Jalisco,2,66,68
2024-12-23,Michoacán de Ocampo,4,54,58
2024-12-23,Morelos,1,23,24
2024-12-23,Nayarit,2,6,8
2024-12-23,Nuevo León,2,220,222
2024-12-23,Oaxaca,1,10,11
2024-12-23,Querétaro,1,34,35
2024-12-23,Quintana Roo,3,17,20
2024-12-23,Sinaloa,5,18,23
2024-12-23,Sonora,4,82,86
2024-12-23,Tabasco,1,8,9
2024-12-23,Tamaulipas,4,37,41
2024-12-23,Tlaxcala,1,5,6
2024-12-23,Veracruz de Ignacio de la Llave,1,31,32
2024-12-23,Zacatecas,3,6,9
2024-12-24,Aguascalientes,1,8,9
2024-12-24,Baja California,1,32,33
2024-12-24,Baja California Sur,1,9,10
2024-12-24,Campeche,1,14,15
2024-12-24,Chiapas,2,13,15
2024-12-24,Chihuahua,3,65,68
2024-12-24,Colima,2,14,16
2024-12-24,Durango,3,22,25
2024-12-24,Guerrero,2,19,21
2024-12-24,Hidalgo,1,13,14
2024-12-24,Jalisco,2,62,64
2024-12-24,Michoacán de Ocampo,2,44,46
2024-12-24,Morelos,2,22,24
2024-12-24,México,2,40,42
2024-12-24,Nayarit,5,4,9
2024-12-24,Oaxaca,2,10,12
2024-12-24,Querétaro,2,31,33
2024-12-24,Quintana Roo,1,20,21
2024-12-24,Sinaloa,1,12,13
2024-12-24,Tabasco,1,17,18
2024-12-24,Tlaxcala,1,5,6
2024-12-24,Veracruz de Ignacio de la Llave,2,28,30
2024-12-24,Zacatecas,1,4,5
2024-12-25,Aguascalientes,1,12,13
2024-12-25,Baja California,1,24,25
2024-12-25,Baja California Sur,2,11,13
2024-12-25,Campeche,1,5,6
2024-12-25,Chihuahua,1,74,75
2024-12-25,Coahuila de Zaragoza,2,16,18
2024-12-25,Durango,3,23,26
2024-12-25,Guanajuato,1,53,54
2024-12-25,Guerrero,1,16,17
2024-12-25,Hidalgo,4,7,11
2024-12-25,Jalisco,2,48,50
2024-12-25,Michoacán de Ocampo,1,50,51
2024-12-25,Morelos,2,14,16
2024-12-25,México,2,29,31
2024-12-25,Nayarit,4,9,13
2024-12-25,Nuevo León,1,97,98
2024-12-25,Oaxaca,1,7,8
2024-12-25,Querétaro,2,27,29
2024-12-25,San Luis Potosí,2,16,18
2024-12-25,Sinaloa,3,13,16
2024-12-25,Sonora,1,60,61
2024-12-25,Tamaulipas,2,40,42
2024-12-25,Tlaxcala,1,5,6
2024-12-25,Veracruz de Ignacio de la Llave,1,15,16
2024-12-25,Yucatán,3,30,33
2024-12-25,Zacatecas,3,7,10
2024-12-26,Aguascalientes,1,9,10
2024-12-26,Baja California,3,25,28
2024-12-26,Baja California Sur,1,9,10
2024-12-26,Chiapas,1,7,8
2024-12-26,Chihuahua,2,79,81
2024-12-26,Coahuila de Zaragoza,1,16,17
2024-12-26,Colima,1,13,14
2024-12-26,Durango,2,30,32
2024-12-26,Guanajuato,1,45,46
2024-12-26,Guerrero,2,20,22
2024-12-26,Jalisco,2,44,46
2024-12-26,Michoacán de Ocampo,1,43,44
2024-12-26,Morelos,1,21,22
2024-12-26,México,1,30,31
2024-12-26,Nayarit,1,8,9
2024-12-26,Nuevo León,1,152,153
2024-12-26,Oaxaca,2,8,10
2024-12-26,Puebla,2,27,29
2024-12-26,Querétaro,1,19,20
2024-12-26,Quintana Roo,4,22,26
2024-12-26,San Luis Potosí,1,15,16
2024-12-26,Sinaloa,1,14,15
2024-12-26,Sonora,4,57,61
2024-12-26,Tabasco,1,6,7
2024-12-26,Tlaxcala,1,3,4
2024-12-26,Yucatán,2,17,19
2024-12-26,Zacatecas,1,6,7
2024-12-27,Aguascalientes,3,10,13
2024-12-27,Baja California Sur,2,7,9
2024-12-27,Chiapas,4,9,13
2024-12-27,Coahuila de Zaragoza,4,16,20
2024-12-27,Guerrero,2,22,24
2024-12-27,Hidalgo,2,10,12
2024-12-27,Jalisco,1,43,44
2024-12-27,Morelos,1,27,28
2024-12-27,Oaxaca,3,8,11
2024-12-27,Querétaro,2,18,20
2024-12-27,Quintana Roo,2,11,13
2024-12-27,San Luis Potosí,1,20,21
2024-12-27,Sinaloa,4,11,15
2024-12-27,Sonora,2,53,55
2024-12-27,Tabasco,2,6,8
2024-12-27,Tamaulipas,4,28,32
2024-12-27,Tlaxcala,3,3,6
2024-12-27,Veracruz de Ignacio de la Llave,2,18,20
2024-12-27,Yucatán,2,18,20
2024-12-27,Zacatecas,3,5,8
2024-12-28,Aguascalientes,1,17,18
2024-12-28,Baja California,3,35,38
2024-12-28,Campeche,2,11,13
2024-12-28,Chiapas,2,117,119
2024-12-28,Chihuahua,1,55,56
2024-12-28,Coahuila de Zaragoza,1,36,37
2024-12-28,Durango,1,30,31
2024-12-28,Guanajuato,2,53,55
2024-12-28,Guerrero,1,65,66
2024-12-28,Jalisco,1,115,116
2024-12-28,Michoacán de Ocampo,2,71,73
2024-12-28,Morelos,3,22,25
2024-12-28,México,3,50,53
2024-12-28,Oaxaca,1,526,527
2024-12-28,Puebla,2,183,185
2024-12-28,Querétaro,1,12,13
2024-12-28,Quintana Roo,1,16,17
2024-12-28,San Luis Potosí,1,56,57
2024-12-28,Sinaloa,3,12,15
2024-12-28,Tamaulipas,1,48,49
2024-12-28,Veracruz de Ignacio de la Llave,2,163,165
2024-12-28,Yucatán,3,32,35
2024-12-28,Zacatecas,1,22,23
2024-12-29,Baja California,2,25,27
2024-12-29,Baja California Sur,1,12,13
2024-12-29,Campeche,2,11,13
2024-12-29,Chiapas,2,9,11
2024-12-29,Coahuila de Zaragoza,3,21,24
2024-12-29,Durango,1,24,25
2024-12-29,Guanajuato,2,44,46
2024-12-29,Jalisco,2,65,67
2024-12-29,Michoacán de Ocampo,4,45,49
2024-12-29,México,2,39,41
2024-12-29,Nayarit,1,14,15
2024-12-29,Nuevo León,2,109,111
2024-12-29,Oaxaca,1,5,6
2024-12-29,Querétaro,1,24,25
2024-12-29,Quintana Roo,2,21,23
2024-12-29,San Luis Potosí,3,14,17
2024-12-29,Sinaloa,3,11,14
2024-12-29,Tabasco,1,5,6
2024-12-29,Tlaxcala,2,5,7
2024-12-29,Yucatán,2,18,20
2024-12-29,Zacatecas,1,2,3
2024-12-30,Aguascalientes,4,6,10
2024-12-30,Baja California,2,25,27
2024-12-30,Campeche,1,8,9
2024-12-30,Chiapas,2,6,8
2024-12-30,Chihuahua,2,69,71
2024-12-30,Coahuila de Zaragoza,3,27,30
2024-12-30,Colima,1,14,15
2024-12-30,Guanajuato,2,38,40
2024-12-30,Guerrero,1,24,25
2024-12-30,Hidalgo,3,13,16
2024-12-30,Jalisco,2,36,38
2024-12-30,Morelos,1,20,21
2024-12-30,México,2,39,41
2024-12-30,Nuevo León,1,157,158
2024-12-30,Oaxaca,1,8,9
2024-12-30,Puebla,1,36,37
2024-12-30,Querétaro,1,27,28
2024-12-30,Quintana Roo,1,11,12
2024-12-30,San Luis Potosí,5,16,21
2024-12-30,Sinaloa,1,17,18
2024-12-30,Tabasco,2,7,9
2024-12-30,Tlaxcala,2,7,9
2024-12-30,Veracruz de Ignacio de la Llave,5,30,35
2024-12-30,Yucatán,1,22,23
2024-12-30,Zacatecas,4,8,12
2024-12-31,Aguascalientes,1,3,4
2024-12-31,Baja California,1,23,24
2024-12-31,Baja California Sur,3,17,20
2024-12-31,Campeche,1,9,10
2024-12-31,Chiapas,2,8,10
2024-12-31,Coahuila de Zaragoza,1,19,20
2024-12-31,Guanajuato,1,58,59
2024-12-31,Hidalgo,2,20,22
2024-12-31,Jalisco,2,40,42
2024-12-31,Michoacán de Ocampo,1,31,32
2024-12-31,Morelos,1,17,18
2024-12-31,México,3,36,39
2024-12-31,Nayarit,2,5,7
2024-12-31,Nuevo León,2,122,124
2024-12-31,Puebla,1,23,24
2024-12-31,Querétaro,1,20,21
2024-12-31,Quintana Roo,4,24,28
2024-12-31,San Luis Potosí,2,10,12
2024-12-31,Sinaloa,2,19,21
2024-12-31,Sonora,3,54,57
2024-12-31,Tabasco,2,4,6
2024-12-31,Tamaulipas,2,32,34
2024-12-31,Tlaxcala,2,3,5
2024-12-31,Veracruz de Ignacio de la Llave,1,33,34
2024-12-31,Yucatán,2,13,15
2024-12-31,Zacatecas,3,6,9
